ISO-10303-21;
HEADER;
FILE_DESCRIPTION(('FreeCAD Model'),'2;1');
FILE_NAME('Open CASCADE Shape Model','2025-08-03T19:40:31',(''),(''),
  'Open CASCADE STEP processor 7.8','FreeCAD','Unknown');
FILE_SCHEMA(('AUTOMOTIVE_DESIGN { 1 0 10303 214 1 1 1 1 }'));
ENDSEC;
DATA;
#1 = APPLICATION_PROTOCOL_DEFINITION('international standard',
  'automotive_design',2000,#2);
#2 = APPLICATION_CONTEXT(
  'core data for automotive mechanical design processes');
#3 = SHAPE_DEFINITION_REPRESENTATION(#4,#10);
#4 = PRODUCT_DEFINITION_SHAPE('','',#5);
#5 = PRODUCT_DEFINITION('design','',#6,#9);
#6 = PRODUCT_DEFINITION_FORMATION('','',#7);
#7 = PRODUCT('Lamp','Lamp','',(#8));
#8 = PRODUCT_CONTEXT('',#2,'mechanical');
#9 = PRODUCT_DEFINITION_CONTEXT('part definition',#2,'design');
#10 = SHAPE_REPRESENTATION('',(#11,#15,#19,#23,#27,#31,#35,#39),#43);
#11 = AXIS2_PLACEMENT_3D('',#12,#13,#14);
#12 = CARTESIAN_POINT('',(0.,0.,0.));
#13 = DIRECTION('',(0.,0.,1.));
#14 = DIRECTION('',(1.,0.,-0.));
#15 = AXIS2_PLACEMENT_3D('',#16,#17,#18);
#16 = CARTESIAN_POINT('',(0.,0.,0.));
#17 = DIRECTION('',(0.,0.,1.));
#18 = DIRECTION('',(1.,0.,0.));
#19 = AXIS2_PLACEMENT_3D('',#20,#21,#22);
#20 = CARTESIAN_POINT('',(-20.25,-40.5,-60.));
#21 = DIRECTION('',(0.,-1.,2.22044604925E-16));
#22 = DIRECTION('',(1.,0.,0.));
#23 = AXIS2_PLACEMENT_3D('',#24,#25,#26);
#24 = CARTESIAN_POINT('',(0.,0.,0.));
#25 = DIRECTION('',(-1.745240643728E-02,-1.734459269189E-18,
    0.999847695156));
#26 = DIRECTION('',(0.,1.,1.734723475977E-18));
#27 = AXIS2_PLACEMENT_3D('',#28,#29,#30);
#28 = CARTESIAN_POINT('',(0.,0.,0.));
#29 = DIRECTION('',(-0.,0.,1.));
#30 = DIRECTION('',(2.22044604925E-16,-1.,0.));
#31 = AXIS2_PLACEMENT_3D('',#32,#33,#34);
#32 = CARTESIAN_POINT('',(0.,0.,0.));
#33 = DIRECTION('',(0.,0.,1.));
#34 = DIRECTION('',(1.,0.,0.));
#35 = AXIS2_PLACEMENT_3D('',#36,#37,#38);
#36 = CARTESIAN_POINT('',(0.,0.,0.));
#37 = DIRECTION('',(0.,0.,1.));
#38 = DIRECTION('',(1.,0.,0.));
#39 = AXIS2_PLACEMENT_3D('',#40,#41,#42);
#40 = CARTESIAN_POINT('',(0.,0.,0.));
#41 = DIRECTION('',(0.,0.,1.));
#42 = DIRECTION('',(1.,0.,0.));
#43 = ( GEOMETRIC_REPRESENTATION_CONTEXT(3) 
GLOBAL_UNCERTAINTY_ASSIGNED_CONTEXT((#47)) GLOBAL_UNIT_ASSIGNED_CONTEXT(
(#44,#45,#46)) REPRESENTATION_CONTEXT('Context #1',
  '3D Context with UNIT and UNCERTAINTY') );
#44 = ( LENGTH_UNIT() NAMED_UNIT(*) SI_UNIT(.MILLI.,.METRE.) );
#45 = ( NAMED_UNIT(*) PLANE_ANGLE_UNIT() SI_UNIT($,.RADIAN.) );
#46 = ( NAMED_UNIT(*) SI_UNIT($,.STERADIAN.) SOLID_ANGLE_UNIT() );
#47 = UNCERTAINTY_MEASURE_WITH_UNIT(LENGTH_MEASURE(2.E-05),#44,
  'distance_accuracy_value','confusion accuracy');
#48 = PRODUCT_RELATED_PRODUCT_CATEGORY('part',$,(#7));
#49 = SHAPE_DEFINITION_REPRESENTATION(#50,#56);
#50 = PRODUCT_DEFINITION_SHAPE('','',#51);
#51 = PRODUCT_DEFINITION('design','',#52,#55);
#52 = PRODUCT_DEFINITION_FORMATION('','',#53);
#53 = PRODUCT('Body001','Body001','',(#54));
#54 = PRODUCT_CONTEXT('',#2,'mechanical');
#55 = PRODUCT_DEFINITION_CONTEXT('part definition',#2,'design');
#56 = ADVANCED_BREP_SHAPE_REPRESENTATION('',(#11,#57),#5091);
#57 = MANIFOLD_SOLID_BREP('',#58);
#58 = CLOSED_SHELL('',(#59,#116,#190,#230,#271,#388,#413,#505,#577,#663,
    #679,#721,#755,#953,#1062,#1141,#1234,#1245,#1311,#1377,#1553,#1662,
    #1787,#1821,#1846,#1929,#1996,#2041,#2085,#2127,#2170,#2381,#2480,
    #2589,#2643,#2725,#2806,#2840,#3071,#3120,#3193,#3259,#3278,#3323,
    #3361,#3405,#3445,#3483,#3566,#3589,#3626,#3679,#3697,#4033,#4132,
    #4281,#4352,#4449,#4492,#4514,#4620,#4636,#4648,#4730,#4778,#4797,
    #4820,#4839,#4856,#4873,#4890,#4902,#4916,#4937,#5030,#5079));
#59 = ADVANCED_FACE('',(#60),#111,.T.);
#60 = FACE_BOUND('',#61,.T.);
#61 = EDGE_LOOP('',(#62,#98,#106));
#62 = ORIENTED_EDGE('',*,*,#63,.T.);
#63 = EDGE_CURVE('',#64,#66,#68,.T.);
#64 = VERTEX_POINT('',#65);
#65 = CARTESIAN_POINT('',(12.948491006375,38.685572113724,
    -64.98509964677));
#66 = VERTEX_POINT('',#67);
#67 = CARTESIAN_POINT('',(14.762918892651,35.640839010852,-60.));
#68 = B_SPLINE_CURVE_WITH_KNOTS('',4,(#69,#70,#71,#72,#73,#74,#75,#76,
    #77,#78,#79,#80,#81,#82,#83,#84,#85,#86,#87,#88,#89,#90,#91,#92,#93,
    #94,#95,#96,#97),.UNSPECIFIED.,.F.,.F.,(5,3,3,3,3,3,3,3,3,5),(0.,
    0.130561734936,0.228475143632,0.331076611351,0.439352496341,
    0.552248428578,0.662863959592,0.770041183958,0.875104161372,1.),
  .UNSPECIFIED.);
#69 = CARTESIAN_POINT('',(12.948491006375,38.685572113724,
    -64.98509964677));
#70 = CARTESIAN_POINT('',(12.996706937171,38.604662510378,
    -64.85262746565));
#71 = CARTESIAN_POINT('',(13.046077307941,38.521815678425,
    -64.71698348677));
#72 = CARTESIAN_POINT('',(13.096586730965,38.437057439505,
    -64.57820998754));
#73 = CARTESIAN_POINT('',(13.186913159833,38.285483563178,
    -64.33004016384));
#74 = CARTESIAN_POINT('',(13.226245601982,38.219481056529,
    -64.22197516719));
#75 = CARTESIAN_POINT('',(13.266187625007,38.152455631811,
    -64.11223536084));
#76 = CARTESIAN_POINT('',(13.349196339755,38.013161376286,
    -63.88417079145));
#77 = CARTESIAN_POINT('',(13.392321137147,37.940795040227,-63.7656863844
    ));
#78 = CARTESIAN_POINT('',(13.436075685263,37.867371939724,
    -63.64547175145));
#79 = CARTESIAN_POINT('',(13.527249275986,37.714376468323,
    -63.39497436969));
#80 = CARTESIAN_POINT('',(13.574737246829,37.63468843117,-63.2645022421)
  );
#81 = CARTESIAN_POINT('',(13.622871268933,37.553916276165,
    -63.13225510326));
#82 = CARTESIAN_POINT('',(13.722448958109,37.386818157339,
    -62.85866765077));
#83 = CARTESIAN_POINT('',(13.773946322604,37.300402085599,
    -62.71717980466));
#84 = CARTESIAN_POINT('',(13.826076731421,37.212923722535,
    -62.57395268357));
#85 = CARTESIAN_POINT('',(13.930465805963,37.03775177261,-62.28714605843
    ));
#86 = CARTESIAN_POINT('',(13.982700705025,36.950098067824,
    -62.14363185275));
#87 = CARTESIAN_POINT('',(14.035474301177,36.861540392769,
    -61.99863758897));
#88 = CARTESIAN_POINT('',(14.140376322678,36.685507683045,
    -61.71042165365));
#89 = CARTESIAN_POINT('',(14.19247387162,36.598084461079,-61.56728481432
    ));
#90 = CARTESIAN_POINT('',(14.245015820499,36.509915505866,-61.4229269962
    ));
#91 = CARTESIAN_POINT('',(14.349887372892,36.333933925371,
    -61.13479477406));
#92 = CARTESIAN_POINT('',(14.402200750205,36.246148528755,
    -60.99106495115));
#93 = CARTESIAN_POINT('',(14.454887512961,36.157736566032,
    -60.84630926018));
#94 = CARTESIAN_POINT('',(14.570971178436,35.962940299038,
    -60.52737201052));
#95 = CARTESIAN_POINT('',(14.634512504106,35.856313643259,
    -60.35279365304));
#96 = CARTESIAN_POINT('',(14.698506592503,35.748927220902,
    -60.17697134019));
#97 = CARTESIAN_POINT('',(14.762918892651,35.640839010852,-60.));
#98 = ORIENTED_EDGE('',*,*,#99,.T.);
#99 = EDGE_CURVE('',#66,#100,#102,.T.);
#100 = VERTEX_POINT('',#101);
#101 = CARTESIAN_POINT('',(14.762918892651,40.5,-60.));
#102 = LINE('',#103,#104);
#103 = CARTESIAN_POINT('',(14.762918892651,35.640839010852,-60.));
#104 = VECTOR('',#105,1.);
#105 = DIRECTION('',(0.,1.,0.));
#106 = ORIENTED_EDGE('',*,*,#107,.T.);
#107 = EDGE_CURVE('',#100,#64,#108,.T.);
#108 = B_SPLINE_CURVE_WITH_KNOTS('',1,(#109,#110),.UNSPECIFIED.,.F.,.F.,
  (2,2),(0.,1.),.PIECEWISE_BEZIER_KNOTS.);
#109 = CARTESIAN_POINT('',(14.762918892651,40.5,-60.));
#110 = CARTESIAN_POINT('',(10.395276081457,36.132357188806,-72.));
#111 = B_SPLINE_SURFACE_WITH_KNOTS('',1,1,(
    (#112,#113)
    ,(#114,#115
    )),.UNSPECIFIED.,.F.,.F.,.F.,(2,2),(2,2),(0.,4.859160989148),(0.,1.)
  ,.PIECEWISE_BEZIER_KNOTS.);
#112 = CARTESIAN_POINT('',(14.762918892651,35.640839010852,-60.));
#113 = CARTESIAN_POINT('',(10.395276081457,35.640839010852,-72.));
#114 = CARTESIAN_POINT('',(14.762918892651,40.5,-60.));
#115 = CARTESIAN_POINT('',(10.395276081457,36.132357188806,-72.));
#116 = ADVANCED_FACE('',(#117),#185,.F.);
#117 = FACE_BOUND('',#118,.F.);
#118 = EDGE_LOOP('',(#119,#120,#162,#169,#177));
#119 = ORIENTED_EDGE('',*,*,#63,.T.);
#120 = ORIENTED_EDGE('',*,*,#121,.T.);
#121 = EDGE_CURVE('',#66,#122,#124,.T.);
#122 = VERTEX_POINT('',#123);
#123 = CARTESIAN_POINT('',(7.88165114046,19.027989077194,-122.));
#124 = B_SPLINE_CURVE_WITH_KNOTS('',6,(#125,#126,#127,#128,#129,#130,
    #131,#132,#133,#134,#135,#136,#137,#138,#139,#140,#141,#142,#143,
    #144,#145,#146,#147,#148,#149,#150,#151,#152,#153,#154,#155,#156,
    #157,#158,#159,#160,#161),.UNSPECIFIED.,.F.,.F.,(7,5,5,5,5,5,5,7),(
    0.,0.133398979937,0.266578639652,0.399777145593,0.53273626539,
    0.718383866094,0.903836221459,1.),.UNSPECIFIED.);
#125 = CARTESIAN_POINT('',(21.422210264564,51.717790556719,0.));
#126 = CARTESIAN_POINT('',(21.106156757308,50.954769893065,
    -2.847631883983));
#127 = CARTESIAN_POINT('',(20.790107061517,50.191758431102,
    -5.695229426787));
#128 = CARTESIAN_POINT('',(20.474061534477,49.428757033396,
    -8.54278940927));
#129 = CARTESIAN_POINT('',(20.158020602239,48.665766728522,
    -11.39030799274));
#130 = CARTESIAN_POINT('',(19.841984765609,47.902788725534,
    -14.23778066495));
#131 = CARTESIAN_POINT('',(19.210444029408,46.378114515006,
    -19.92794228363));
#132 = CARTESIAN_POINT('',(18.894939124249,45.616418293976,
    -22.77063128044));
#133 = CARTESIAN_POINT('',(18.579440462561,44.854737146019,
    -25.61326402379));
#134 = CARTESIAN_POINT('',(18.263948737843,44.093072745387,
    -28.45583426526));
#135 = CARTESIAN_POINT('',(17.948464776766,43.331427087844,
    -31.29833455658));
#136 = CARTESIAN_POINT('',(17.317469681892,41.80807017201,
    -36.98357996453));
#137 = CARTESIAN_POINT('',(17.001958576996,41.046358983489,
    -39.82632482079));
#138 = CARTESIAN_POINT('',(16.686457192906,40.284671263071,
    -42.66898209289));
#139 = CARTESIAN_POINT('',(16.37096671433,39.523009870895,
    -45.51154110665));
#140 = CARTESIAN_POINT('',(16.055488577752,38.761378274936,
    -48.35398891942));
#141 = CARTESIAN_POINT('',(15.425127369225,37.239551696115,
    -54.03352303189));
#142 = CARTESIAN_POINT('',(15.110244303655,36.479356728654,
    -56.87060927411));
#143 = CARTESIAN_POINT('',(14.79537696681,35.719199733695,
    -59.70755380103));
#144 = CARTESIAN_POINT('',(14.480527477011,34.959085825315,
    -62.54433752664));
#145 = CARTESIAN_POINT('',(14.165698455221,34.199021331082,
    -65.38093683615));
#146 = CARTESIAN_POINT('',(13.411337948542,32.377833964938,
    -72.1777006167));
#147 = CARTESIAN_POINT('',(12.971829617039,31.316766990247,
    -76.13765647648));
#148 = CARTESIAN_POINT('',(12.532375774975,30.255831564701,
    -80.09712138817));
#149 = CARTESIAN_POINT('',(12.092988446176,29.195056716379,
    -84.0559870175));
#150 = CARTESIAN_POINT('',(11.653684386945,28.134482898577,
    -88.01410239071));
#151 = CARTESIAN_POINT('',(10.775750118542,26.014962080928,
    -95.92426176988));
#152 = CARTESIAN_POINT('',(10.33712295552,24.956022435134,
    -99.87627833013));
#153 = CARTESIAN_POINT('',(9.89862389306,23.897392051457,-103.8271407084
    ));
#154 = CARTESIAN_POINT('',(9.460287257207,22.839153800294,
    -107.7765396283));
#155 = CARTESIAN_POINT('',(9.022163974185,21.781430628432,-111.724016246
    ));
#156 = CARTESIAN_POINT('',(8.357292533275,20.176288978552,
    -117.7144864367));
#157 = CARTESIAN_POINT('',(8.13033613808,19.628367771205,-119.759356221)
  );
#158 = CARTESIAN_POINT('',(7.903468169704,19.080660045084,
    -121.8034292826));
#159 = CARTESIAN_POINT('',(7.676702440902,18.533199147128,-123.846581169
    ));
#160 = CARTESIAN_POINT('',(7.450056584597,17.986027646981,-125.888653008
    ));
#161 = CARTESIAN_POINT('',(7.223552483277,17.439198373642,
    -127.9294476391));
#162 = ORIENTED_EDGE('',*,*,#163,.T.);
#163 = EDGE_CURVE('',#122,#164,#166,.T.);
#164 = VERTEX_POINT('',#165);
#165 = CARTESIAN_POINT('',(6.64087176586,23.490579315362,-121.7661255556
    ));
#166 = B_SPLINE_CURVE_WITH_KNOTS('',1,(#167,#168),.UNSPECIFIED.,.F.,.F.,
  (2,2),(0.,1.),.PIECEWISE_BEZIER_KNOTS.);
#167 = CARTESIAN_POINT('',(7.881651141705,19.027989080198,
    -121.9999999997));
#168 = CARTESIAN_POINT('',(6.64087176586,23.490579315362,-121.7661255556
    ));
#169 = ORIENTED_EDGE('',*,*,#170,.F.);
#170 = EDGE_CURVE('',#171,#164,#173,.T.);
#171 = VERTEX_POINT('',#172);
#172 = CARTESIAN_POINT('',(12.965362023498,38.759249470448,
    -64.78267277284));
#173 = LINE('',#174,#175);
#174 = CARTESIAN_POINT('',(13.389877961066,39.784121604368,
    -60.95779789779));
#175 = VECTOR('',#176,1.);
#176 = DIRECTION('',(-0.106595546569,-0.257344414215,-0.960422428895));
#177 = ORIENTED_EDGE('',*,*,#178,.T.);
#178 = EDGE_CURVE('',#171,#64,#179,.T.);
#179 = B_SPLINE_CURVE_WITH_KNOTS('',4,(#180,#181,#182,#183,#184),
  .UNSPECIFIED.,.F.,.F.,(5,5),(0.,1.),.PIECEWISE_BEZIER_KNOTS.);
#180 = CARTESIAN_POINT('',(12.965362023498,38.759249470448,
    -64.78267277284));
#181 = CARTESIAN_POINT('',(12.961143754054,38.740827881499,
    -64.83328567251));
#182 = CARTESIAN_POINT('',(12.956925821999,38.72240776596,
    -64.88389452402));
#183 = CARTESIAN_POINT('',(12.952708236711,38.703989164788,
    -64.93449921484));
#184 = CARTESIAN_POINT('',(12.948491006375,38.685572113724,
    -64.98509964677));
#185 = B_SPLINE_SURFACE_WITH_KNOTS('',1,1,(
    (#186,#187)
    ,(#188,#189
    )),.UNSPECIFIED.,.F.,.F.,.F.,(2,2),(2,2),(0.,64.554927222045),(0.,1.
    ),.PIECEWISE_BEZIER_KNOTS.);
#186 = CARTESIAN_POINT('',(14.762918892651,35.640839010852,-60.));
#187 = CARTESIAN_POINT('',(13.22605512808,39.388618299146,
    -62.43383632744));
#188 = CARTESIAN_POINT('',(7.881651141705,19.027989080198,
    -121.9999999997));
#189 = CARTESIAN_POINT('',(6.64087176586,23.490579315362,-121.7661255556
    ));
#190 = ADVANCED_FACE('',(#191),#225,.T.);
#191 = FACE_BOUND('',#192,.T.);
#192 = EDGE_LOOP('',(#193,#201,#208,#218,#223,#224));
#193 = ORIENTED_EDGE('',*,*,#194,.F.);
#194 = EDGE_CURVE('',#195,#100,#197,.T.);
#195 = VERTEX_POINT('',#196);
#196 = CARTESIAN_POINT('',(-14.76291889265,40.5,-60.));
#197 = LINE('',#198,#199);
#198 = CARTESIAN_POINT('',(-20.25,40.5,-60.));
#199 = VECTOR('',#200,1.);
#200 = DIRECTION('',(1.,0.,0.));
#201 = ORIENTED_EDGE('',*,*,#202,.T.);
#202 = EDGE_CURVE('',#195,#203,#205,.T.);
#203 = VERTEX_POINT('',#204);
#204 = CARTESIAN_POINT('',(-12.94849100637,38.685572113724,
    -64.98509964677));
#205 = B_SPLINE_CURVE_WITH_KNOTS('',1,(#206,#207),.UNSPECIFIED.,.F.,.F.,
  (2,2),(0.,1.),.PIECEWISE_BEZIER_KNOTS.);
#206 = CARTESIAN_POINT('',(-14.76291889265,40.5,-60.));
#207 = CARTESIAN_POINT('',(-10.39527608145,36.132357188806,-72.));
#208 = ORIENTED_EDGE('',*,*,#209,.T.);
#209 = EDGE_CURVE('',#203,#210,#212,.T.);
#210 = VERTEX_POINT('',#211);
#211 = CARTESIAN_POINT('',(-12.96536202349,38.759249470448,
    -64.78267277284));
#212 = B_SPLINE_CURVE_WITH_KNOTS('',4,(#213,#214,#215,#216,#217),
  .UNSPECIFIED.,.F.,.F.,(5,5),(0.,1.),.PIECEWISE_BEZIER_KNOTS.);
#213 = CARTESIAN_POINT('',(-12.94849100637,38.685572113724,
    -64.98509964677));
#214 = CARTESIAN_POINT('',(-12.95270823653,38.703989164006,
    -64.93449921699));
#215 = CARTESIAN_POINT('',(-12.95692582204,38.722407766137,
    -64.88389452353));
#216 = CARTESIAN_POINT('',(-12.96114375399,38.740827881248,
    -64.8332856732));
#217 = CARTESIAN_POINT('',(-12.96536202349,38.759249470448,
    -64.78267277284));
#218 = ORIENTED_EDGE('',*,*,#219,.T.);
#219 = EDGE_CURVE('',#210,#171,#220,.T.);
#220 = B_SPLINE_CURVE_WITH_KNOTS('',1,(#221,#222),.UNSPECIFIED.,.F.,.F.,
  (2,2),(0.,1.),.PIECEWISE_BEZIER_KNOTS.);
#221 = CARTESIAN_POINT('',(-13.02216836309,38.759249470448,
    -64.78267277284));
#222 = CARTESIAN_POINT('',(13.022168363099,38.759249470448,
    -64.78267277284));
#223 = ORIENTED_EDGE('',*,*,#178,.T.);
#224 = ORIENTED_EDGE('',*,*,#107,.F.);
#225 = B_SPLINE_SURFACE_WITH_KNOTS('',1,1,(
    (#226,#227)
    ,(#228,#229
    )),.UNSPECIFIED.,.F.,.F.,.F.,(2,2),(2,2),(0.,29.525837785302),(0.,1.
    ),.PIECEWISE_BEZIER_KNOTS.);
#226 = CARTESIAN_POINT('',(14.762918892651,40.5,-60.));
#227 = CARTESIAN_POINT('',(10.395276081457,36.132357188806,-72.));
#228 = CARTESIAN_POINT('',(-14.76291889265,40.5,-60.));
#229 = CARTESIAN_POINT('',(-10.39527608145,36.132357188806,-72.));
#230 = ADVANCED_FACE('',(#231),#266,.T.);
#231 = FACE_BOUND('',#232,.T.);
#232 = EDGE_LOOP('',(#233,#243,#251,#257,#258));
#233 = ORIENTED_EDGE('',*,*,#234,.T.);
#234 = EDGE_CURVE('',#235,#237,#239,.T.);
#235 = VERTEX_POINT('',#236);
#236 = CARTESIAN_POINT('',(30.153757903501,20.250000000001,-60.));
#237 = VERTEX_POINT('',#238);
#238 = CARTESIAN_POINT('',(40.5,20.25,-60.));
#239 = LINE('',#240,#241);
#240 = CARTESIAN_POINT('',(-175.4133390969,20.25,-60.));
#241 = VECTOR('',#242,1.);
#242 = DIRECTION('',(1.,0.,0.));
#243 = ORIENTED_EDGE('',*,*,#244,.F.);
#244 = EDGE_CURVE('',#245,#237,#247,.T.);
#245 = VERTEX_POINT('',#246);
#246 = CARTESIAN_POINT('',(20.25,40.5,-60.));
#247 = LINE('',#248,#249);
#248 = CARTESIAN_POINT('',(20.25,40.5,-60.));
#249 = VECTOR('',#250,1.);
#250 = DIRECTION('',(0.707106781187,-0.707106781187,0.));
#251 = ORIENTED_EDGE('',*,*,#252,.F.);
#252 = EDGE_CURVE('',#100,#245,#253,.T.);
#253 = LINE('',#254,#255);
#254 = CARTESIAN_POINT('',(-20.25,40.5,-60.));
#255 = VECTOR('',#256,1.);
#256 = DIRECTION('',(1.,0.,0.));
#257 = ORIENTED_EDGE('',*,*,#99,.F.);
#258 = ORIENTED_EDGE('',*,*,#259,.T.);
#259 = EDGE_CURVE('',#66,#235,#260,.T.);
#260 = B_SPLINE_CURVE_WITH_KNOTS('',4,(#261,#262,#263,#264,#265),
  .UNSPECIFIED.,.F.,.F.,(5,5),(0.,1.),.PIECEWISE_BEZIER_KNOTS.);
#261 = CARTESIAN_POINT('',(14.150808133918,36.252949769585,-60.));
#262 = CARTESIAN_POINT('',(19.676343542835,30.727414360668,-60.));
#263 = CARTESIAN_POINT('',(25.201878951752,25.201878951751,-60.));
#264 = CARTESIAN_POINT('',(30.727414360668,19.676343542835,-60.));
#265 = CARTESIAN_POINT('',(36.252949769585,14.150808133918,-60.));
#266 = PLANE('',#267);
#267 = AXIS2_PLACEMENT_3D('',#268,#269,#270);
#268 = CARTESIAN_POINT('',(-2.1E-16,8.2E-16,-60.));
#269 = DIRECTION('',(0.,0.,1.));
#270 = DIRECTION('',(1.,0.,0.));
#271 = ADVANCED_FACE('',(#272,#290),#383,.F.);
#272 = FACE_BOUND('',#273,.F.);
#273 = EDGE_LOOP('',(#274,#275,#283,#289));
#274 = ORIENTED_EDGE('',*,*,#170,.T.);
#275 = ORIENTED_EDGE('',*,*,#276,.T.);
#276 = EDGE_CURVE('',#164,#277,#279,.T.);
#277 = VERTEX_POINT('',#278);
#278 = CARTESIAN_POINT('',(-6.640871765863,23.490579315368,
    -121.7661255556));
#279 = LINE('',#280,#281);
#280 = CARTESIAN_POINT('',(7.881651141708,23.490579315361,
    -121.7661255556));
#281 = VECTOR('',#282,1.);
#282 = DIRECTION('',(-1.,4.8605E-13,1.81473E-12));
#283 = ORIENTED_EDGE('',*,*,#284,.T.);
#284 = EDGE_CURVE('',#277,#210,#285,.T.);
#285 = LINE('',#286,#287);
#286 = CARTESIAN_POINT('',(-6.508610210124,23.171271673722,
    -122.9577978974));
#287 = VECTOR('',#288,1.);
#288 = DIRECTION('',(-0.106595546569,0.257344414215,0.960422428895));
#289 = ORIENTED_EDGE('',*,*,#219,.T.);
#290 = FACE_BOUND('',#291,.F.);
#291 = EDGE_LOOP('',(#292,#303,#312,#339,#358));
#292 = ORIENTED_EDGE('',*,*,#293,.T.);
#293 = EDGE_CURVE('',#294,#296,#298,.T.);
#294 = VERTEX_POINT('',#295);
#295 = CARTESIAN_POINT('',(2.532868771752,29.460839550309,
    -99.48481102441));
#296 = VERTEX_POINT('',#297);
#297 = CARTESIAN_POINT('',(4.266,30.349284010582,-96.16909115896));
#298 = CIRCLE('',#299,4.266);
#299 = AXIS2_PLACEMENT_3D('',#300,#301,#302);
#300 = CARTESIAN_POINT('',(-7.E-15,30.349284010582,-96.16909115896));
#301 = DIRECTION('',(0.,-0.965925826289,0.258819045103));
#302 = DIRECTION('',(1.,0.,0.));
#303 = ORIENTED_EDGE('',*,*,#304,.T.);
#304 = EDGE_CURVE('',#296,#305,#307,.T.);
#305 = VERTEX_POINT('',#306);
#306 = CARTESIAN_POINT('',(2.532934963899,31.237715829603,
    -92.85341847132));
#307 = CIRCLE('',#308,4.266);
#308 = AXIS2_PLACEMENT_3D('',#309,#310,#311);
#309 = CARTESIAN_POINT('',(-7.E-15,30.349284010582,-96.16909115896));
#310 = DIRECTION('',(0.,-0.965925826289,0.258819045103));
#311 = DIRECTION('',(1.,0.,0.));
#312 = ORIENTED_EDGE('',*,*,#313,.T.);
#313 = EDGE_CURVE('',#305,#314,#316,.T.);
#314 = VERTEX_POINT('',#315);
#315 = CARTESIAN_POINT('',(-4.634180709824,30.846097392441,
    -94.31495837598));
#316 = B_SPLINE_CURVE_WITH_KNOTS('',6,(#317,#318,#319,#320,#321,#322,
    #323,#324,#325,#326,#327,#328,#329,#330,#331,#332,#333,#334,#335,
    #336,#337,#338),.UNSPECIFIED.,.F.,.F.,(7,5,5,5,7),(0.,0.209689839744
    ,0.442510198528,0.704405701039,1.),.UNSPECIFIED.);
#317 = CARTESIAN_POINT('',(2.972776238114,31.118680818539,
    -93.29766318048));
#318 = CARTESIAN_POINT('',(2.772366997416,31.18186792387,-93.06184569301
    ));
#319 = CARTESIAN_POINT('',(2.54971275356,31.240397591603,-92.84340999928
    ));
#320 = CARTESIAN_POINT('',(2.307099136432,31.293650983206,
    -92.64466563614));
#321 = CARTESIAN_POINT('',(2.047066143543,31.341136100288,
    -92.46744876659));
#322 = CARTESIAN_POINT('',(1.772310425093,31.382460888421,
    -92.31322255766));
#323 = CARTESIAN_POINT('',(1.167493749491,31.456075208382,-92.0384901754
    ));
#324 = CARTESIAN_POINT('',(0.8346148051,31.486872543886,-91.92355295456)
  );
#325 = CARTESIAN_POINT('',(0.490991835857,31.509346853893,
    -91.83967768775));
#326 = CARTESIAN_POINT('',(0.140568036169,31.523303780611,
    -91.78758972812));
#327 = CARTESIAN_POINT('',(-0.212751327274,31.528691257268,
    -91.76748339152));
#328 = CARTESIAN_POINT('',(-0.961434169514,31.522166775066,
    -91.79183309059));
#329 = CARTESIAN_POINT('',(-1.356638892322,31.508009413264,
    -91.84466908413));
#330 = CARTESIAN_POINT('',(-1.745204158955,31.483297527925,
    -91.93689509577));
#331 = CARTESIAN_POINT('',(-2.122095535687,31.44843236899,
    -92.06701364033));
#332 = CARTESIAN_POINT('',(-2.482680859481,31.403982228271,
    -92.23290382389));
#333 = CARTESIAN_POINT('',(-3.206655639604,31.290600062033,
    -92.65605182897));
#334 = CARTESIAN_POINT('',(-3.564569635957,31.219232662838,
    -92.92239858877));
#335 = CARTESIAN_POINT('',(-3.890514952225,31.137707548578,
    -93.22665445728));
#336 = CARTESIAN_POINT('',(-4.179768732301,31.047348153766,
    -93.56388030966));
#337 = CARTESIAN_POINT('',(-4.428540021951,30.94960487226,
    -93.92866320233));
#338 = CARTESIAN_POINT('',(-4.634180762065,30.846097383369,
    -94.31495840984));
#339 = ORIENTED_EDGE('',*,*,#340,.T.);
#340 = EDGE_CURVE('',#314,#341,#343,.T.);
#341 = VERTEX_POINT('',#342);
#342 = CARTESIAN_POINT('',(-4.634180225514,29.852470401351,
    -98.0232247905));
#343 = B_SPLINE_CURVE_WITH_KNOTS('',4,(#344,#345,#346,#347,#348,#349,
    #350,#351,#352,#353,#354,#355,#356,#357),.UNSPECIFIED.,.F.,.F.,(5,3,
    3,3,5),(0.,0.259999892057,0.517999951803,0.760000042813,1.),
  .UNSPECIFIED.);
#344 = CARTESIAN_POINT('',(-4.634180709824,30.846097392441,
    -94.31495837598));
#345 = CARTESIAN_POINT('',(-4.73217373248,30.78486627845,-94.5434760044)
  );
#346 = CARTESIAN_POINT('',(-4.814064002246,30.721908354586,-94.778438175
    ));
#347 = CARTESIAN_POINT('',(-4.879167863706,30.657651126824,
    -95.01824941376));
#348 = CARTESIAN_POINT('',(-4.974763210493,30.527947728097,
    -95.50230908773));
#349 = CARTESIAN_POINT('',(-5.005517741358,30.462513598009,
    -95.74651258576));
#350 = CARTESIAN_POINT('',(-5.019086778447,30.396690722339,
    -95.99216690207));
#351 = CARTESIAN_POINT('',(-5.012125330456,30.269249579926,
    -96.46778372053));
#352 = CARTESIAN_POINT('',(-4.993657336112,30.207622980189,
    -96.69777732184));
#353 = CARTESIAN_POINT('',(-4.960111272924,30.146424110657,
    -96.9261746123));
#354 = CARTESIAN_POINT('',(-4.863846124081,30.02611133431,
    -97.37518800643));
#355 = CARTESIAN_POINT('',(-4.801369946512,29.966983746609,
    -97.59585516786));
#356 = CARTESIAN_POINT('',(-4.724635508842,29.908991431007,
    -97.81228543613));
#357 = CARTESIAN_POINT('',(-4.634180241062,29.852470404931,
    -98.02322477714));
#358 = ORIENTED_EDGE('',*,*,#359,.T.);
#359 = EDGE_CURVE('',#341,#294,#360,.T.);
#360 = B_SPLINE_CURVE_WITH_KNOTS('',6,(#361,#362,#363,#364,#365,#366,
    #367,#368,#369,#370,#371,#372,#373,#374,#375,#376,#377,#378,#379,
    #380,#381,#382),.UNSPECIFIED.,.F.,.F.,(7,5,5,5,7),(0.,0.295594330954
    ,0.557489830541,0.790310156934,1.),.UNSPECIFIED.);
#361 = CARTESIAN_POINT('',(-4.634180225514,29.852470401351,
    -98.0232247905));
#362 = CARTESIAN_POINT('',(-4.428540257661,29.748963593023,
    -98.40951745811));
#363 = CARTESIAN_POINT('',(-4.17977019438,29.651220950082,
    -98.77429796764));
#364 = CARTESIAN_POINT('',(-3.890518089411,29.560862125975,
    -99.11152169012));
#365 = CARTESIAN_POINT('',(-3.564574905882,29.479337474483,
    -99.41577583155));
#366 = CARTESIAN_POINT('',(-3.20666347351,29.407970384375,
    -99.68212143783));
#367 = CARTESIAN_POINT('',(-2.482694133227,29.294588460451,
    -100.1052685385));
#368 = CARTESIAN_POINT('',(-2.122111636956,29.250138291975,
    -100.2711588257));
#369 = CARTESIAN_POINT('',(-1.745223209889,29.215272933296,
    -100.4012781157));
#370 = CARTESIAN_POINT('',(-1.35666087995,29.190560674027,
    -100.4935055229));
#371 = CARTESIAN_POINT('',(-0.961458947734,29.17640279219,
    -100.5463434572));
#372 = CARTESIAN_POINT('',(-0.212780910301,29.169877136054,
    -100.5706975375));
#373 = CARTESIAN_POINT('',(0.140536387246,29.175263978063,
    -100.5505935694));
#374 = CARTESIAN_POINT('',(0.490958352313,29.1892202167,-100.4985081777)
  );
#375 = CARTESIAN_POINT('',(0.834579730088,29.211693814747,-100.414635568
    ));
#376 = CARTESIAN_POINT('',(1.167457349959,29.242490415871,
    -100.2997010879));
#377 = CARTESIAN_POINT('',(1.77227213266,29.316103263756,-100.0249741995
    ));
#378 = CARTESIAN_POINT('',(2.047027222087,29.357427323992,
    -99.87075070714));
#379 = CARTESIAN_POINT('',(2.30705989503,29.404911667222,-99.69353672565
    ));
#380 = CARTESIAN_POINT('',(2.549673638798,29.45816422046,-99.49479549133
    ));
#381 = CARTESIAN_POINT('',(2.772328662078,29.516692965065,
    -99.27636324276));
#382 = CARTESIAN_POINT('',(2.972739423935,29.579879094333,-99.040549398)
  );
#383 = PLANE('',#384);
#384 = AXIS2_PLACEMENT_3D('',#385,#386,#387);
#385 = CARTESIAN_POINT('',(6.64087176586,23.490579315362,-121.7661255556
    ));
#386 = DIRECTION('',(-1.4E-16,0.965925826289,-0.258819045103));
#387 = DIRECTION('',(-0.307736625839,0.246258965991,0.919050972899));
#388 = ADVANCED_FACE('',(#389),#408,.F.);
#389 = FACE_BOUND('',#390,.F.);
#390 = EDGE_LOOP('',(#391,#401,#406,#407));
#391 = ORIENTED_EDGE('',*,*,#392,.F.);
#392 = EDGE_CURVE('',#393,#122,#395,.T.);
#393 = VERTEX_POINT('',#394);
#394 = CARTESIAN_POINT('',(-7.881651140433,19.027989077125,-122.));
#395 = B_SPLINE_CURVE_WITH_KNOTS('',4,(#396,#397,#398,#399,#400),
  .UNSPECIFIED.,.F.,.F.,(5,5),(0.,1.),.PIECEWISE_BEZIER_KNOTS.);
#396 = CARTESIAN_POINT('',(-11.08244776163,19.027989080122,-122.));
#397 = CARTESIAN_POINT('',(-5.541223880818,19.027989080122,-122.));
#398 = CARTESIAN_POINT('',(-3.55E-15,19.027989080122,-122.));
#399 = CARTESIAN_POINT('',(5.541223880818,19.027989080122,-122.));
#400 = CARTESIAN_POINT('',(11.082447761637,19.027989080122,-122.));
#401 = ORIENTED_EDGE('',*,*,#402,.T.);
#402 = EDGE_CURVE('',#393,#277,#403,.T.);
#403 = B_SPLINE_CURVE_WITH_KNOTS('',1,(#404,#405),.UNSPECIFIED.,.F.,.F.,
  (2,2),(0.,1.),.PIECEWISE_BEZIER_KNOTS.);
#404 = CARTESIAN_POINT('',(-7.881651141708,19.027989080206,
    -121.9999999996));
#405 = CARTESIAN_POINT('',(-6.640871765863,23.490579315368,
    -121.7661255556));
#406 = ORIENTED_EDGE('',*,*,#276,.F.);
#407 = ORIENTED_EDGE('',*,*,#163,.F.);
#408 = B_SPLINE_SURFACE_WITH_KNOTS('',1,1,(
    (#409,#410)
    ,(#411,#412
    )),.UNSPECIFIED.,.F.,.F.,.F.,(2,2),(2,2),(0.,15.763302283414),(0.,1.
    ),.PIECEWISE_BEZIER_KNOTS.);
#409 = CARTESIAN_POINT('',(7.881651141705,19.027989080198,
    -121.9999999997));
#410 = CARTESIAN_POINT('',(6.64087176586,23.490579315362,-121.7661255556
    ));
#411 = CARTESIAN_POINT('',(-7.881651141708,19.027989080206,
    -121.9999999996));
#412 = CARTESIAN_POINT('',(-6.640871765863,23.490579315368,
    -121.7661255556));
#413 = ADVANCED_FACE('',(#414),#478,.T.);
#414 = FACE_BOUND('',#415,.T.);
#415 = EDGE_LOOP('',(#416,#417,#418,#428,#470));
#416 = ORIENTED_EDGE('',*,*,#259,.F.);
#417 = ORIENTED_EDGE('',*,*,#121,.T.);
#418 = ORIENTED_EDGE('',*,*,#419,.T.);
#419 = EDGE_CURVE('',#122,#420,#422,.T.);
#420 = VERTEX_POINT('',#421);
#421 = CARTESIAN_POINT('',(19.027989079334,7.881651141346,-122.));
#422 = B_SPLINE_CURVE_WITH_KNOTS('',4,(#423,#424,#425,#426,#427),
  .UNSPECIFIED.,.F.,.F.,(5,5),(0.,1.),.PIECEWISE_BEZIER_KNOTS.);
#423 = CARTESIAN_POINT('',(5.618346146499,21.291294075297,-122.));
#424 = CARTESIAN_POINT('',(9.536583128699,17.373057093098,-122.));
#425 = CARTESIAN_POINT('',(13.454820110898,13.454820110898,-122.));
#426 = CARTESIAN_POINT('',(17.373057093098,9.536583128699,-122.));
#427 = CARTESIAN_POINT('',(21.291294075297,5.618346146499,-122.));
#428 = ORIENTED_EDGE('',*,*,#429,.T.);
#429 = EDGE_CURVE('',#420,#430,#432,.T.);
#430 = VERTEX_POINT('',#431);
#431 = CARTESIAN_POINT('',(35.640839010852,14.762918892651,-60.));
#432 = B_SPLINE_CURVE_WITH_KNOTS('',6,(#433,#434,#435,#436,#437,#438,
    #439,#440,#441,#442,#443,#444,#445,#446,#447,#448,#449,#450,#451,
    #452,#453,#454,#455,#456,#457,#458,#459,#460,#461,#462,#463,#464,
    #465,#466,#467,#468,#469),.UNSPECIFIED.,.F.,.F.,(7,5,5,5,5,5,5,7),(
    0.,0.165558789092,0.331093115154,0.449422702508,0.567438735749,
    0.685697559547,0.803499380338,1.),.UNSPECIFIED.);
#433 = CARTESIAN_POINT('',(17.439198373642,7.223552483277,
    -127.9294476391));
#434 = CARTESIAN_POINT('',(18.380637836772,7.613509477059,
    -124.4159477305));
#435 = CARTESIAN_POINT('',(19.323084959935,8.003883857293,
    -120.8986871834));
#436 = CARTESIAN_POINT('',(20.26628325478,8.394569383025,-117.3786232254
    ));
#437 = CARTESIAN_POINT('',(21.210053057028,8.785491634874,
    -113.8564263728));
#438 = CARTESIAN_POINT('',(22.15427326991,9.176600452916,-110.3325485648
    ));
#439 = CARTESIAN_POINT('',(24.04334032868,9.959077648891,-103.2824543225
    ));
#440 = CARTESIAN_POINT('',(24.988175557114,10.350441214717,
    -99.75628124527));
#441 = CARTESIAN_POINT('',(25.933302517163,10.741925619733,
    -96.22901941078));
#442 = CARTESIAN_POINT('',(26.87866233094,11.133506475922,
    -92.70088855432));
#443 = CARTESIAN_POINT('',(27.824212775207,11.525166293845,
    -89.1720462552));
#444 = CARTESIAN_POINT('',(29.445955603086,12.196914167834,
    -83.11961962474));
#445 = CARTESIAN_POINT('',(30.122066694017,12.476968551369,
    -80.59633868183));
#446 = CARTESIAN_POINT('',(30.79824906888,12.757052461675,
    -78.07279170366));
#447 = CARTESIAN_POINT('',(31.47449358355,13.037162111132,
    -75.54901281657));
#448 = CARTESIAN_POINT('',(32.150792848873,13.317294439051,
    -73.02502959726));
#449 = CARTESIAN_POINT('',(33.50169703532,13.876857274544,
    -67.98338653728));
#450 = CARTESIAN_POINT('',(34.176301500406,14.15628759322,
    -65.46572839857));
#451 = CARTESIAN_POINT('',(34.850948551258,14.435735551498,
    -62.94791132762));
#452 = CARTESIAN_POINT('',(35.52563324178,14.715199100638,-60.4299537835
    ));
#453 = CARTESIAN_POINT('',(36.200351490543,14.994676550056,
    -57.91187099832));
#454 = CARTESIAN_POINT('',(37.551236646116,15.554231502703,
    -52.87029896253));
#455 = CARTESIAN_POINT('',(38.22740358634,15.834309019772,
    -50.34680958722));
#456 = CARTESIAN_POINT('',(38.903597449839,16.114397688827,
    -47.82321973287));
#457 = CARTESIAN_POINT('',(39.579815368608,16.394496321901,
    -45.29954010304));
#458 = CARTESIAN_POINT('',(40.256054936661,16.674603922401,
    -42.77577967698));
#459 = CARTESIAN_POINT('',(41.605960046542,17.233752926831,
    -37.7378652215));
#460 = CARTESIAN_POINT('',(42.279625391906,17.512794249381,
    -35.22371192531));
#461 = CARTESIAN_POINT('',(42.953308221342,17.791842814071,
    -32.70949337767));
#462 = CARTESIAN_POINT('',(43.627006824428,18.070897912422,
    -30.19521596196));
#463 = CARTESIAN_POINT('',(44.300719744862,18.349958941212,
    -27.68088511318));
#464 = CARTESIAN_POINT('',(46.098261832139,19.094525252698,
    -20.97236671472));
#465 = CARTESIAN_POINT('',(47.22211420947,19.560040149494,
    -16.77809254232));
#466 = CARTESIAN_POINT('',(48.345997292021,20.025567764808,
    -12.58370377647));
#467 = CARTESIAN_POINT('',(49.469906579605,20.491106234602,
    -8.389217212112));
#468 = CARTESIAN_POINT('',(50.593838553304,20.956654101293,
    -4.194645982015));
#469 = CARTESIAN_POINT('',(51.717790556719,21.422210264564,0.));
#470 = ORIENTED_EDGE('',*,*,#471,.F.);
#471 = EDGE_CURVE('',#235,#430,#472,.T.);
#472 = B_SPLINE_CURVE_WITH_KNOTS('',4,(#473,#474,#475,#476,#477),
  .UNSPECIFIED.,.F.,.F.,(5,5),(0.,1.),.PIECEWISE_BEZIER_KNOTS.);
#473 = CARTESIAN_POINT('',(14.150808133918,36.252949769585,-60.));
#474 = CARTESIAN_POINT('',(19.676343542835,30.727414360668,-60.));
#475 = CARTESIAN_POINT('',(25.201878951752,25.201878951751,-60.));
#476 = CARTESIAN_POINT('',(30.727414360668,19.676343542835,-60.));
#477 = CARTESIAN_POINT('',(36.252949769585,14.150808133918,-60.));
#478 = OFFSET_SURFACE('',#479,8.,.F.);
#479 = B_SPLINE_SURFACE_WITH_KNOTS('',2,2,(
    (#480,#481,#482,#483,#484)
    ,(#485,#486,#487,#488,#489)
    ,(#490,#491,#492,#493,#494)
    ,(#495,#496,#497,#498,#499)
    ,(#500,#501,#502,#503,#504
    )),.UNSPECIFIED.,.F.,.F.,.F.,(3,1,1,3),(3,1,1,3),(-12.42640687119,0.
    ,49.705627484771,62.132034355964),(-0.24920487593,0.,1.,
    1.24920487593),.UNSPECIFIED.);
#480 = CARTESIAN_POINT('',(77.495145318415,19.673133337769,32.5));
#481 = CARTESIAN_POINT('',(73.127122506001,17.863839048111,
    16.198316935449));
#482 = CARTESIAN_POINT('',(51.370099056381,8.851784858409,-65.));
#483 = CARTESIAN_POINT('',(29.613075606761,-0.160269331293,
    -146.1983169354));
#484 = CARTESIAN_POINT('',(25.245052794346,-1.96956362095,-162.5));
#485 = CARTESIAN_POINT('',(73.709676183263,23.419433182575,
    32.396633870898));
#486 = CARTESIAN_POINT('',(69.051537232732,21.93942432138,
    16.198316935449));
#487 = CARTESIAN_POINT('',(45.701392625623,14.520491289167,-65.));
#488 = CARTESIAN_POINT('',(22.351248018513,7.101558256955,
    -146.1983169354));
#489 = CARTESIAN_POINT('',(17.693109067982,5.621549395759,
    -162.3966338708));
#490 = CARTESIAN_POINT('',(48.619424269113,48.619424269113,
    32.686230985383));
#491 = CARTESIAN_POINT('',(45.495480777056,45.495480777056,
    16.198316935449));
#492 = CARTESIAN_POINT('',(30.110941957395,30.110941957395,-65.));
#493 = CARTESIAN_POINT('',(14.726403137734,14.726403137734,
    -146.1983169354));
#494 = CARTESIAN_POINT('',(11.602459645677,11.602459645677,
    -162.6862309853));
#495 = CARTESIAN_POINT('',(23.419433182575,73.709676183263,
    32.396633870898));
#496 = CARTESIAN_POINT('',(21.93942432138,69.051537232732,
    16.198316935449));
#497 = CARTESIAN_POINT('',(14.520491289167,45.701392625623,-65.));
#498 = CARTESIAN_POINT('',(7.101558256955,22.351248018513,
    -146.1983169354));
#499 = CARTESIAN_POINT('',(5.621549395759,17.693109067982,
    -162.3966338708));
#500 = CARTESIAN_POINT('',(19.673133337769,77.495145318415,32.5));
#501 = CARTESIAN_POINT('',(17.863839048111,73.127122506001,
    16.198316935449));
#502 = CARTESIAN_POINT('',(8.851784858409,51.370099056381,-65.));
#503 = CARTESIAN_POINT('',(-0.160269331293,29.613075606761,
    -146.1983169354));
#504 = CARTESIAN_POINT('',(-1.96956362095,25.245052794346,-162.5));
#505 = ADVANCED_FACE('',(#506),#572,.T.);
#506 = FACE_BOUND('',#507,.T.);
#507 = EDGE_LOOP('',(#508,#525,#533,#539,#540,#541,#549,#564));
#508 = ORIENTED_EDGE('',*,*,#509,.F.);
#509 = EDGE_CURVE('',#510,#512,#514,.T.);
#510 = VERTEX_POINT('',#511);
#511 = CARTESIAN_POINT('',(-20.25,40.5,-32.69669716167));
#512 = VERTEX_POINT('',#513);
#513 = CARTESIAN_POINT('',(-16.77564927611,40.5,-41.86536430634));
#514 = B_SPLINE_CURVE_WITH_KNOTS('',5,(#515,#516,#517,#518,#519,#520,
    #521,#522,#523,#524),.UNSPECIFIED.,.F.,.F.,(6,4,6),(0.,
    4.879406003138E-02,1.),.UNSPECIFIED.);
#515 = CARTESIAN_POINT('',(-20.25,40.5,-32.69669716167));
#516 = CARTESIAN_POINT('',(-20.209648554,40.5,-32.80318295041));
#517 = CARTESIAN_POINT('',(-20.16930420864,40.5,-32.90965000085));
#518 = CARTESIAN_POINT('',(-20.12896712423,40.5,-33.01609788993));
#519 = CARTESIAN_POINT('',(-20.08863733969,40.5,-33.12252651498));
#520 = CARTESIAN_POINT('',(-19.26225463783,40.5,-35.30331611556));
#521 = CARTESIAN_POINT('',(-18.47895385555,40.5,-37.37041432115));
#522 = CARTESIAN_POINT('',(-17.69861271573,40.5,-39.42970215328));
#523 = CARTESIAN_POINT('',(-16.92145487081,40.5,-41.48058940251));
#524 = CARTESIAN_POINT('',(-16.14772556228,40.5,-43.52242888671));
#525 = ORIENTED_EDGE('',*,*,#526,.T.);
#526 = EDGE_CURVE('',#510,#527,#529,.T.);
#527 = VERTEX_POINT('',#528);
#528 = CARTESIAN_POINT('',(-20.25,40.5,-60.));
#529 = LINE('',#530,#531);
#530 = CARTESIAN_POINT('',(-20.25,40.5,0.));
#531 = VECTOR('',#532,1.);
#532 = DIRECTION('',(-0.,-0.,-1.));
#533 = ORIENTED_EDGE('',*,*,#534,.T.);
#534 = EDGE_CURVE('',#527,#195,#535,.T.);
#535 = LINE('',#536,#537);
#536 = CARTESIAN_POINT('',(-20.25,40.5,-60.));
#537 = VECTOR('',#538,1.);
#538 = DIRECTION('',(1.,0.,0.));
#539 = ORIENTED_EDGE('',*,*,#194,.T.);
#540 = ORIENTED_EDGE('',*,*,#252,.T.);
#541 = ORIENTED_EDGE('',*,*,#542,.F.);
#542 = EDGE_CURVE('',#543,#245,#545,.T.);
#543 = VERTEX_POINT('',#544);
#544 = CARTESIAN_POINT('',(20.25,40.5,-32.69669716167));
#545 = LINE('',#546,#547);
#546 = CARTESIAN_POINT('',(20.25,40.5,0.));
#547 = VECTOR('',#548,1.);
#548 = DIRECTION('',(-0.,-0.,-1.));
#549 = ORIENTED_EDGE('',*,*,#550,.T.);
#550 = EDGE_CURVE('',#543,#551,#553,.T.);
#551 = VERTEX_POINT('',#552);
#552 = CARTESIAN_POINT('',(16.77564927611,40.5,-41.86536430634));
#553 = B_SPLINE_CURVE_WITH_KNOTS('',5,(#554,#555,#556,#557,#558,#559,
    #560,#561,#562,#563),.UNSPECIFIED.,.F.,.F.,(6,4,6),(0.,
    4.879406003182E-02,1.),.UNSPECIFIED.);
#554 = CARTESIAN_POINT('',(20.25,40.5,-32.69669716167));
#555 = CARTESIAN_POINT('',(20.209648554001,40.5,-32.80318295041));
#556 = CARTESIAN_POINT('',(20.169304208641,40.5,-32.90965000085));
#557 = CARTESIAN_POINT('',(20.128967124234,40.5,-33.01609788994));
#558 = CARTESIAN_POINT('',(20.088637339693,40.5,-33.12252651498));
#559 = CARTESIAN_POINT('',(19.262254637833,40.5,-35.30331611558));
#560 = CARTESIAN_POINT('',(18.478953855545,40.5,-37.37041432117));
#561 = CARTESIAN_POINT('',(17.698612715725,40.5,-39.42970215331));
#562 = CARTESIAN_POINT('',(16.921454870797,40.5,-41.48058940255));
#563 = CARTESIAN_POINT('',(16.147725562263,40.5,-43.52242888676));
#564 = ORIENTED_EDGE('',*,*,#565,.F.);
#565 = EDGE_CURVE('',#512,#551,#566,.T.);
#566 = B_SPLINE_CURVE_WITH_KNOTS('',4,(#567,#568,#569,#570,#571),
  .UNSPECIFIED.,.F.,.F.,(5,5),(0.,1.),.PIECEWISE_BEZIER_KNOTS.);
#567 = CARTESIAN_POINT('',(-17.37966554333,40.5,-41.86536430634));
#568 = CARTESIAN_POINT('',(-8.689832771677,40.5,-41.86536430634));
#569 = CARTESIAN_POINT('',(-1.752554E-11,40.5,-41.86536430634));
#570 = CARTESIAN_POINT('',(8.689832771643,40.5,-41.86536430634));
#571 = CARTESIAN_POINT('',(17.379665543303,40.5,-41.86536430634));
#572 = PLANE('',#573);
#573 = AXIS2_PLACEMENT_3D('',#574,#575,#576);
#574 = CARTESIAN_POINT('',(-20.25,40.5,0.));
#575 = DIRECTION('',(0.,-1.,0.));
#576 = DIRECTION('',(1.,0.,0.));
#577 = ADVANCED_FACE('',(#578),#658,.F.);
#578 = FACE_BOUND('',#579,.F.);
#579 = EDGE_LOOP('',(#580,#623,#655,#656,#657));
#580 = ORIENTED_EDGE('',*,*,#581,.F.);
#581 = EDGE_CURVE('',#582,#393,#584,.T.);
#582 = VERTEX_POINT('',#583);
#583 = CARTESIAN_POINT('',(-14.76291889265,35.640839010852,-60.));
#584 = B_SPLINE_CURVE_WITH_KNOTS('',5,(#585,#586,#587,#588,#589,#590,
    #591,#592,#593,#594,#595,#596,#597,#598,#599,#600,#601,#602,#603,
    #604,#605,#606,#607,#608,#609,#610,#611,#612,#613,#614,#615,#616,
    #617,#618,#619,#620,#621,#622),.UNSPECIFIED.,.F.,.F.,(6,4,4,4,4,4,4,
    4,4,6),(0.,0.133158898816,0.266218713795,0.399297317116,
    0.532406281312,0.625171459624,0.717973602993,0.810833144791,
    0.903384765866,1.),.UNSPECIFIED.);
#585 = CARTESIAN_POINT('',(-21.42221026456,51.717790556719,0.));
#586 = CARTESIAN_POINT('',(-21.0436288054,50.803814063558,
    -3.411006709403));
#587 = CARTESIAN_POINT('',(-20.66505304284,49.889851323194,
    -6.821962092663));
#588 = CARTESIAN_POINT('',(-20.28648368766,48.975904051619,
    -10.23285974562));
#589 = CARTESIAN_POINT('',(-19.90792165539,48.061974459121,
    -13.64369141936));
#590 = CARTESIAN_POINT('',(-19.15109623099,46.234836255184,
    -20.46266402891));
#591 = CARTESIAN_POINT('',(-18.77283284571,45.321627660292,
    -23.87080490295));
#592 = CARTESIAN_POINT('',(-18.39457908583,44.408442303162,
    -27.27885905249));
#593 = CARTESIAN_POINT('',(-18.01633645413,43.495283811854,
    -30.68681293741));
#594 = CARTESIAN_POINT('',(-17.25982390991,41.66890096748,
    -37.50296650669));
#595 = CARTESIAN_POINT('',(-16.88155404045,40.755676718391,
    -40.91116580299));
#596 = CARTESIAN_POINT('',(-16.50329918298,39.842488711457,
    -44.31922984173));
#597 = CARTESIAN_POINT('',(-16.12506192318,38.929343189051,
    -47.72713532606));
#598 = CARTESIAN_POINT('',(-15.36854312762,37.102945252616,
    -54.54334521967));
#599 = CARTESIAN_POINT('',(-14.99026168683,36.189693067887,
    -57.9516487732));
#600 = CARTESIAN_POINT('',(-14.61200468677,35.27649988828,
    -61.35973211662));
#601 = CARTESIAN_POINT('',(-14.233776821,34.363377045069,-64.76755296103
    ));
#602 = CARTESIAN_POINT('',(-13.59201781212,32.814033742047,
    -70.54978088628));
#603 = CARTESIAN_POINT('',(-13.3284684613,32.177769324939,
    -72.92435201797));
#604 = CARTESIAN_POINT('',(-13.06493856347,31.541551871513,
    -75.29874787882));
#605 = CARTESIAN_POINT('',(-12.80143090656,30.90538811241,
    -77.67294334973));
#606 = CARTESIAN_POINT('',(-12.27436212203,29.632931504491,
    -82.42181606091));
#607 = CARTESIAN_POINT('',(-12.01080107457,28.996638849206,
    -84.79649257892));
#608 = CARTESIAN_POINT('',(-11.74726935045,28.360416986715,
    -87.17090489462));
#609 = CARTESIAN_POINT('',(-11.48377154379,27.724277008213,
    -89.54501161511));
#610 = CARTESIAN_POINT('',(-10.95669264321,26.451795978003,
    -94.29397547152));
#611 = CARTESIAN_POINT('',(-10.69311171912,25.815455336284,
    -96.66883107734));
#612 = CARTESIAN_POINT('',(-10.42957662983,25.179225349552,
    -99.04327371312));
#613 = CARTESIAN_POINT('',(-10.16609529118,24.54312512835,
    -101.4172320573));
#614 = CARTESIAN_POINT('',(-9.64013444825,23.273343328066,
    -106.1561222505));
#615 = CARTESIAN_POINT('',(-9.377654774509,22.639661339873,
    -108.5210556263));
#616 = CARTESIAN_POINT('',(-9.11524921904,22.006158289017,
    -110.8853211988));
#617 = CARTESIAN_POINT('',(-8.85293196076,21.372868406433,
    -113.2487912165));
#618 = CARTESIAN_POINT('',(-8.31699963179,20.07901330932,-118.0775241766
    ));
#619 = CARTESIAN_POINT('',(-8.043394916213,19.418473094245,
    -120.5426938197));
#620 = CARTESIAN_POINT('',(-7.769929058581,18.758268111902,
    -123.0066123572));
#621 = CARTESIAN_POINT('',(-7.496633457234,18.098474164593,
    -125.4689968911));
#622 = CARTESIAN_POINT('',(-7.223552483277,17.439198373642,
    -127.9294476391));
#623 = ORIENTED_EDGE('',*,*,#624,.T.);
#624 = EDGE_CURVE('',#582,#203,#625,.T.);
#625 = B_SPLINE_CURVE_WITH_KNOTS('',4,(#626,#627,#628,#629,#630,#631,
    #632,#633,#634,#635,#636,#637,#638,#639,#640,#641,#642,#643,#644,
    #645,#646,#647,#648,#649,#650,#651,#652,#653,#654),.UNSPECIFIED.,.F.
  ,.F.,(5,3,3,3,3,3,3,3,3,5),(0.,0.125528167943,0.230235953839,
    0.337798768726,0.448044780553,0.561324424977,0.669197914212,
    0.771785985121,0.869361975451,1.),.UNSPECIFIED.);
#626 = CARTESIAN_POINT('',(-14.76291889265,35.640839010852,-60.));
#627 = CARTESIAN_POINT('',(-14.69818047641,35.749474465819,
    -60.17786733677));
#628 = CARTESIAN_POINT('',(-14.6338645254,35.857400995488,
    -60.35457395989));
#629 = CARTESIAN_POINT('',(-14.57000610847,35.964559751913,
    -60.53002351844));
#630 = CARTESIAN_POINT('',(-14.45379636817,36.159567581015,
    -60.84930715583));
#631 = CARTESIAN_POINT('',(-14.40129312517,36.24767158514,
    -60.99355863043));
#632 = CARTESIAN_POINT('',(-14.3491609698,36.335152879031,
    -61.13679055012));
#633 = CARTESIAN_POINT('',(-14.24428079251,36.511148932704,-61.424946469
    ));
#634 = CARTESIAN_POINT('',(-14.1915547038,36.599626887045,
    -61.56981020715));
#635 = CARTESIAN_POINT('',(-14.13927647398,36.687353303782,
    -61.7134434631));
#636 = CARTESIAN_POINT('',(-14.03438460934,36.863368969597,
    -62.00163149267));
#637 = CARTESIAN_POINT('',(-13.98179507749,36.951617772268,
    -62.14612004394));
#638 = CARTESIAN_POINT('',(-13.92974094247,37.038968142732,
    -62.2891376045));
#639 = CARTESIAN_POINT('',(-13.82535444609,37.214135766327,
    -62.57593714621));
#640 = CARTESIAN_POINT('',(-13.77305374492,37.301899891512,
    -62.71963214169));
#641 = CARTESIAN_POINT('',(-13.72139071375,37.388593963167,
    -62.86157515324));
#642 = CARTESIAN_POINT('',(-13.62184499735,37.555638429499,
    -63.13507476124));
#643 = CARTESIAN_POINT('',(-13.57389946214,37.636094290708,
    -63.26680403659));
#644 = CARTESIAN_POINT('',(-13.52659544283,37.715473644718,
    -63.39677076151));
#645 = CARTESIAN_POINT('',(-13.43561159438,37.868150715707,
    -63.64674683066));
#646 = CARTESIAN_POINT('',(-13.39186766997,37.941555988902,
    -63.7669322752));
#647 = CARTESIAN_POINT('',(-13.34875344879,38.013904577374,
    -63.88538762437));
#648 = CARTESIAN_POINT('',(-13.26589964723,38.152938878055,
    -64.11302657327));
#649 = CARTESIAN_POINT('',(-13.2260980486,38.219728661113,
    -64.22238056677));
#650 = CARTESIAN_POINT('',(-13.18690185863,38.28550252735,
    -64.33007121362));
#651 = CARTESIAN_POINT('',(-13.09667527245,38.436908860886,
    -64.57796672181));
#652 = CARTESIAN_POINT('',(-13.0461350042,38.521718860175,
    -64.71682496758));
#653 = CARTESIAN_POINT('',(-12.99673511046,38.60461523368,
    -64.85255006016));
#654 = CARTESIAN_POINT('',(-12.94849100637,38.685572113724,
    -64.98509964677));
#655 = ORIENTED_EDGE('',*,*,#209,.T.);
#656 = ORIENTED_EDGE('',*,*,#284,.F.);
#657 = ORIENTED_EDGE('',*,*,#402,.F.);
#658 = B_SPLINE_SURFACE_WITH_KNOTS('',1,1,(
    (#659,#660)
    ,(#661,#662
    )),.UNSPECIFIED.,.F.,.F.,.F.,(2,2),(2,2),(0.,64.554927222015),(0.,1.
    ),.PIECEWISE_BEZIER_KNOTS.);
#659 = CARTESIAN_POINT('',(-7.881651141708,19.027989080206,
    -121.9999999996));
#660 = CARTESIAN_POINT('',(-6.640871765863,23.490579315368,
    -121.7661255556));
#661 = CARTESIAN_POINT('',(-14.76291889265,35.640839010852,-60.));
#662 = CARTESIAN_POINT('',(-13.22605512808,39.388618299146,
    -62.43383632744));
#663 = ADVANCED_FACE('',(#664),#674,.T.);
#664 = FACE_BOUND('',#665,.T.);
#665 = EDGE_LOOP('',(#666,#667,#673));
#666 = ORIENTED_EDGE('',*,*,#202,.F.);
#667 = ORIENTED_EDGE('',*,*,#668,.T.);
#668 = EDGE_CURVE('',#195,#582,#669,.T.);
#669 = LINE('',#670,#671);
#670 = CARTESIAN_POINT('',(-14.76291889265,40.5,-60.));
#671 = VECTOR('',#672,1.);
#672 = DIRECTION('',(0.,-1.,0.));
#673 = ORIENTED_EDGE('',*,*,#624,.T.);
#674 = B_SPLINE_SURFACE_WITH_KNOTS('',1,1,(
    (#675,#676)
    ,(#677,#678
    )),.UNSPECIFIED.,.F.,.F.,.F.,(2,2),(2,2),(0.,4.859160989148),(0.,1.)
  ,.PIECEWISE_BEZIER_KNOTS.);
#675 = CARTESIAN_POINT('',(-14.76291889265,40.5,-60.));
#676 = CARTESIAN_POINT('',(-10.39527608145,36.132357188806,-72.));
#677 = CARTESIAN_POINT('',(-14.76291889265,35.640839010852,-60.));
#678 = CARTESIAN_POINT('',(-10.39527608145,35.640839010852,-72.));
#679 = ADVANCED_FACE('',(#680),#716,.T.);
#680 = FACE_BOUND('',#681,.T.);
#681 = EDGE_LOOP('',(#682,#692,#698,#699,#700,#710));
#682 = ORIENTED_EDGE('',*,*,#683,.T.);
#683 = EDGE_CURVE('',#684,#686,#688,.T.);
#684 = VERTEX_POINT('',#685);
#685 = CARTESIAN_POINT('',(30.153757903503,-20.25,-60.));
#686 = VERTEX_POINT('',#687);
#687 = CARTESIAN_POINT('',(40.5,-20.25,-60.));
#688 = LINE('',#689,#690);
#689 = CARTESIAN_POINT('',(-175.4133390969,-20.25,-60.));
#690 = VECTOR('',#691,1.);
#691 = DIRECTION('',(1.,0.,0.));
#692 = ORIENTED_EDGE('',*,*,#693,.F.);
#693 = EDGE_CURVE('',#237,#686,#694,.T.);
#694 = LINE('',#695,#696);
#695 = CARTESIAN_POINT('',(40.5,20.25,-60.));
#696 = VECTOR('',#697,1.);
#697 = DIRECTION('',(0.,-1.,0.));
#698 = ORIENTED_EDGE('',*,*,#234,.F.);
#699 = ORIENTED_EDGE('',*,*,#471,.T.);
#700 = ORIENTED_EDGE('',*,*,#701,.T.);
#701 = EDGE_CURVE('',#430,#702,#704,.T.);
#702 = VERTEX_POINT('',#703);
#703 = CARTESIAN_POINT('',(35.640839010852,-14.76291889265,-60.));
#704 = B_SPLINE_CURVE_WITH_KNOTS('',4,(#705,#706,#707,#708,#709),
  .UNSPECIFIED.,.F.,.F.,(5,5),(0.,1.),.PIECEWISE_BEZIER_KNOTS.);
#705 = CARTESIAN_POINT('',(35.640839010852,15.62857422932,-60.));
#706 = CARTESIAN_POINT('',(35.640839010852,7.814287114659,-60.));
#707 = CARTESIAN_POINT('',(35.640839010852,-2.85378E-12,-60.));
#708 = CARTESIAN_POINT('',(35.640839010852,-7.814287114664,-60.));
#709 = CARTESIAN_POINT('',(35.640839010852,-15.62857422932,-60.));
#710 = ORIENTED_EDGE('',*,*,#711,.F.);
#711 = EDGE_CURVE('',#684,#702,#712,.T.);
#712 = LINE('',#713,#714);
#713 = CARTESIAN_POINT('',(25.201878951751,-25.20187895175,-60.));
#714 = VECTOR('',#715,1.);
#715 = DIRECTION('',(0.707106781187,0.707106781187,0.));
#716 = PLANE('',#717);
#717 = AXIS2_PLACEMENT_3D('',#718,#719,#720);
#718 = CARTESIAN_POINT('',(-2.1E-16,8.2E-16,-60.));
#719 = DIRECTION('',(0.,0.,1.));
#720 = DIRECTION('',(1.,0.,0.));
#721 = ADVANCED_FACE('',(#722),#750,.T.);
#722 = FACE_BOUND('',#723,.T.);
#723 = EDGE_LOOP('',(#724,#734,#735,#736,#744));
#724 = ORIENTED_EDGE('',*,*,#725,.F.);
#725 = EDGE_CURVE('',#543,#726,#728,.T.);
#726 = VERTEX_POINT('',#727);
#727 = CARTESIAN_POINT('',(40.5,20.25,-32.69669716167));
#728 = B_SPLINE_CURVE_WITH_KNOTS('',4,(#729,#730,#731,#732,#733),
  .UNSPECIFIED.,.F.,.F.,(5,5),(0.,1.),.PIECEWISE_BEZIER_KNOTS.);
#729 = CARTESIAN_POINT('',(20.25,40.5,-32.69669716167));
#730 = CARTESIAN_POINT('',(25.3125,35.4375,-32.69669716167));
#731 = CARTESIAN_POINT('',(30.375,30.375,-32.69669716167));
#732 = CARTESIAN_POINT('',(35.4375,25.3125,-32.69669716167));
#733 = CARTESIAN_POINT('',(40.5,20.25,-32.69669716167));
#734 = ORIENTED_EDGE('',*,*,#542,.T.);
#735 = ORIENTED_EDGE('',*,*,#244,.T.);
#736 = ORIENTED_EDGE('',*,*,#737,.F.);
#737 = EDGE_CURVE('',#738,#237,#740,.T.);
#738 = VERTEX_POINT('',#739);
#739 = CARTESIAN_POINT('',(40.5,20.25,-51.6));
#740 = LINE('',#741,#742);
#741 = CARTESIAN_POINT('',(40.5,20.25,0.));
#742 = VECTOR('',#743,1.);
#743 = DIRECTION('',(-0.,-0.,-1.));
#744 = ORIENTED_EDGE('',*,*,#745,.F.);
#745 = EDGE_CURVE('',#726,#738,#746,.T.);
#746 = LINE('',#747,#748);
#747 = CARTESIAN_POINT('',(40.5,20.25,0.));
#748 = VECTOR('',#749,1.);
#749 = DIRECTION('',(-0.,-0.,-1.));
#750 = PLANE('',#751);
#751 = AXIS2_PLACEMENT_3D('',#752,#753,#754);
#752 = CARTESIAN_POINT('',(20.25,40.5,0.));
#753 = DIRECTION('',(-0.707106781187,-0.707106781187,0.));
#754 = DIRECTION('',(0.707106781187,-0.707106781187,0.));
#755 = ADVANCED_FACE('',(#756),#948,.F.);
#756 = FACE_BOUND('',#757,.T.);
#757 = EDGE_LOOP('',(#758,#759,#767,#858,#866));
#758 = ORIENTED_EDGE('',*,*,#293,.T.);
#759 = ORIENTED_EDGE('',*,*,#760,.T.);
#760 = EDGE_CURVE('',#296,#761,#763,.T.);
#761 = VERTEX_POINT('',#762);
#762 = CARTESIAN_POINT('',(4.266,30.564909782384,-96.22686797274));
#763 = LINE('',#764,#765);
#764 = CARTESIAN_POINT('',(4.266,30.349284010582,-96.16909115896));
#765 = VECTOR('',#766,1.);
#766 = DIRECTION('',(-7.E-17,0.965925826289,-0.258819045103));
#767 = ORIENTED_EDGE('',*,*,#768,.T.);
#768 = EDGE_CURVE('',#761,#769,#771,.T.);
#769 = VERTEX_POINT('',#770);
#770 = CARTESIAN_POINT('',(4.265999999999,32.013793621957,
    -96.61509528983));
#771 = B_SPLINE_CURVE_WITH_KNOTS('',7,(#772,#773,#774,#775,#776,#777,
    #778,#779,#780,#781,#782,#783,#784,#785,#786,#787,#788,#789,#790,
    #791,#792,#793,#794,#795,#796,#797,#798,#799,#800,#801,#802,#803,
    #804,#805,#806,#807,#808,#809,#810,#811,#812,#813,#814,#815,#816,
    #817,#818,#819,#820,#821,#822,#823,#824,#825,#826,#827,#828,#829,
    #830,#831,#832,#833,#834,#835,#836,#837,#838,#839,#840,#841,#842,
    #843,#844,#845,#846,#847,#848,#849,#850,#851,#852,#853,#854,#855,
    #856,#857),.UNSPECIFIED.,.F.,.F.,(8,6,6,6,6,6,6,6,6,6,6,6,6,6,8),(0.
    ,4.755694607632E-02,0.133948114863,0.225796599968,0.286822996701,
    0.380032958805,0.478903950958,0.506336926643,0.592337586504,
    0.629339556432,0.747052759459,0.803657374191,0.86840547568,
    0.958852620128,1.),.UNSPECIFIED.);
#772 = CARTESIAN_POINT('',(4.265999999999,30.564909742129,
    -96.22686814901));
#773 = CARTESIAN_POINT('',(4.265999999999,30.527622842606,-96.4053934145
    ));
#774 = CARTESIAN_POINT('',(4.256931819864,30.490333896957,
    -96.58392066159));
#775 = CARTESIAN_POINT('',(4.238795743125,30.45318551543,-96.76192247264
    ));
#776 = CARTESIAN_POINT('',(4.211632265865,30.416318497794,
    -96.93887628664));
#777 = CARTESIAN_POINT('',(4.17552200429,30.379871740826,-97.11426498297
    ));
#778 = CARTESIAN_POINT('',(4.130585602299,30.343982145784,
    -97.28757746515));
#779 = CARTESIAN_POINT('',(3.97961119114,30.244845106498,-97.76845779701
    ));
#780 = CARTESIAN_POINT('',(3.853625148357,30.183177330915,
    -98.07014728054));
#781 = CARTESIAN_POINT('',(3.699994074855,30.124603427494,
    -98.36028618545));
#782 = CARTESIAN_POINT('',(3.520118336644,30.069884979914,
    -98.63602903364));
#783 = CARTESIAN_POINT('',(3.315748015267,30.019730279678,-98.8947400405
    ));
#784 = CARTESIAN_POINT('',(3.088975827067,29.974787906226,
    -99.13400291607));
#785 = CARTESIAN_POINT('',(2.580052115315,29.893991345562,
    -99.58310111974));
#786 = CARTESIAN_POINT('',(2.295210278451,29.85887511889,-99.79020816992
    ));
#787 = CARTESIAN_POINT('',(1.990770952507,29.830971405178,
    -99.97038491489));
#788 = CARTESIAN_POINT('',(1.670027381786,29.810832700678,
    -100.1215757305));
#789 = CARTESIAN_POINT('',(1.336503221682,29.798892915376,
    -100.2421766687));
#790 = CARTESIAN_POINT('',(0.99393577013,29.795460197406,-100.3310416916
    ));
#791 = CARTESIAN_POINT('',(0.415345278242,29.804148354998,
    -100.4251802002));
#792 = CARTESIAN_POINT('',(0.182105296094,29.811436931455,
    -100.4485043789));
#793 = CARTESIAN_POINT('',(-5.225842803629E-02,29.82259100385,
    -100.4574012304));
#794 = CARTESIAN_POINT('',(-0.286599927843,29.837626343607,
    -100.4518122043));
#795 = CARTESIAN_POINT('',(-0.519776481191,29.856531639376,
    -100.431781152));
#796 = CARTESIAN_POINT('',(-0.750650523776,29.879267860604,
    -100.3974540933));
#797 = CARTESIAN_POINT('',(-1.325479402899,29.946235154977,
    -100.2752200425));
#798 = CARTESIAN_POINT('',(-1.664954234147,29.995489646966,
    -100.1685831062));
#799 = CARTESIAN_POINT('',(-1.99240524924,30.053277100247,
    -100.0300878663));
#800 = CARTESIAN_POINT('',(-2.304040476591,30.119196000346,
    -99.86123743592));
#801 = CARTESIAN_POINT('',(-2.596335026832,30.192722914357,
    -99.66400114818));
#802 = CARTESIAN_POINT('',(-2.866048523906,30.273209579341,
    -99.44080344146));
#803 = CARTESIAN_POINT('',(-3.3694108096,30.45174944028,-98.93350507678)
  );
#804 = CARTESIAN_POINT('',(-3.600003156967,30.550618151254,
    -98.6463988205));
#805 = CARTESIAN_POINT('',(-3.798603479569,30.655497652643,
    -98.33684552158));
#806 = CARTESIAN_POINT('',(-3.962510418554,30.765333137022,
    -98.00878722605));
#807 = CARTESIAN_POINT('',(-4.089640401734,30.878993370984,
    -97.6664651753));
#808 = CARTESIAN_POINT('',(-4.178539699366,30.995270138551,
    -97.31439336051));
#809 = CARTESIAN_POINT('',(-4.242457970288,31.145481345304,
    -96.85836570867));
#810 = CARTESIAN_POINT('',(-4.253350025809,31.178210170432,
    -96.75893199864));
#811 = CARTESIAN_POINT('',(-4.261237433425,31.21101546971,
    -96.65921278641));
#812 = CARTESIAN_POINT('',(-4.266110893647,31.243870417,-96.55930817471)
  );
#813 = CARTESIAN_POINT('',(-4.267965587035,31.276748129617,
    -96.45931847841));
#814 = CARTESIAN_POINT('',(-4.266801174199,31.309621668332,
    -96.35934422456));
#815 = CARTESIAN_POINT('',(-4.24951970638,31.44542280643,-95.94643735309
    ));
#816 = CARTESIAN_POINT('',(-4.206784886449,31.548091828,-95.63447955834)
  );
#817 = CARTESIAN_POINT('',(-4.134532884915,31.649613696786,
    -95.32679382427));
#818 = CARTESIAN_POINT('',(-4.03335260562,31.749170533309,
    -95.02643572402));
#819 = CARTESIAN_POINT('',(-3.90421968964,31.845976659939,
    -94.73634817676));
#820 = CARTESIAN_POINT('',(-3.748492602886,31.939278089514,
    -94.45934867771));
#821 = CARTESIAN_POINT('',(-3.490330408487,32.066686006347,
    -94.08568421796));
#822 = CARTESIAN_POINT('',(-3.408077621257,32.104234604687,
    -93.97618340997));
#823 = CARTESIAN_POINT('',(-3.321373853687,32.140949064786,
    -93.86979585946));
#824 = CARTESIAN_POINT('',(-3.230371282062,32.176776292183,
    -93.76671972045));
#825 = CARTESIAN_POINT('',(-3.135233472563,32.211665654751,
    -93.66714394682));
#826 = CARTESIAN_POINT('',(-3.036135381264,32.24556898269,
    -93.57124829233));
#827 = CARTESIAN_POINT('',(-2.605999810095,32.383013910576,
    -93.1863835055));
#828 = CARTESIAN_POINT('',(-2.240361437829,32.477202818825,
    -92.93237305576));
#829 = CARTESIAN_POINT('',(-1.842566173647,32.559424078111,
    -92.72298514151));
#830 = CARTESIAN_POINT('',(-1.419682478728,32.628562481695,
    -92.56241097309));
#831 = CARTESIAN_POINT('',(-0.979273709262,32.683823317297,
    -92.45364012248));
#832 = CARTESIAN_POINT('',(-0.529420030102,32.724732250777,
    -92.39847301399));
#833 = CARTESIAN_POINT('',(0.137915593318,32.764001413825,
    -92.39623424823));
#834 = CARTESIAN_POINT('',(0.354856931356,32.773428887088,
    -92.40791382979));
#835 = CARTESIAN_POINT('',(0.571117085847,32.779526958155,
    -92.43201758511));
#836 = CARTESIAN_POINT('',(0.785783013144,32.782313078954,
    -92.46848092578));
#837 = CARTESIAN_POINT('',(0.997953541319,32.781825097195,
    -92.51716405051));
#838 = CARTESIAN_POINT('',(1.206740643372,32.778120726623,
    -92.57785201352));
#839 = CARTESIAN_POINT('',(1.645228184998,32.763452780312,-92.7330590318
    ));
#840 = CARTESIAN_POINT('',(1.873635665411,32.751520851839,
    -92.83119612054));
#841 = CARTESIAN_POINT('',(2.095181942527,32.735600238943,
    -92.94421746098));
#842 = CARTESIAN_POINT('',(2.308628376693,32.715843167003,
    -93.07155561872));
#843 = CARTESIAN_POINT('',(2.512804000165,32.692432127939,
    -93.21253187857));
#844 = CARTESIAN_POINT('',(2.706607794935,32.665578644054,
    -93.36635733169));
#845 = CARTESIAN_POINT('',(3.143831383303,32.593544348824,-93.7636765692
    ));
#846 = CARTESIAN_POINT('',(3.37647914822,32.545308635294,-94.01858761692
    ));
#847 = CARTESIAN_POINT('',(3.584118285975,32.491482593768,
    -94.29435092159));
#848 = CARTESIAN_POINT('',(3.764411624603,32.432823943506,
    -94.58814125243));
#849 = CARTESIAN_POINT('',(3.915437871236,32.370160843958,
    -94.89688220251));
#850 = CARTESIAN_POINT('',(4.035700446382,32.304383291321,
    -95.21725905499));
#851 = CARTESIAN_POINT('',(4.164514320701,32.205543592743,
    -95.69507966701));
#852 = CARTESIAN_POINT('',(4.198229729806,32.174188813529,
    -95.84616360713));
#853 = CARTESIAN_POINT('',(4.225292463669,32.142472999409,
    -95.99859524972));
#854 = CARTESIAN_POINT('',(4.245634812673,32.110485358742,
    -96.15204157617));
#855 = CARTESIAN_POINT('',(4.259211557105,32.078315853053,
    -96.30616660367));
#856 = CARTESIAN_POINT('',(4.265999999999,32.046054985739,
    -96.46063161799));
#857 = CARTESIAN_POINT('',(4.265999999999,32.01379359078,-96.61509540619
    ));
#858 = ORIENTED_EDGE('',*,*,#859,.F.);
#859 = EDGE_CURVE('',#860,#769,#862,.T.);
#860 = VERTEX_POINT('',#861);
#861 = CARTESIAN_POINT('',(4.266,31.582540053797,-96.49954118216));
#862 = LINE('',#863,#864);
#863 = CARTESIAN_POINT('',(4.266,30.349284010582,-96.16909115896));
#864 = VECTOR('',#865,1.);
#865 = DIRECTION('',(-7.E-17,0.965925826289,-0.258819045103));
#866 = ORIENTED_EDGE('',*,*,#867,.F.);
#867 = EDGE_CURVE('',#294,#860,#868,.T.);
#868 = B_SPLINE_CURVE_WITH_KNOTS('',8,(#869,#870,#871,#872,#873,#874,
    #875,#876,#877,#878,#879,#880,#881,#882,#883,#884,#885,#886,#887,
    #888,#889,#890,#891,#892,#893,#894,#895,#896,#897,#898,#899,#900,
    #901,#902,#903,#904,#905,#906,#907,#908,#909,#910,#911,#912,#913,
    #914,#915,#916,#917,#918,#919,#920,#921,#922,#923,#924,#925,#926,
    #927,#928,#929,#930,#931,#932,#933,#934,#935,#936,#937,#938,#939,
    #940,#941,#942,#943,#944,#945,#946,#947),.UNSPECIFIED.,.F.,.F.,(9,7,
    7,7,7,7,7,7,7,7,7,9),(0.,8.314561574273E-02,0.143779240233,
    0.265119608939,0.413714498768,0.438279237499,0.561628682109,
    0.689549642314,0.748581495411,0.844374094607,0.947124986607,1.),
  .UNSPECIFIED.);
#869 = CARTESIAN_POINT('',(2.533875505488,29.460964231938,
    -99.48407515568));
#870 = CARTESIAN_POINT('',(2.343122009721,29.437330056702,
    -99.62354791832));
#871 = CARTESIAN_POINT('',(2.143410551993,29.416830653156,
    -99.75132505392));
#872 = CARTESIAN_POINT('',(1.935654619385,29.399640390896,
    -99.86675105633));
#873 = CARTESIAN_POINT('',(1.720814249319,29.385909320399,
    -99.96926533213));
#874 = CARTESIAN_POINT('',(1.499890410793,29.375764939543,
    -100.0583935996));
#875 = CARTESIAN_POINT('',(1.273922140434,29.369312327898,
    -100.1337453499));
#876 = CARTESIAN_POINT('',(1.043986433364,29.366632648781,
    -100.1950173697));
#877 = CARTESIAN_POINT('',(0.641442914682,29.368616734517,
    -100.2762676567));
#878 = CARTESIAN_POINT('',(0.4701589255,29.37148877567,-100.3029365578)
  );
#879 = CARTESIAN_POINT('',(0.29777803883,29.376417377522,-100.3219299384
    ));
#880 = CARTESIAN_POINT('',(0.124730919568,29.383416713743,
    -100.3331948932));
#881 = CARTESIAN_POINT('',(-4.855058467582E-02,29.392493789011,
    -100.3367056838));
#882 = CARTESIAN_POINT('',(-0.221633808257,29.403648331334,
    -100.3324637196));
#883 = CARTESIAN_POINT('',(-0.394085632173,29.416872684372,
    -100.3204975389));
#884 = CARTESIAN_POINT('',(-0.908453962367,29.462728155889,
    -100.2615696145));
#885 = CARTESIAN_POINT('',(-1.247276949032,29.501542312688,
    -100.1915535525));
#886 = CARTESIAN_POINT('',(-1.578355932461,29.548470245006,
    -100.0912482398));
#887 = CARTESIAN_POINT('',(-1.89831695216,29.603267149388,
    -99.96156490292));
#888 = CARTESIAN_POINT('',(-2.203968121389,29.665587880419,
    -99.80380240108));
#889 = CARTESIAN_POINT('',(-2.492297749272,29.734992596303,
    -99.61961287865));
#890 = CARTESIAN_POINT('',(-2.760500427037,29.810937513667,
    -99.41102302656));
#891 = CARTESIAN_POINT('',(-3.306710897266,29.992940281268,
    -98.89822306796));
#892 = CARTESIAN_POINT('',(-3.573676390309,30.102025346905,
    -98.58279090245));
#893 = CARTESIAN_POINT('',(-3.802048437562,30.218767575035,
    -98.23874935749));
#894 = CARTESIAN_POINT('',(-3.988133965095,30.34179555332,
    -97.87122450625));
#895 = CARTESIAN_POINT('',(-4.129073192101,30.469646372645,
    -97.48570070903));
#896 = CARTESIAN_POINT('',(-4.222889866012,30.60076252122,-97.0880146174
    ));
#897 = CARTESIAN_POINT('',(-4.268458933104,30.733498507945,
    -96.68431592438));
#898 = CARTESIAN_POINT('',(-4.265504532629,30.887996526862,
    -96.21449277822));
#899 = CARTESIAN_POINT('',(-4.263770748221,30.909911910448,
    -96.14785029914));
#900 = CARTESIAN_POINT('',(-4.260722470614,30.931817827858,
    -96.08124321027));
#901 = CARTESIAN_POINT('',(-4.256360628673,30.953706817733,
    -96.01469934863));
#902 = CARTESIAN_POINT('',(-4.250686905521,30.975571438148,
    -95.94824648195));
#903 = CARTESIAN_POINT('',(-4.243703738543,30.997404266617,
    -95.88191230864));
#904 = CARTESIAN_POINT('',(-4.235414319384,31.019197900089,
    -95.81572445784));
#905 = CARTESIAN_POINT('',(-4.177658678264,31.150145674263,
    -95.41822777203));
#906 = CARTESIAN_POINT('',(-4.096643122078,31.258203825473,
    -95.09103204624));
#907 = CARTESIAN_POINT('',(-3.983265619852,31.364135541071,
    -94.77176332731));
#908 = CARTESIAN_POINT('',(-3.838542456421,31.46702429879,
    -94.46383908594));
#909 = CARTESIAN_POINT('',(-3.663915560617,31.56600847275,
    -94.17048641019));
#910 = CARTESIAN_POINT('',(-3.461214397019,31.660277077537,
    -93.89474355044));
#911 = CARTESIAN_POINT('',(-3.232680695826,31.74907370521,
    -93.63943084747));
#912 = CARTESIAN_POINT('',(-2.720105757693,31.917406180559,
    -93.1661403778));
#913 = CARTESIAN_POINT('',(-2.434153997588,31.996531654899,
    -92.94974239827));
#914 = CARTESIAN_POINT('',(-2.126214012202,32.068298894924,
    -92.76079107974));
#915 = CARTESIAN_POINT('',(-1.799621723754,32.132085381912,
    -92.60161204024));
#916 = CARTESIAN_POINT('',(-1.457948880716,32.187397513017,
    -92.47406021852));
#917 = CARTESIAN_POINT('',(-1.104975781154,32.233858799414,
    -92.37955317163));
#918 = CARTESIAN_POINT('',(-0.744700310338,32.27121851903,
    -92.31902823278));
#919 = CARTESIAN_POINT('',(-0.21368895753,32.312373277196,
    -92.28071362388));
#920 = CARTESIAN_POINT('',(-4.533662581568E-02,32.32341123607,
    -92.27591970783));
#921 = CARTESIAN_POINT('',(0.123295417083,32.332482732102,
    -92.27846456067));
#922 = CARTESIAN_POINT('',(0.291806749248,32.339585000067,-92.2883583859
    ));
#923 = CARTESIAN_POINT('',(0.459798359385,32.344721891051,
    -92.30558704791));
#924 = CARTESIAN_POINT('',(0.626872960537,32.347903777859,
    -92.33011206858));
#925 = CARTESIAN_POINT('',(0.792635303794,32.349147460434,
    -92.36187062395));
#926 = CARTESIAN_POINT('',(1.222912568989,32.347386589737,
    -92.46390761128));
#927 = CARTESIAN_POINT('',(1.484677852602,32.341254206308,
    -92.54586571533));
#928 = CARTESIAN_POINT('',(1.740280407561,32.330176444833,
    -92.64627669032));
#929 = CARTESIAN_POINT('',(1.988096925496,32.314298777337,
    -92.76459696906));
#930 = CARTESIAN_POINT('',(2.226580860759,32.293807723149,
    -92.90013425909));
#931 = CARTESIAN_POINT('',(2.454261910817,32.268927552219,
    -93.05205564033));
#932 = CARTESIAN_POINT('',(2.669752841235,32.239920592593,
    -93.21938208091));
#933 = CARTESIAN_POINT('',(3.088448362685,32.171876988199,
    -93.59574700787));
#934 = CARTESIAN_POINT('',(3.28967925819,32.132255715385,-93.80698272386
    ));
#935 = CARTESIAN_POINT('',(3.473844985788,32.088600093617,
    -94.03327288155));
#936 = CARTESIAN_POINT('',(3.639552222383,32.041324357697,
    -94.27307126877));
#937 = CARTESIAN_POINT('',(3.785597989423,31.990876228279,
    -94.52471134845));
#938 = CARTESIAN_POINT('',(3.910962283307,31.937732528193,
    -94.78641632189));
#939 = CARTESIAN_POINT('',(4.014821024527,31.882398394036,
    -95.05629700551));
#940 = CARTESIAN_POINT('',(4.138651673284,31.796084228547,
    -95.47438637059));
#941 = CARTESIAN_POINT('',(4.174875096899,31.766317880688,
    -95.61807822476));
#942 = CARTESIAN_POINT('',(4.205169014428,31.736182769694,
    -95.76314477012));
#943 = CARTESIAN_POINT('',(4.229468887495,31.705751423313,
    -95.90931519901));
#944 = CARTESIAN_POINT('',(4.247726244641,31.675097129507,-96.0563163672
    ));
#945 = CARTESIAN_POINT('',(4.259908704671,31.644293899141,
    -96.20387295129));
#946 = CARTESIAN_POINT('',(4.266,31.613416428679,-96.35170760615));
#947 = CARTESIAN_POINT('',(4.266,31.582540062875,-96.49954112224));
#948 = CYLINDRICAL_SURFACE('',#949,4.266);
#949 = AXIS2_PLACEMENT_3D('',#950,#951,#952);
#950 = CARTESIAN_POINT('',(-7.E-15,30.349284010582,-96.16909115896));
#951 = DIRECTION('',(0.,0.965925826289,-0.258819045103));
#952 = DIRECTION('',(1.,0.,0.));
#953 = ADVANCED_FACE('',(#954),#999,.F.);
#954 = FACE_BOUND('',#955,.F.);
#955 = EDGE_LOOP('',(#956,#957,#958,#994));
#956 = ORIENTED_EDGE('',*,*,#867,.F.);
#957 = ORIENTED_EDGE('',*,*,#359,.F.);
#958 = ORIENTED_EDGE('',*,*,#959,.T.);
#959 = EDGE_CURVE('',#341,#960,#962,.T.);
#960 = VERTEX_POINT('',#961);
#961 = CARTESIAN_POINT('',(5.016002255629,31.164283980317,
    -96.38746973997));
#962 = B_SPLINE_CURVE_WITH_KNOTS('',9,(#963,#964,#965,#966,#967,#968,
    #969,#970,#971,#972,#973,#974,#975,#976,#977,#978,#979,#980,#981,
    #982,#983,#984,#985,#986,#987,#988,#989,#990,#991,#992,#993),
  .UNSPECIFIED.,.F.,.F.,(10,7,7,7,10),(0.,1.614938419963,3.229876839926,
    4.844815259889,6.459753679852),.UNSPECIFIED.);
#963 = CARTESIAN_POINT('',(5.016,29.71539518708,-95.99924116061));
#964 = CARTESIAN_POINT('',(5.016000863567,29.52905723731,-96.8556515756)
  );
#965 = CARTESIAN_POINT('',(4.844147291924,29.342720510578,
    -97.71205781816));
#966 = CARTESIAN_POINT('',(4.500309480074,29.166362578106,
    -98.53122173537));
#967 = CARTESIAN_POINT('',(3.994706053641,29.009976909306,
    -99.27584839578));
#968 = CARTESIAN_POINT('',(3.347521812259,28.88271863271,-99.91177051021
    ));
#969 = CARTESIAN_POINT('',(2.587794345763,28.792109953171,
    -100.4109144656));
#970 = CARTESIAN_POINT('',(1.750918063967,28.743376975106,-100.753776138
    ));
#971 = CARTESIAN_POINT('',(9.31511696481E-06,28.734890799135,
    -101.1074222944));
#972 = CARTESIAN_POINT('',(-1.750913495643,28.90436424179,
    -100.7969139692));
#973 = CARTESIAN_POINT('',(-2.58780324568,29.033590775046,
    -100.4756215552));
#974 = CARTESIAN_POINT('',(-3.347547673897,29.204694285199,
    -99.99804219544));
#975 = CARTESIAN_POINT('',(-3.994732367017,29.412445435192,
    -99.3836920359));
#976 = CARTESIAN_POINT('',(-4.500317536613,29.649327716212,
    -98.66062300986));
#977 = CARTESIAN_POINT('',(-4.844102982757,29.906175951288,
    -97.86303998735));
#978 = CARTESIAN_POINT('',(-5.187888747907,30.4398395933,-96.19335541445
    ));
#979 = CARTESIAN_POINT('',(-4.844102501467,30.973503210855,
    -94.52367093283));
#980 = CARTESIAN_POINT('',(-4.50031705888,31.230351407218,-93.7260880548
    ));
#981 = CARTESIAN_POINT('',(-3.99473304183,31.467233751998,-93.0030187908
    ));
#982 = CARTESIAN_POINT('',(-3.34754891788,31.67498515141,-92.38866770042
    ));
#983 = CARTESIAN_POINT('',(-2.587803842714,31.846088757126,
    -91.91108798401));
#984 = CARTESIAN_POINT('',(-1.750913599457,31.975314947225,
    -91.58979685062));
#985 = CARTESIAN_POINT('',(9.33562098194E-06,32.14478785507,
    -91.27929052137));
#986 = CARTESIAN_POINT('',(1.750917960151,32.136301886162,-91.632935905)
  );
#987 = CARTESIAN_POINT('',(2.587794716574,32.087569363463,
    -91.97579587793));
#988 = CARTESIAN_POINT('',(3.347521975762,31.996961214014,
    -92.47493785533));
#989 = CARTESIAN_POINT('',(3.994712041137,31.869703787677,
    -93.11085679598));
#990 = CARTESIAN_POINT('',(4.500310766818,31.713315359956,
    -93.85549375336));
#991 = CARTESIAN_POINT('',(4.844137846571,31.536958569026,
    -94.67465340999));
#992 = CARTESIAN_POINT('',(5.016001391604,31.350621930085,
    -95.53105932498));
#993 = CARTESIAN_POINT('',(5.016002255629,31.164283980317,
    -96.38746973997));
#994 = ORIENTED_EDGE('',*,*,#995,.F.);
#995 = EDGE_CURVE('',#860,#960,#996,.T.);
#996 = B_SPLINE_CURVE_WITH_KNOTS('',1,(#997,#998),.UNSPECIFIED.,.F.,.F.,
  (2,2),(0.,0.9375),.PIECEWISE_BEZIER_KNOTS.);
#997 = CARTESIAN_POINT('',(4.204101828422,31.617058981373,
    -96.50879057379));
#998 = CARTESIAN_POINT('',(5.016002255629,31.164283980317,
    -96.38746973997));
#999 = B_SPLINE_SURFACE_WITH_KNOTS('',1,9,(
    (#1000,#1001,#1002,#1003,#1004,#1005,#1006,#1007,#1008,#1009,#1010
      ,#1011,#1012,#1013,#1014,#1015,#1016,#1017,#1018,#1019,#1020,#1021
      ,#1022,#1023,#1024,#1025,#1026,#1027,#1028,#1029,#1030)
    ,(#1031,#1032,#1033,#1034,#1035,#1036,#1037,#1038,#1039,#1040,#1041
      ,#1042,#1043,#1044,#1045,#1046,#1047,#1048,#1049,#1050,#1051,#1052
      ,#1053,#1054,#1055,#1056,#1057,#1058,#1059,#1060,#1061
  )),.UNSPECIFIED.,.F.,.F.,.F.,(2,2),(10,7,7,7,10),(0.,0.9375),(0.,
    1.614938419963,3.229876839926,4.844815259889,6.459753679852),
  .UNSPECIFIED.);
#1000 = CARTESIAN_POINT('',(4.204101183952,30.168172918153,
    -96.12056258801));
#1001 = CARTESIAN_POINT('',(4.204101430686,30.018501525876,
    -96.84012741956));
#1002 = CARTESIAN_POINT('',(4.060055671139,29.868848265306,
    -97.55960508217));
#1003 = CARTESIAN_POINT('',(3.771902544978,29.727556191787,
    -98.2479260387));
#1004 = CARTESIAN_POINT('',(3.34811549709,29.602990226563,-98.873812054)
  );
#1005 = CARTESIAN_POINT('',(2.805677114414,29.502848249271,
    -99.40852854661));
#1006 = CARTESIAN_POINT('',(2.168926215034,29.433417658631,
    -99.8286285979));
#1007 = CARTESIAN_POINT('',(1.467510746337,29.399086620198,
    -100.1177372089));
#1008 = CARTESIAN_POINT('',(9.48808537671E-06,29.405002433974,
    -100.4176323234));
#1009 = CARTESIAN_POINT('',(-1.467508857005,29.560074646549,
    -100.160875301));
#1010 = CARTESIAN_POINT('',(-2.168940798093,29.674899694897,
    -99.89333320705));
#1011 = CARTESIAN_POINT('',(-2.805709501408,29.824822923882,
    -99.49479994758));
#1012 = CARTESIAN_POINT('',(-3.348135894046,30.005460241192,
    -98.98163745956));
#1013 = CARTESIAN_POINT('',(-3.771885043721,30.210513100868,
    -98.37735519716));
#1014 = CARTESIAN_POINT('',(-4.060025750988,30.432301969036,
    -97.71061536553));
#1015 = CARTESIAN_POINT('',(-4.348166587458,30.892615987089,
    -96.3146764416));
#1016 = CARTESIAN_POINT('',(-4.060025567621,31.352929995824,
    -94.91873755243));
#1017 = CARTESIAN_POINT('',(-3.771884839452,31.574718850601,
    -94.25199777079));
#1018 = CARTESIAN_POINT('',(-3.348135999181,31.779771725067,
    -93.64771545319));
#1019 = CARTESIAN_POINT('',(-2.805709752214,31.960409109253,
    -93.13455271558));
#1020 = CARTESIAN_POINT('',(-2.168940850814,32.110332360391,
    -92.73601937344));
#1021 = CARTESIAN_POINT('',(-1.467508759802,32.225157305022,
    -92.4684776665));
#1022 = CARTESIAN_POINT('',(9.6298122069E-06,32.380229352924,
    -92.21172125865));
#1023 = CARTESIAN_POINT('',(1.46751084354,32.386145213993,
    -92.51161619673));
#1024 = CARTESIAN_POINT('',(2.168926438841,32.351814299993,
    -92.80072434331));
#1025 = CARTESIAN_POINT('',(2.805677265751,32.282383855658,
    -93.22082384868));
#1026 = CARTESIAN_POINT('',(3.348117295481,32.182242116913,
    -93.75553945087));
#1027 = CARTESIAN_POINT('',(3.7719029804,32.057675359993,-94.38142842096
    ));
#1028 = CARTESIAN_POINT('',(4.060053018306,31.9163836103,-95.06974816888
    ));
#1029 = CARTESIAN_POINT('',(4.204101604477,31.766730373649,
    -95.78922574224));
#1030 = CARTESIAN_POINT('',(4.204101828422,31.617058981373,
    -96.50879057379));
#1031 = CARTESIAN_POINT('',(5.016,29.71539518708,-95.99924116061));
#1032 = CARTESIAN_POINT('',(5.016000863567,29.52905723731,-96.8556515756
    ));
#1033 = CARTESIAN_POINT('',(4.844147291924,29.342720510578,
    -97.71205781816));
#1034 = CARTESIAN_POINT('',(4.500309480074,29.166362578106,
    -98.53122173537));
#1035 = CARTESIAN_POINT('',(3.994706053641,29.009976909306,
    -99.27584839578));
#1036 = CARTESIAN_POINT('',(3.347521812259,28.88271863271,
    -99.91177051021));
#1037 = CARTESIAN_POINT('',(2.587794345763,28.792109953171,
    -100.4109144656));
#1038 = CARTESIAN_POINT('',(1.750918063967,28.743376975106,
    -100.753776138));
#1039 = CARTESIAN_POINT('',(9.31511696481E-06,28.734890799135,
    -101.1074222944));
#1040 = CARTESIAN_POINT('',(-1.750913495643,28.90436424179,
    -100.7969139692));
#1041 = CARTESIAN_POINT('',(-2.58780324568,29.033590775046,
    -100.4756215552));
#1042 = CARTESIAN_POINT('',(-3.347547673897,29.204694285199,
    -99.99804219544));
#1043 = CARTESIAN_POINT('',(-3.994732367017,29.412445435192,
    -99.3836920359));
#1044 = CARTESIAN_POINT('',(-4.500317536613,29.649327716212,
    -98.66062300986));
#1045 = CARTESIAN_POINT('',(-4.844102982757,29.906175951288,
    -97.86303998735));
#1046 = CARTESIAN_POINT('',(-5.187888747907,30.4398395933,
    -96.19335541445));
#1047 = CARTESIAN_POINT('',(-4.844102501467,30.973503210855,
    -94.52367093283));
#1048 = CARTESIAN_POINT('',(-4.50031705888,31.230351407218,
    -93.7260880548));
#1049 = CARTESIAN_POINT('',(-3.99473304183,31.467233751998,
    -93.0030187908));
#1050 = CARTESIAN_POINT('',(-3.34754891788,31.67498515141,
    -92.38866770042));
#1051 = CARTESIAN_POINT('',(-2.587803842714,31.846088757126,
    -91.91108798401));
#1052 = CARTESIAN_POINT('',(-1.750913599457,31.975314947225,
    -91.58979685062));
#1053 = CARTESIAN_POINT('',(9.33562098194E-06,32.14478785507,
    -91.27929052137));
#1054 = CARTESIAN_POINT('',(1.750917960151,32.136301886162,-91.632935905
    ));
#1055 = CARTESIAN_POINT('',(2.587794716574,32.087569363463,
    -91.97579587793));
#1056 = CARTESIAN_POINT('',(3.347521975762,31.996961214014,
    -92.47493785533));
#1057 = CARTESIAN_POINT('',(3.994712041137,31.869703787677,
    -93.11085679598));
#1058 = CARTESIAN_POINT('',(4.500310766818,31.713315359956,
    -93.85549375336));
#1059 = CARTESIAN_POINT('',(4.844137846571,31.536958569026,
    -94.67465340999));
#1060 = CARTESIAN_POINT('',(5.016001391604,31.350621930085,
    -95.53105932498));
#1061 = CARTESIAN_POINT('',(5.016002255629,31.164283980317,
    -96.38746973997));
#1062 = ADVANCED_FACE('',(#1063),#1098,.F.);
#1063 = FACE_BOUND('',#1064,.F.);
#1064 = EDGE_LOOP('',(#1065,#1066,#1067,#1093));
#1065 = ORIENTED_EDGE('',*,*,#959,.F.);
#1066 = ORIENTED_EDGE('',*,*,#340,.F.);
#1067 = ORIENTED_EDGE('',*,*,#1068,.T.);
#1068 = EDGE_CURVE('',#314,#1069,#1071,.T.);
#1069 = VERTEX_POINT('',#1070);
#1070 = CARTESIAN_POINT('',(5.016002900094,30.983172887889,
    -96.33894116901));
#1071 = B_SPLINE_CURVE_WITH_KNOTS('',11,(#1072,#1073,#1074,#1075,#1076,
    #1077,#1078,#1079,#1080,#1081,#1082,#1083,#1084,#1085,#1086,#1087,
    #1088,#1089,#1090,#1091,#1092),.UNSPECIFIED.,.F.,.F.,(12,9,12),(0.,
    3.229876839926,6.459753679852),.UNSPECIFIED.);
#1072 = CARTESIAN_POINT('',(5.016,29.534284094651,-95.95071258966));
#1073 = CARTESIAN_POINT('',(5.016001816855,29.229367425758,
    -97.35211153942));
#1074 = CARTESIAN_POINT('',(4.566060531312,28.92445392616,-98.7534996876
    ));
#1075 = CARTESIAN_POINT('',(3.665626189278,28.660178972244,
    -100.0032181925));
#1076 = CARTESIAN_POINT('',(2.377457865714,28.477281519905,
    -100.9492377135));
#1077 = CARTESIAN_POINT('',(0.823975279085,28.409109667591,
    -101.4670940282));
#1078 = CARTESIAN_POINT('',(-0.823936475111,28.475004208666,
    -101.484603858));
#1079 = CARTESIAN_POINT('',(-2.377379333367,28.674827446968,
    -101.0022888925));
#1080 = CARTESIAN_POINT('',(-3.66585678877,28.989487186994,
    -100.0913968974));
#1081 = CARTESIAN_POINT('',(-4.565949409978,29.385460669892,
    -98.87703816111));
#1082 = CARTESIAN_POINT('',(-5.466043231013,30.258728516539,
    -96.14482678502));
#1083 = CARTESIAN_POINT('',(-4.565948396966,31.13199628082,
    -93.41261571633));
#1084 = CARTESIAN_POINT('',(-3.66585212155,31.527971037851,
    -92.19825222469));
#1085 = CARTESIAN_POINT('',(-2.377407208684,31.842622106365,
    -91.28739259295));
#1086 = CARTESIAN_POINT('',(-0.823899469736,32.042477188098,
    -90.80495878393));
#1087 = CARTESIAN_POINT('',(0.823969955109,32.108309612494,
    -90.82270043998));
#1088 = CARTESIAN_POINT('',(2.377409282677,32.040201178847,
    -91.34032006914));
#1089 = CARTESIAN_POINT('',(3.665694469235,31.857272146991,
    -92.28645744909));
#1090 = CARTESIAN_POINT('',(4.566028405205,31.593002760874,
    -93.53615517371));
#1091 = CARTESIAN_POINT('',(5.016001082489,31.288089556775,
    -94.93754221925));
#1092 = CARTESIAN_POINT('',(5.016002900094,30.983172887889,
    -96.33894116901));
#1093 = ORIENTED_EDGE('',*,*,#1094,.F.);
#1094 = EDGE_CURVE('',#960,#1069,#1095,.T.);
#1095 = B_SPLINE_CURVE_WITH_KNOTS('',1,(#1096,#1097),.UNSPECIFIED.,.F.,
  .F.,(2,2),(0.,0.1875),.PIECEWISE_BEZIER_KNOTS.);
#1096 = CARTESIAN_POINT('',(5.016002255629,31.164283980317,
    -96.38746973997));
#1097 = CARTESIAN_POINT('',(5.016002900094,30.983172887889,
    -96.33894116901));
#1098 = B_SPLINE_SURFACE_WITH_KNOTS('',1,11,(
    (#1099,#1100,#1101,#1102,#1103,#1104,#1105,#1106,#1107,#1108,#1109
      ,#1110,#1111,#1112,#1113,#1114,#1115,#1116,#1117,#1118,#1119)
    ,(#1120,#1121,#1122,#1123,#1124,#1125,#1126,#1127,#1128,#1129,#1130
      ,#1131,#1132,#1133,#1134,#1135,#1136,#1137,#1138,#1139,#1140
  )),.UNSPECIFIED.,.F.,.F.,.F.,(2,2),(12,9,12),(0.,0.1875),(0.,
    3.229876839926,6.459753679852),.UNSPECIFIED.);
#1099 = CARTESIAN_POINT('',(5.016,29.71539518708,-95.99924116061));
#1100 = CARTESIAN_POINT('',(5.01600141311,29.410478542001,-97.4006400215
    ));
#1101 = CARTESIAN_POINT('',(4.566056668578,29.105565099061,
    -98.80202795823));
#1102 = CARTESIAN_POINT('',(3.665633540745,28.841290784979,
    -100.0517440752));
#1103 = CARTESIAN_POINT('',(2.377452315055,28.658389839754,
    -100.9977766321));
#1104 = CARTESIAN_POINT('',(0.823974635049,28.590225042567,
    -101.5156066162));
#1105 = CARTESIAN_POINT('',(-0.823932310217,28.656112681734,
    -101.5331422047));
#1106 = CARTESIAN_POINT('',(-2.377382277586,28.855939449592,
    -101.0508140665));
#1107 = CARTESIAN_POINT('',(-3.665856034452,29.1705982101,
    -100.1399257271));
#1108 = CARTESIAN_POINT('',(-4.565949003933,29.566571813349,
    -98.92556654162));
#1109 = CARTESIAN_POINT('',(-5.466042879869,30.439839603195,
    -96.19335537752));
#1110 = CARTESIAN_POINT('',(-4.565948216368,31.313107329004,
    -93.46114445242));
#1111 = CARTESIAN_POINT('',(-3.665852404874,31.709081923273,
    -92.24678156822));
#1112 = CARTESIAN_POINT('',(-2.377403958979,32.02373393931,
    -91.33591840019));
#1113 = CARTESIAN_POINT('',(-0.823903528916,32.223585474329,
    -90.85349782791));
#1114 = CARTESIAN_POINT('',(0.823970493529,32.289424800572,
    -90.87121372556));
#1115 = CARTESIAN_POINT('',(2.377414527652,32.221309329062,
    -91.38885962079));
#1116 = CARTESIAN_POINT('',(3.665686646898,32.038383822029,
    -92.33498384558));
#1117 = CARTESIAN_POINT('',(4.566031681272,31.774113838485,
    -93.58468380001));
#1118 = CARTESIAN_POINT('',(5.016000841769,31.469200625391,
    -94.98607087908));
#1119 = CARTESIAN_POINT('',(5.016002255629,31.164283980317,
    -96.38746973997));
#1120 = CARTESIAN_POINT('',(5.016,29.534284094651,-95.95071258966));
#1121 = CARTESIAN_POINT('',(5.016001816855,29.229367425758,
    -97.35211153942));
#1122 = CARTESIAN_POINT('',(4.566060531312,28.92445392616,-98.7534996876
    ));
#1123 = CARTESIAN_POINT('',(3.665626189278,28.660178972244,
    -100.0032181925));
#1124 = CARTESIAN_POINT('',(2.377457865714,28.477281519905,
    -100.9492377135));
#1125 = CARTESIAN_POINT('',(0.823975279085,28.409109667591,
    -101.4670940282));
#1126 = CARTESIAN_POINT('',(-0.823936475111,28.475004208666,
    -101.484603858));
#1127 = CARTESIAN_POINT('',(-2.377379333367,28.674827446968,
    -101.0022888925));
#1128 = CARTESIAN_POINT('',(-3.66585678877,28.989487186994,
    -100.0913968974));
#1129 = CARTESIAN_POINT('',(-4.565949409978,29.385460669892,
    -98.87703816111));
#1130 = CARTESIAN_POINT('',(-5.466043231013,30.258728516539,
    -96.14482678502));
#1131 = CARTESIAN_POINT('',(-4.565948396966,31.13199628082,
    -93.41261571633));
#1132 = CARTESIAN_POINT('',(-3.66585212155,31.527971037851,
    -92.19825222469));
#1133 = CARTESIAN_POINT('',(-2.377407208684,31.842622106365,
    -91.28739259295));
#1134 = CARTESIAN_POINT('',(-0.823899469736,32.042477188098,
    -90.80495878393));
#1135 = CARTESIAN_POINT('',(0.823969955109,32.108309612494,
    -90.82270043998));
#1136 = CARTESIAN_POINT('',(2.377409282677,32.040201178847,
    -91.34032006914));
#1137 = CARTESIAN_POINT('',(3.665694469235,31.857272146991,
    -92.28645744909));
#1138 = CARTESIAN_POINT('',(4.566028405205,31.593002760874,
    -93.53615517371));
#1139 = CARTESIAN_POINT('',(5.016001082489,31.288089556775,
    -94.93754221925));
#1140 = CARTESIAN_POINT('',(5.016002900094,30.983172887889,
    -96.33894116901));
#1141 = ADVANCED_FACE('',(#1142),#1171,.F.);
#1142 = FACE_BOUND('',#1143,.F.);
#1143 = EDGE_LOOP('',(#1144,#1145,#1146,#1166));
#1144 = ORIENTED_EDGE('',*,*,#1068,.F.);
#1145 = ORIENTED_EDGE('',*,*,#313,.F.);
#1146 = ORIENTED_EDGE('',*,*,#1147,.T.);
#1147 = EDGE_CURVE('',#305,#761,#1148,.T.);
#1148 = B_SPLINE_CURVE_WITH_KNOTS('',6,(#1149,#1150,#1151,#1152,#1153,
    #1154,#1155,#1156,#1157,#1158,#1159,#1160,#1161,#1162,#1163,#1164,
    #1165),.UNSPECIFIED.,.F.,.F.,(7,5,5,7),(0.,0.121612351106,
    0.722665574952,1.),.UNSPECIFIED.);
#1149 = CARTESIAN_POINT('',(2.531928015433,31.237840441952,
    -92.85268286114));
#1150 = CARTESIAN_POINT('',(2.597018874508,31.2297886299,-92.90021958854
    ));
#1151 = CARTESIAN_POINT('',(2.661017755172,31.22135354724,
    -92.94918669667));
#1152 = CARTESIAN_POINT('',(2.723882481952,31.212543241704,
    -92.99955414067));
#1153 = CARTESIAN_POINT('',(2.78557215018,31.203366155799,
    -93.05129040345));
#1154 = CARTESIAN_POINT('',(2.846047125998,31.193831126808,
    -93.10436249567));
#1155 = CARTESIAN_POINT('',(3.19796568306,31.135098287625,
    -93.42746970853));
#1156 = CARTESIAN_POINT('',(3.460118056645,31.077720303761,
    -93.72805117639));
#1157 = CARTESIAN_POINT('',(3.686933190301,31.012944862907,
    -94.05621738838));
#1158 = CARTESIAN_POINT('',(3.874750782188,30.942111200015,
    -94.40698958171));
#1159 = CARTESIAN_POINT('',(4.020742955935,30.866690211158,
    -94.77490667437));
#1160 = CARTESIAN_POINT('',(4.170581093866,30.752134893642,
    -95.32873879021));
#1161 = CARTESIAN_POINT('',(4.208641528303,30.715330782674,
    -95.50597343973));
#1162 = CARTESIAN_POINT('',(4.237293835888,30.678047249888,
    -95.68499756526));
#1163 = CARTESIAN_POINT('',(4.256431189615,30.640442573886,
    -95.86522054868));
#1164 = CARTESIAN_POINT('',(4.266,30.602676561132,-96.04604506334));
#1165 = CARTESIAN_POINT('',(4.266,30.564909791462,-96.22686791282));
#1166 = ORIENTED_EDGE('',*,*,#1167,.F.);
#1167 = EDGE_CURVE('',#1069,#761,#1168,.T.);
#1168 = B_SPLINE_CURVE_WITH_KNOTS('',1,(#1169,#1170),.UNSPECIFIED.,.F.,
  .F.,(2,2),(0.,0.9375),.PIECEWISE_BEZIER_KNOTS.);
#1169 = CARTESIAN_POINT('',(5.016002900094,30.983172887889,
    -96.33894116901));
#1170 = CARTESIAN_POINT('',(4.204105695215,30.530392426804,
    -96.21761914806));
#1171 = B_SPLINE_SURFACE_WITH_KNOTS('',1,9,(
    (#1172,#1173,#1174,#1175,#1176,#1177,#1178,#1179,#1180,#1181,#1182
      ,#1183,#1184,#1185,#1186,#1187,#1188,#1189,#1190,#1191,#1192,#1193
      ,#1194,#1195,#1196,#1197,#1198,#1199,#1200,#1201,#1202)
    ,(#1203,#1204,#1205,#1206,#1207,#1208,#1209,#1210,#1211,#1212,#1213
      ,#1214,#1215,#1216,#1217,#1218,#1219,#1220,#1221,#1222,#1223,#1224
      ,#1225,#1226,#1227,#1228,#1229,#1230,#1231,#1232,#1233
  )),.UNSPECIFIED.,.F.,.F.,.F.,(2,2),(10,7,7,7,10),(0.,0.9375),(0.,
    1.614938419963,3.229876839926,4.844815259889,6.459753679852),
  .UNSPECIFIED.);
#1172 = CARTESIAN_POINT('',(5.016,29.534284094651,-95.95071258966));
#1173 = CARTESIAN_POINT('',(5.016001110301,29.347946130327,
    -96.80712305895));
#1174 = CARTESIAN_POINT('',(4.844148952323,29.161609376499,
    -97.66352940265));
#1175 = CARTESIAN_POINT('',(4.500309585156,28.985251267039,
    -98.48269398041));
#1176 = CARTESIAN_POINT('',(3.994705454658,28.82886597975,
    -99.22731921692));
#1177 = CARTESIAN_POINT('',(3.347522003654,28.70160757094,
    -99.86324182486));
#1178 = CARTESIAN_POINT('',(2.587794458697,28.610998807283,
    -100.3623860941));
#1179 = CARTESIAN_POINT('',(1.750918190916,28.562265758466,
    -100.7052480306));
#1180 = CARTESIAN_POINT('',(9.31179978986E-06,28.553779547232,
    -101.0588943186));
#1181 = CARTESIAN_POINT('',(-1.750913593654,28.723253072038,
    -100.7483856868));
#1182 = CARTESIAN_POINT('',(-2.587803326967,28.852479660048,
    -100.4270930684));
#1183 = CARTESIAN_POINT('',(-3.347547711532,29.023583164971,
    -99.94951372823));
#1184 = CARTESIAN_POINT('',(-3.994732527491,29.231334290107,
    -99.33516366146));
#1185 = CARTESIAN_POINT('',(-4.50031789416,29.46821657466,
    -98.61209462223));
#1186 = CARTESIAN_POINT('',(-4.844103362834,29.725064829188,
    -97.81451152713));
#1187 = CARTESIAN_POINT('',(-5.187889081183,30.258728503812,
    -96.14482683252));
#1188 = CARTESIAN_POINT('',(-4.844102743771,30.792392146978,
    -94.47514225532));
#1189 = CARTESIAN_POINT('',(-4.500317279545,31.049240351719,
    -93.67755934602));
#1190 = CARTESIAN_POINT('',(-3.994733394607,31.286122718231,
    -92.95449000092));
#1191 = CARTESIAN_POINT('',(-3.347549310342,31.493874164022,
    -92.34013873745));
#1192 = CARTESIAN_POINT('',(-2.587804093909,31.664977791782,
    -91.86255893877));
#1193 = CARTESIAN_POINT('',(-1.750913726406,31.794203938557,
    -91.54126796706));
#1194 = CARTESIAN_POINT('',(9.33893800396E-06,31.963676775683,
    -91.23076190174));
#1195 = CARTESIAN_POINT('',(1.750918058164,31.955190830606,
    -91.58440719643));
#1196 = CARTESIAN_POINT('',(2.587794936127,31.906458367227,
    -91.92726694796));
#1197 = CARTESIAN_POINT('',(3.347522214469,31.815850285085,
    -92.42640867423));
#1198 = CARTESIAN_POINT('',(3.994713153369,31.688592969439,
    -93.06232720169));
#1199 = CARTESIAN_POINT('',(4.500311239928,31.532204134947,
    -93.80696567723));
#1200 = CARTESIAN_POINT('',(4.84413680856,31.355847493171,
    -94.62612477717));
#1201 = CARTESIAN_POINT('',(5.016001789336,31.169510852209,
    -95.48253069971));
#1202 = CARTESIAN_POINT('',(5.016002900094,30.983172887889,
    -96.33894116901));
#1203 = CARTESIAN_POINT('',(4.204101183952,29.081506363578,
    -95.82939116227));
#1204 = CARTESIAN_POINT('',(4.204102911086,28.931834883983,
    -96.54895631969));
#1205 = CARTESIAN_POINT('',(4.060065633538,28.78218146083,
    -97.26843458908));
#1206 = CARTESIAN_POINT('',(3.771903175469,28.640888325384,
    -97.95675950896));
#1207 = CARTESIAN_POINT('',(3.348111903193,28.516324649231,
    -98.58263698084));
#1208 = CARTESIAN_POINT('',(2.805678262786,28.416181878651,
    -99.11735643454));
#1209 = CARTESIAN_POINT('',(2.168926892637,28.346750783305,
    -99.53745836915));
#1210 = CARTESIAN_POINT('',(1.467511508033,28.312419320359,
    -99.82656856454));
#1211 = CARTESIAN_POINT('',(9.46818205593E-06,28.31833492256,
    -100.1264644687));
#1212 = CARTESIAN_POINT('',(-1.467509445073,28.47340762804,
    -99.86970560675));
#1213 = CARTESIAN_POINT('',(-2.168941285817,28.588233004915,
    -99.60216228665));
#1214 = CARTESIAN_POINT('',(-2.805709727222,28.738156202513,
    -99.20362914432));
#1215 = CARTESIAN_POINT('',(-3.348136856895,28.918793370679,
    -98.69046721292));
#1216 = CARTESIAN_POINT('',(-3.771887189001,29.123846251558,
    -98.08618487139));
#1217 = CARTESIAN_POINT('',(-4.060028031449,29.345635236436,
    -97.4194446042));
#1218 = CARTESIAN_POINT('',(-4.348168587109,29.805949450162,-96.02350495
    ));
#1219 = CARTESIAN_POINT('',(-4.060027021443,30.266263612562,
    -94.62756548735));
#1220 = CARTESIAN_POINT('',(-3.77188616344,30.488052517605,
    -93.9608255181));
#1221 = CARTESIAN_POINT('',(-3.348138115846,30.69310552246,
    -93.35654271389));
#1222 = CARTESIAN_POINT('',(-2.805712106987,30.873743184925,
    -92.84337893774));
#1223 = CARTESIAN_POINT('',(-2.168942357987,31.023666568324,
    -92.44484510199));
#1224 = CARTESIAN_POINT('',(-1.467509521491,31.138491253016,
    -92.17730436515));
#1225 = CARTESIAN_POINT('',(9.64971438882E-06,31.293562876601,
    -91.92054954087));
#1226 = CARTESIAN_POINT('',(1.467511431613,31.299478880654,
    -92.22044394532));
#1227 = CARTESIAN_POINT('',(2.168927756159,31.265148322575,
    -92.50955076353));
#1228 = CARTESIAN_POINT('',(2.805678697995,31.195718282084,
    -92.92964876204));
#1229 = CARTESIAN_POINT('',(3.348123968872,31.095577207484,
    -93.46436188513));
#1230 = CARTESIAN_POINT('',(3.771905819057,30.971008009941,
    -94.09025996418));
#1231 = CARTESIAN_POINT('',(4.060046790243,30.829717155171,
    -94.77857637191));
#1232 = CARTESIAN_POINT('',(4.204103990869,30.680063906393,
    -95.49805399063));
#1233 = CARTESIAN_POINT('',(4.204105695215,30.530392426804,
    -96.21761914806));
#1234 = ADVANCED_FACE('',(#1235),#1240,.F.);
#1235 = FACE_BOUND('',#1236,.T.);
#1236 = EDGE_LOOP('',(#1237,#1238,#1239));
#1237 = ORIENTED_EDGE('',*,*,#760,.F.);
#1238 = ORIENTED_EDGE('',*,*,#304,.T.);
#1239 = ORIENTED_EDGE('',*,*,#1147,.T.);
#1240 = CYLINDRICAL_SURFACE('',#1241,4.266);
#1241 = AXIS2_PLACEMENT_3D('',#1242,#1243,#1244);
#1242 = CARTESIAN_POINT('',(-7.E-15,30.349284010582,-96.16909115896));
#1243 = DIRECTION('',(0.,0.965925826289,-0.258819045103));
#1244 = DIRECTION('',(1.,0.,0.));
#1245 = ADVANCED_FACE('',(#1246),#1306,.T.);
#1246 = FACE_BOUND('',#1247,.T.);
#1247 = EDGE_LOOP('',(#1248,#1249,#1250,#1260,#1270,#1280,#1290,#1298));
#1248 = ORIENTED_EDGE('',*,*,#419,.F.);
#1249 = ORIENTED_EDGE('',*,*,#392,.F.);
#1250 = ORIENTED_EDGE('',*,*,#1251,.F.);
#1251 = EDGE_CURVE('',#1252,#393,#1254,.T.);
#1252 = VERTEX_POINT('',#1253);
#1253 = CARTESIAN_POINT('',(-19.02798907719,7.88165114046,-122.));
#1254 = B_SPLINE_CURVE_WITH_KNOTS('',4,(#1255,#1256,#1257,#1258,#1259),
  .UNSPECIFIED.,.F.,.F.,(5,5),(0.,1.),.PIECEWISE_BEZIER_KNOTS.);
#1255 = CARTESIAN_POINT('',(-21.29129407529,5.618346146499,-122.));
#1256 = CARTESIAN_POINT('',(-17.37305709309,9.536583128699,-122.));
#1257 = CARTESIAN_POINT('',(-13.45482011089,13.454820110898,-122.));
#1258 = CARTESIAN_POINT('',(-9.536583128699,17.373057093098,-122.));
#1259 = CARTESIAN_POINT('',(-5.618346146499,21.291294075297,-122.));
#1260 = ORIENTED_EDGE('',*,*,#1261,.F.);
#1261 = EDGE_CURVE('',#1262,#1252,#1264,.T.);
#1262 = VERTEX_POINT('',#1263);
#1263 = CARTESIAN_POINT('',(-19.02798907719,-7.881651140461,-122.));
#1264 = B_SPLINE_CURVE_WITH_KNOTS('',4,(#1265,#1266,#1267,#1268,#1269),
  .UNSPECIFIED.,.F.,.F.,(5,5),(0.,1.),.PIECEWISE_BEZIER_KNOTS.);
#1265 = CARTESIAN_POINT('',(-19.02798908012,-11.08244776163,-122.));
#1266 = CARTESIAN_POINT('',(-19.02798908012,-5.541223880818,-122.));
#1267 = CARTESIAN_POINT('',(-19.02798908012,1.3145E-13,-122.));
#1268 = CARTESIAN_POINT('',(-19.02798908012,5.541223880818,-122.));
#1269 = CARTESIAN_POINT('',(-19.02798908012,11.082447761637,-122.));
#1270 = ORIENTED_EDGE('',*,*,#1271,.F.);
#1271 = EDGE_CURVE('',#1272,#1262,#1274,.T.);
#1272 = VERTEX_POINT('',#1273);
#1273 = CARTESIAN_POINT('',(-7.88165114046,-19.02798907719,-122.));
#1274 = B_SPLINE_CURVE_WITH_KNOTS('',4,(#1275,#1276,#1277,#1278,#1279),
  .UNSPECIFIED.,.F.,.F.,(5,5),(0.,1.),.PIECEWISE_BEZIER_KNOTS.);
#1275 = CARTESIAN_POINT('',(-5.618346146499,-21.29129407529,-122.));
#1276 = CARTESIAN_POINT('',(-9.536583128699,-17.37305709309,-122.));
#1277 = CARTESIAN_POINT('',(-13.45482011089,-13.45482011089,-122.));
#1278 = CARTESIAN_POINT('',(-17.37305709309,-9.536583128699,-122.));
#1279 = CARTESIAN_POINT('',(-21.29129407529,-5.618346146499,-122.));
#1280 = ORIENTED_EDGE('',*,*,#1281,.F.);
#1281 = EDGE_CURVE('',#1282,#1272,#1284,.T.);
#1282 = VERTEX_POINT('',#1283);
#1283 = CARTESIAN_POINT('',(7.881651136863,-19.02798908012,-122.));
#1284 = B_SPLINE_CURVE_WITH_KNOTS('',4,(#1285,#1286,#1287,#1288,#1289),
  .UNSPECIFIED.,.F.,.F.,(5,5),(0.,1.),.PIECEWISE_BEZIER_KNOTS.);
#1285 = CARTESIAN_POINT('',(11.082447761637,-19.02798908012,-122.));
#1286 = CARTESIAN_POINT('',(5.541223880818,-19.02798908012,-122.));
#1287 = CARTESIAN_POINT('',(-3.55E-15,-19.02798908012,-122.));
#1288 = CARTESIAN_POINT('',(-5.541223880818,-19.02798908012,-122.));
#1289 = CARTESIAN_POINT('',(-11.08244776163,-19.02798908012,-122.));
#1290 = ORIENTED_EDGE('',*,*,#1291,.T.);
#1291 = EDGE_CURVE('',#1282,#1292,#1294,.T.);
#1292 = VERTEX_POINT('',#1293);
#1293 = CARTESIAN_POINT('',(19.027989080122,-7.881651136863,-122.));
#1294 = LINE('',#1295,#1296);
#1295 = CARTESIAN_POINT('',(22.352558632697,-4.5570815891,-122.));
#1296 = VECTOR('',#1297,1.);
#1297 = DIRECTION('',(0.707106781187,0.707106781187,0.));
#1298 = ORIENTED_EDGE('',*,*,#1299,.F.);
#1299 = EDGE_CURVE('',#420,#1292,#1300,.T.);
#1300 = B_SPLINE_CURVE_WITH_KNOTS('',4,(#1301,#1302,#1303,#1304,#1305),
  .UNSPECIFIED.,.F.,.F.,(5,5),(0.,1.),.PIECEWISE_BEZIER_KNOTS.);
#1301 = CARTESIAN_POINT('',(19.027989080122,11.082447761637,-122.));
#1302 = CARTESIAN_POINT('',(19.027989080122,5.541223880818,-122.));
#1303 = CARTESIAN_POINT('',(19.027989080122,-1.066E-14,-122.));
#1304 = CARTESIAN_POINT('',(19.027989080122,-5.541223880818,-122.));
#1305 = CARTESIAN_POINT('',(19.027989080122,-11.08244776163,-122.));
#1306 = PLANE('',#1307);
#1307 = AXIS2_PLACEMENT_3D('',#1308,#1309,#1310);
#1308 = CARTESIAN_POINT('',(25.166604983954,10.42434910324,-122.));
#1309 = DIRECTION('',(0.,0.,1.));
#1310 = DIRECTION('',(-0.923879532511,-0.382683432365,0.));
#1311 = ADVANCED_FACE('',(#1312),#1350,.T.);
#1312 = FACE_BOUND('',#1313,.T.);
#1313 = EDGE_LOOP('',(#1314,#1315,#1316,#1317));
#1314 = ORIENTED_EDGE('',*,*,#701,.F.);
#1315 = ORIENTED_EDGE('',*,*,#429,.F.);
#1316 = ORIENTED_EDGE('',*,*,#1299,.T.);
#1317 = ORIENTED_EDGE('',*,*,#1318,.F.);
#1318 = EDGE_CURVE('',#702,#1292,#1319,.T.);
#1319 = B_SPLINE_CURVE_WITH_KNOTS('',8,(#1320,#1321,#1322,#1323,#1324,
    #1325,#1326,#1327,#1328,#1329,#1330,#1331,#1332,#1333,#1334,#1335,
    #1336,#1337,#1338,#1339,#1340,#1341,#1342,#1343,#1344,#1345,#1346,
    #1347,#1348,#1349),.UNSPECIFIED.,.F.,.F.,(9,7,7,7,9),(0.,
    0.266713356439,0.533423250999,0.903158163504,1.),.UNSPECIFIED.);
#1320 = CARTESIAN_POINT('',(51.717790556719,-21.42221026456,7.11E-15));
#1321 = CARTESIAN_POINT('',(50.574292081604,-20.94855768761,
    -4.267594407507));
#1322 = CARTESIAN_POINT('',(49.430803571317,-20.47490923824,
    -8.53515162577));
#1323 = CARTESIAN_POINT('',(48.287326114981,-20.00126536755,
    -12.80266759012));
#1324 = CARTESIAN_POINT('',(47.143861169345,-19.52762667897,
    -17.07013686391));
#1325 = CARTESIAN_POINT('',(46.000410575899,-19.05399393526,
    -21.33755257459));
#1326 = CARTESIAN_POINT('',(44.856976589829,-18.58036807056,
    -25.60490630571));
#1327 = CARTESIAN_POINT('',(43.713561920814,-18.10675020723,
    -29.87218794459));
#1328 = CARTESIAN_POINT('',(41.42679249151,-17.15953929559,
    -38.40652763995));
#1329 = CARTESIAN_POINT('',(40.283438439037,-16.68594654047,
    -42.67358305482));
#1330 = CARTESIAN_POINT('',(39.140110327636,-16.21236453048,
    -46.94054165629));
#1331 = CARTESIAN_POINT('',(37.996812167779,-15.73879492683,
    -51.20738847707));
#1332 = CARTESIAN_POINT('',(36.853549339222,-15.26523995789,
    -55.47410343966));
#1333 = CARTESIAN_POINT('',(35.710328711198,-14.79170246897,
    -59.7406609077));
#1334 = CARTESIAN_POINT('',(34.567158824615,-14.31818599786,
    -64.00702900611));
#1335 = CARTESIAN_POINT('',(31.839380052784,-13.18830303541,
    -74.18723797439));
#1336 = CARTESIAN_POINT('',(30.25485755171,-12.53197232558,
    -80.10075645414));
#1337 = CARTESIAN_POINT('',(28.670479777932,-11.87570156376,
    -86.01373480426));
#1338 = CARTESIAN_POINT('',(27.086276933915,-11.21950326022,
    -91.92606030762));
#1339 = CARTESIAN_POINT('',(25.502314301419,-10.56340445555,
    -97.83748932939));
#1340 = CARTESIAN_POINT('',(23.918697568856,-9.90744892732,
    -103.747627435));
#1341 = CARTESIAN_POINT('',(22.335577922531,-9.251699298953,
    -109.6559103895));
#1342 = CARTESIAN_POINT('',(20.338706854824,-8.424568220399,
    -117.1083346704));
#1343 = CARTESIAN_POINT('',(19.924291088135,-8.252911589375,
    -118.6549553671));
#1344 = CARTESIAN_POINT('',(19.509931156048,-8.081278085801,
    -120.2013676863));
#1345 = CARTESIAN_POINT('',(19.095632590153,-7.909670000935,
    -121.7475509837));
#1346 = CARTESIAN_POINT('',(18.681401906151,-7.73809003367,
    -123.2934809425));
#1347 = CARTESIAN_POINT('',(18.267246666209,-7.566541316358,
    -124.8391293401));
#1348 = CARTESIAN_POINT('',(17.853175541317,-7.395027440641,
    -126.3844638162));
#1349 = CARTESIAN_POINT('',(17.439198373642,-7.223552483277,
    -127.9294476391));
#1350 = OFFSET_SURFACE('',#1351,8.,.F.);
#1351 = B_SPLINE_SURFACE_WITH_KNOTS('',2,2,(
    (#1352,#1353,#1354,#1355,#1356)
    ,(#1357,#1358,#1359,#1360,#1361)
    ,(#1362,#1363,#1364,#1365,#1366)
    ,(#1367,#1368,#1369,#1370,#1371)
    ,(#1372,#1373,#1374,#1375,#1376
    )),.UNSPECIFIED.,.F.,.F.,.F.,(3,1,1,3),(3,1,1,3),(-12.42640687119,0.
    ,49.705627484771,62.132034355964),(-0.24920487593,0.,1.,
    1.24920487593),.UNSPECIFIED.);
#1352 = CARTESIAN_POINT('',(68.708348754011,-40.88633677336,32.5));
#1353 = CARTESIAN_POINT('',(64.340325941597,-39.0770424837,
    16.198316935449));
#1354 = CARTESIAN_POINT('',(42.583302491977,-30.064988294,-65.));
#1355 = CARTESIAN_POINT('',(20.826279042357,-21.0529341043,
    -146.1983169354));
#1356 = CARTESIAN_POINT('',(16.458256229943,-19.24363981464,-162.5));
#1357 = CARTESIAN_POINT('',(68.680651883194,-35.5605718533,
    32.396633870898));
#1358 = CARTESIAN_POINT('',(64.340325941597,-33.31329451564,
    16.198316935449));
#1359 = CARTESIAN_POINT('',(42.583302491977,-22.04822677851,-65.));
#1360 = CARTESIAN_POINT('',(20.826279042357,-10.78315904138,
    -146.1983169354));
#1361 = CARTESIAN_POINT('',(16.48595310076,-8.535881703727,
    -162.3966338708));
#1362 = CARTESIAN_POINT('',(68.758249196151,1.533E-14,32.686230985383));
#1363 = CARTESIAN_POINT('',(64.340325941597,1.476E-14,16.198316935449));
#1364 = CARTESIAN_POINT('',(42.583302491977,1.199E-14,-65.));
#1365 = CARTESIAN_POINT('',(20.826279042357,9.22E-15,-146.1983169354));
#1366 = CARTESIAN_POINT('',(16.408355787804,8.65E-15,-162.6862309853));
#1367 = CARTESIAN_POINT('',(68.680651883194,35.560571853305,
    32.396633870898));
#1368 = CARTESIAN_POINT('',(64.340325941597,33.313294515644,
    16.198316935449));
#1369 = CARTESIAN_POINT('',(42.583302491977,22.048226778516,-65.));
#1370 = CARTESIAN_POINT('',(20.826279042357,10.783159041389,
    -146.1983169354));
#1371 = CARTESIAN_POINT('',(16.48595310076,8.535881703727,
    -162.3966338708));
#1372 = CARTESIAN_POINT('',(68.708348754011,40.886336773365,32.5));
#1373 = CARTESIAN_POINT('',(64.340325941597,39.077042483708,
    16.198316935449));
#1374 = CARTESIAN_POINT('',(42.583302491977,30.064988294006,-65.));
#1375 = CARTESIAN_POINT('',(20.826279042357,21.052934104304,
    -146.1983169354));
#1376 = CARTESIAN_POINT('',(16.458256229943,19.243639814647,-162.5));
#1377 = ADVANCED_FACE('',(#1378),#1526,.T.);
#1378 = FACE_BOUND('',#1379,.T.);
#1379 = EDGE_LOOP('',(#1380,#1419,#1461,#1476,#1484,#1485));
#1380 = ORIENTED_EDGE('',*,*,#1381,.F.);
#1381 = EDGE_CURVE('',#1382,#1384,#1386,.T.);
#1382 = VERTEX_POINT('',#1383);
#1383 = CARTESIAN_POINT('',(-51.71779055645,21.422210264455,-9.88275E-10
    ));
#1384 = VERTEX_POINT('',#1385);
#1385 = CARTESIAN_POINT('',(-21.42221026451,51.717790556592,-4.74808E-10
    ));
#1386 = B_SPLINE_CURVE_WITH_KNOTS('',6,(#1387,#1388,#1389,#1390,#1391,
    #1392,#1393,#1394,#1395,#1396,#1397,#1398,#1399,#1400,#1401,#1402,
    #1403,#1404,#1405,#1406,#1407,#1408,#1409,#1410,#1411,#1412,#1413,
    #1414,#1415,#1416,#1417,#1418),.UNSPECIFIED.,.F.,.F.,(7,5,5,5,5,5,7)
  ,(0.,0.165504979191,0.175489570029,0.49999268611,0.831485100076,
    0.841471892092,1.),.UNSPECIFIED.);
#1387 = CARTESIAN_POINT('',(-62.76789211629,10.372108704986,0.));
#1388 = CARTESIAN_POINT('',(-61.31134148735,11.828659333932,0.));
#1389 = CARTESIAN_POINT('',(-59.85739688736,13.282603933924,0.));
#1390 = CARTESIAN_POINT('',(-58.40608205705,14.733918764225,0.));
#1391 = CARTESIAN_POINT('',(-56.9574211079,16.182579713376,0.));
#1392 = CARTESIAN_POINT('',(-55.51143852208,17.628562299196,0.));
#1393 = CARTESIAN_POINT('',(-53.98108893842,19.158911882864,0.));
#1394 = CARTESIAN_POINT('',(-53.89404026555,19.245960555726,0.));
#1395 = CARTESIAN_POINT('',(-53.80698730839,19.333013512894,0.));
#1396 = CARTESIAN_POINT('',(-53.7199289389,19.420071882378,0.));
#1397 = CARTESIAN_POINT('',(-53.63287259908,19.507128222199,0.));
#1398 = CARTESIAN_POINT('',(-50.7165152129,22.423485608374,0.));
#1399 = CARTESIAN_POINT('',(-47.88721225245,25.252788568827,0.));
#1400 = CARTESIAN_POINT('',(-45.057909292,28.08209152928,0.));
#1401 = CARTESIAN_POINT('',(-42.22860633155,30.911394489734,0.));
#1402 = CARTESIAN_POINT('',(-39.39930337109,33.740697450188,0.));
#1403 = CARTESIAN_POINT('',(-33.67975861719,39.460242204089,0.));
#1404 = CARTESIAN_POINT('',(-30.78951682374,42.350483997537,0.));
#1405 = CARTESIAN_POINT('',(-27.89927503029,45.240725790985,0.));
#1406 = CARTESIAN_POINT('',(-25.00903323685,48.130967584432,0.));
#1407 = CARTESIAN_POINT('',(-22.1187914434,51.021209377881,0.));
#1408 = CARTESIAN_POINT('',(-19.14147603242,53.99852478886,0.));
#1409 = CARTESIAN_POINT('',(-19.05440683398,54.085593987295,0.));
#1410 = CARTESIAN_POINT('',(-18.96731419783,54.17268662345,0.));
#1411 = CARTESIAN_POINT('',(-18.88022031496,54.259780506322,0.));
#1412 = CARTESIAN_POINT('',(-18.79311333423,54.346887487046,0.));
#1413 = CARTESIAN_POINT('',(-17.32313341142,55.816867409863,0.));
#1414 = CARTESIAN_POINT('',(-15.93779389395,57.202206927329,0.));
#1415 = CARTESIAN_POINT('',(-14.55000033903,58.590000482252,0.));
#1416 = CARTESIAN_POINT('',(-13.15977422801,59.98022659327,0.));
#1417 = CARTESIAN_POINT('',(-11.76713673063,61.372864090653,0.));
#1418 = CARTESIAN_POINT('',(-10.37210870498,62.767892116298,0.));
#1419 = ORIENTED_EDGE('',*,*,#1420,.T.);
#1420 = EDGE_CURVE('',#1382,#1421,#1423,.T.);
#1421 = VERTEX_POINT('',#1422);
#1422 = CARTESIAN_POINT('',(-40.5,16.77564927611,-41.86536430634));
#1423 = B_SPLINE_CURVE_WITH_KNOTS('',6,(#1424,#1425,#1426,#1427,#1428,
    #1429,#1430,#1431,#1432,#1433,#1434,#1435,#1436,#1437,#1438,#1439,
    #1440,#1441,#1442,#1443,#1444,#1445,#1446,#1447,#1448,#1449,#1450,
    #1451,#1452,#1453,#1454,#1455,#1456,#1457,#1458,#1459,#1460),
  .UNSPECIFIED.,.F.,.F.,(7,5,5,5,5,5,5,7),(0.,0.133398979938,
    0.266578639652,0.399777145593,0.53273626539,0.718383866094,
    0.903836221459,1.),.UNSPECIFIED.);
#1424 = CARTESIAN_POINT('',(-51.71779055671,21.422210264564,0.));
#1425 = CARTESIAN_POINT('',(-50.95476989306,21.106156757307,
    -2.847631883988));
#1426 = CARTESIAN_POINT('',(-50.1917584311,20.790107061517,
    -5.695229426782));
#1427 = CARTESIAN_POINT('',(-49.42875703339,20.474061534477,
    -8.54278940927));
#1428 = CARTESIAN_POINT('',(-48.66576672852,20.158020602238,
    -11.39030799275));
#1429 = CARTESIAN_POINT('',(-47.90278872553,19.841984765609,
    -14.23778066495));
#1430 = CARTESIAN_POINT('',(-46.378114515,19.210444029408,
    -19.92794228363));
#1431 = CARTESIAN_POINT('',(-45.61641829397,18.894939124249,
    -22.77063128045));
#1432 = CARTESIAN_POINT('',(-44.85473714601,18.579440462561,
    -25.61326402379));
#1433 = CARTESIAN_POINT('',(-44.09307274538,18.263948737843,
    -28.45583426526));
#1434 = CARTESIAN_POINT('',(-43.33142708784,17.948464776766,
    -31.29833455658));
#1435 = CARTESIAN_POINT('',(-41.808070172,17.317469681892,
    -36.98357996453));
#1436 = CARTESIAN_POINT('',(-41.04635898348,17.001958576996,
    -39.82632482079));
#1437 = CARTESIAN_POINT('',(-40.28467126307,16.686457192906,
    -42.66898209289));
#1438 = CARTESIAN_POINT('',(-39.52300987089,16.37096671433,
    -45.51154110665));
#1439 = CARTESIAN_POINT('',(-38.76137827493,16.055488577752,
    -48.35398891942));
#1440 = CARTESIAN_POINT('',(-37.23955169611,15.425127369225,
    -54.03352303189));
#1441 = CARTESIAN_POINT('',(-36.47935672865,15.110244303655,
    -56.87060927411));
#1442 = CARTESIAN_POINT('',(-35.71919973369,14.79537696681,
    -59.70755380103));
#1443 = CARTESIAN_POINT('',(-34.95908582531,14.480527477011,
    -62.54433752664));
#1444 = CARTESIAN_POINT('',(-34.19902133108,14.165698455221,
    -65.38093683615));
#1445 = CARTESIAN_POINT('',(-32.37783396494,13.411337948542,
    -72.17770061669));
#1446 = CARTESIAN_POINT('',(-31.31676699024,12.971829617038,
    -76.13765647649));
#1447 = CARTESIAN_POINT('',(-30.2558315647,12.532375774976,
    -80.09712138816));
#1448 = CARTESIAN_POINT('',(-29.19505671637,12.092988446176,
    -84.05598701749));
#1449 = CARTESIAN_POINT('',(-28.13448289857,11.653684386945,
    -88.01410239071));
#1450 = CARTESIAN_POINT('',(-26.01496208092,10.775750118542,
    -95.92426176988));
#1451 = CARTESIAN_POINT('',(-24.95602243513,10.337122955522,
    -99.87627833011));
#1452 = CARTESIAN_POINT('',(-23.89739205145,9.898623893059,
    -103.8271407084));
#1453 = CARTESIAN_POINT('',(-22.83915380029,9.460287257209,
    -107.7765396282));
#1454 = CARTESIAN_POINT('',(-21.78143062843,9.022163974186,
    -111.724016246));
#1455 = CARTESIAN_POINT('',(-20.17628897855,8.357292533276,
    -117.7144864367));
#1456 = CARTESIAN_POINT('',(-19.6283677712,8.130336138081,-119.759356221
    ));
#1457 = CARTESIAN_POINT('',(-19.08066004508,7.903468169705,
    -121.8034292826));
#1458 = CARTESIAN_POINT('',(-18.53319914712,7.676702440902,
    -123.846581169));
#1459 = CARTESIAN_POINT('',(-17.98602764698,7.450056584597,
    -125.888653008));
#1460 = CARTESIAN_POINT('',(-17.43919837364,7.223552483277,
    -127.9294476391));
#1461 = ORIENTED_EDGE('',*,*,#1462,.F.);
#1462 = EDGE_CURVE('',#1463,#1421,#1465,.T.);
#1463 = VERTEX_POINT('',#1464);
#1464 = CARTESIAN_POINT('',(-40.5,20.25,-32.69669716167));
#1465 = B_SPLINE_CURVE_WITH_KNOTS('',5,(#1466,#1467,#1468,#1469,#1470,
    #1471,#1472,#1473,#1474,#1475),.UNSPECIFIED.,.F.,.F.,(6,4,6),(0.,
    4.879406003123E-02,1.),.UNSPECIFIED.);
#1466 = CARTESIAN_POINT('',(-40.5,20.25,-32.69669716167));
#1467 = CARTESIAN_POINT('',(-40.5,20.209648554001,-32.80318295041));
#1468 = CARTESIAN_POINT('',(-40.5,20.169304208642,-32.90965000085));
#1469 = CARTESIAN_POINT('',(-40.5,20.128967124236,-33.01609788993));
#1470 = CARTESIAN_POINT('',(-40.5,20.088637339695,-33.12252651498));
#1471 = CARTESIAN_POINT('',(-40.5,19.262254637835,-35.30331611557));
#1472 = CARTESIAN_POINT('',(-40.5,18.478953855546,-37.37041432117));
#1473 = CARTESIAN_POINT('',(-40.5,17.698612715726,-39.42970215331));
#1474 = CARTESIAN_POINT('',(-40.5,16.921454870797,-41.48058940255));
#1475 = CARTESIAN_POINT('',(-40.5,16.147725562263,-43.52242888676));
#1476 = ORIENTED_EDGE('',*,*,#1477,.T.);
#1477 = EDGE_CURVE('',#1463,#510,#1478,.T.);
#1478 = B_SPLINE_CURVE_WITH_KNOTS('',4,(#1479,#1480,#1481,#1482,#1483),
  .UNSPECIFIED.,.F.,.F.,(5,5),(0.,1.),.PIECEWISE_BEZIER_KNOTS.);
#1479 = CARTESIAN_POINT('',(-40.5,20.25,-32.69669716167));
#1480 = CARTESIAN_POINT('',(-35.4375,25.3125,-32.69669716167));
#1481 = CARTESIAN_POINT('',(-30.375,30.375,-32.69669716167));
#1482 = CARTESIAN_POINT('',(-25.3125,35.4375,-32.69669716167));
#1483 = CARTESIAN_POINT('',(-20.25,40.5,-32.69669716167));
#1484 = ORIENTED_EDGE('',*,*,#509,.T.);
#1485 = ORIENTED_EDGE('',*,*,#1486,.F.);
#1486 = EDGE_CURVE('',#1384,#512,#1487,.T.);
#1487 = B_SPLINE_CURVE_WITH_KNOTS('',5,(#1488,#1489,#1490,#1491,#1492,
    #1493,#1494,#1495,#1496,#1497,#1498,#1499,#1500,#1501,#1502,#1503,
    #1504,#1505,#1506,#1507,#1508,#1509,#1510,#1511,#1512,#1513,#1514,
    #1515,#1516,#1517,#1518,#1519,#1520,#1521,#1522,#1523,#1524,#1525),
  .UNSPECIFIED.,.F.,.F.,(6,4,4,4,4,4,4,4,4,6),(0.,0.133158898816,
    0.266218713795,0.399297317116,0.532406281312,0.625171459624,
    0.717973602993,0.810833144791,0.903384765866,1.),.UNSPECIFIED.);
#1488 = CARTESIAN_POINT('',(-21.42221026456,51.717790556719,0.));
#1489 = CARTESIAN_POINT('',(-21.0436288054,50.803814063558,
    -3.411006709403));
#1490 = CARTESIAN_POINT('',(-20.66505304284,49.889851323194,
    -6.821962092663));
#1491 = CARTESIAN_POINT('',(-20.28648368766,48.975904051619,
    -10.23285974562));
#1492 = CARTESIAN_POINT('',(-19.90792165539,48.061974459121,
    -13.64369141936));
#1493 = CARTESIAN_POINT('',(-19.15109623099,46.234836255184,
    -20.46266402891));
#1494 = CARTESIAN_POINT('',(-18.77283284571,45.321627660292,
    -23.87080490295));
#1495 = CARTESIAN_POINT('',(-18.39457908583,44.408442303162,
    -27.27885905249));
#1496 = CARTESIAN_POINT('',(-18.01633645413,43.495283811854,
    -30.68681293741));
#1497 = CARTESIAN_POINT('',(-17.25982390991,41.66890096748,
    -37.50296650669));
#1498 = CARTESIAN_POINT('',(-16.88155404045,40.755676718391,
    -40.91116580299));
#1499 = CARTESIAN_POINT('',(-16.50329918298,39.842488711457,
    -44.31922984173));
#1500 = CARTESIAN_POINT('',(-16.12506192318,38.929343189051,
    -47.72713532606));
#1501 = CARTESIAN_POINT('',(-15.36854312762,37.102945252616,
    -54.54334521967));
#1502 = CARTESIAN_POINT('',(-14.99026168683,36.189693067887,
    -57.9516487732));
#1503 = CARTESIAN_POINT('',(-14.61200468677,35.27649988828,
    -61.35973211662));
#1504 = CARTESIAN_POINT('',(-14.233776821,34.363377045069,
    -64.76755296103));
#1505 = CARTESIAN_POINT('',(-13.59201781212,32.814033742047,
    -70.54978088628));
#1506 = CARTESIAN_POINT('',(-13.3284684613,32.177769324939,
    -72.92435201797));
#1507 = CARTESIAN_POINT('',(-13.06493856347,31.541551871513,
    -75.29874787882));
#1508 = CARTESIAN_POINT('',(-12.80143090656,30.90538811241,
    -77.67294334973));
#1509 = CARTESIAN_POINT('',(-12.27436212203,29.632931504491,
    -82.42181606091));
#1510 = CARTESIAN_POINT('',(-12.01080107457,28.996638849206,
    -84.79649257892));
#1511 = CARTESIAN_POINT('',(-11.74726935045,28.360416986715,
    -87.17090489462));
#1512 = CARTESIAN_POINT('',(-11.48377154379,27.724277008213,
    -89.54501161511));
#1513 = CARTESIAN_POINT('',(-10.95669264321,26.451795978003,
    -94.29397547152));
#1514 = CARTESIAN_POINT('',(-10.69311171912,25.815455336284,
    -96.66883107734));
#1515 = CARTESIAN_POINT('',(-10.42957662983,25.179225349552,
    -99.04327371312));
#1516 = CARTESIAN_POINT('',(-10.16609529118,24.54312512835,
    -101.4172320573));
#1517 = CARTESIAN_POINT('',(-9.64013444825,23.273343328066,
    -106.1561222505));
#1518 = CARTESIAN_POINT('',(-9.377654774509,22.639661339873,
    -108.5210556263));
#1519 = CARTESIAN_POINT('',(-9.11524921904,22.006158289017,
    -110.8853211988));
#1520 = CARTESIAN_POINT('',(-8.85293196076,21.372868406433,
    -113.2487912165));
#1521 = CARTESIAN_POINT('',(-8.31699963179,20.07901330932,
    -118.0775241766));
#1522 = CARTESIAN_POINT('',(-8.043394916213,19.418473094245,
    -120.5426938197));
#1523 = CARTESIAN_POINT('',(-7.769929058581,18.758268111902,
    -123.0066123572));
#1524 = CARTESIAN_POINT('',(-7.496633457234,18.098474164593,
    -125.4689968911));
#1525 = CARTESIAN_POINT('',(-7.223552483277,17.439198373642,
    -127.9294476391));
#1526 = OFFSET_SURFACE('',#1527,8.,.F.);
#1527 = B_SPLINE_SURFACE_WITH_KNOTS('',2,2,(
    (#1528,#1529,#1530,#1531,#1532)
    ,(#1533,#1534,#1535,#1536,#1537)
    ,(#1538,#1539,#1540,#1541,#1542)
    ,(#1543,#1544,#1545,#1546,#1547)
    ,(#1548,#1549,#1550,#1551,#1552
    )),.UNSPECIFIED.,.F.,.F.,.F.,(3,1,1,3),(3,1,1,3),(-12.42640687119,0.
    ,49.705627484771,62.132034355964),(-0.24920487593,0.,1.,
    1.24920487593),.UNSPECIFIED.);
#1528 = CARTESIAN_POINT('',(-19.67313333776,77.495145318415,32.5));
#1529 = CARTESIAN_POINT('',(-17.86383904811,73.127122506001,
    16.198316935449));
#1530 = CARTESIAN_POINT('',(-8.851784858409,51.370099056381,-65.));
#1531 = CARTESIAN_POINT('',(0.160269331293,29.613075606761,
    -146.1983169354));
#1532 = CARTESIAN_POINT('',(1.96956362095,25.245052794346,-162.5));
#1533 = CARTESIAN_POINT('',(-23.41943318257,73.709676183263,
    32.396633870898));
#1534 = CARTESIAN_POINT('',(-21.93942432138,69.051537232732,
    16.198316935449));
#1535 = CARTESIAN_POINT('',(-14.52049128916,45.701392625623,-65.));
#1536 = CARTESIAN_POINT('',(-7.101558256955,22.351248018513,
    -146.1983169354));
#1537 = CARTESIAN_POINT('',(-5.621549395759,17.693109067982,
    -162.3966338708));
#1538 = CARTESIAN_POINT('',(-48.61942426911,48.619424269113,
    32.686230985383));
#1539 = CARTESIAN_POINT('',(-45.49548077705,45.495480777056,
    16.198316935449));
#1540 = CARTESIAN_POINT('',(-30.11094195739,30.110941957395,-65.));
#1541 = CARTESIAN_POINT('',(-14.72640313773,14.726403137734,
    -146.1983169354));
#1542 = CARTESIAN_POINT('',(-11.60245964567,11.602459645677,
    -162.6862309853));
#1543 = CARTESIAN_POINT('',(-73.70967618326,23.419433182575,
    32.396633870898));
#1544 = CARTESIAN_POINT('',(-69.05153723273,21.93942432138,
    16.198316935449));
#1545 = CARTESIAN_POINT('',(-45.70139262562,14.520491289167,-65.));
#1546 = CARTESIAN_POINT('',(-22.35124801851,7.101558256955,
    -146.1983169354));
#1547 = CARTESIAN_POINT('',(-17.69310906798,5.621549395759,
    -162.3966338708));
#1548 = CARTESIAN_POINT('',(-77.49514531841,19.673133337769,32.5));
#1549 = CARTESIAN_POINT('',(-73.127122506,17.863839048111,
    16.198316935449));
#1550 = CARTESIAN_POINT('',(-51.37009905638,8.851784858409,-65.));
#1551 = CARTESIAN_POINT('',(-29.61307560676,-0.160269331293,
    -146.1983169354));
#1552 = CARTESIAN_POINT('',(-25.24505279434,-1.96956362095,-162.5));
#1553 = ADVANCED_FACE('',(#1554),#1635,.T.);
#1554 = FACE_BOUND('',#1555,.T.);
#1555 = EDGE_LOOP('',(#1556,#1593,#1594,#1595));
#1556 = ORIENTED_EDGE('',*,*,#1557,.F.);
#1557 = EDGE_CURVE('',#1384,#1558,#1560,.T.);
#1558 = VERTEX_POINT('',#1559);
#1559 = CARTESIAN_POINT('',(21.422210264455,51.717790556455,-9.88273E-10
    ));
#1560 = B_SPLINE_CURVE_WITH_KNOTS('',6,(#1561,#1562,#1563,#1564,#1565,
    #1566,#1567,#1568,#1569,#1570,#1571,#1572,#1573,#1574,#1575,#1576,
    #1577,#1578,#1579,#1580,#1581,#1582,#1583,#1584,#1585,#1586,#1587,
    #1588,#1589,#1590,#1591,#1592),.UNSPECIFIED.,.F.,.F.,(7,5,5,5,5,5,7)
  ,(0.,0.165504979191,0.175489570029,0.49999268611,0.831485100076,
    0.841471892092,1.),.UNSPECIFIED.);
#1561 = CARTESIAN_POINT('',(-37.04941375572,51.717790556719,0.));
#1562 = CARTESIAN_POINT('',(-34.98954010198,51.717790556719,0.));
#1563 = CARTESIAN_POINT('',(-32.93335192973,51.717790556719,0.));
#1564 = CARTESIAN_POINT('',(-30.88088281345,51.717790556719,0.));
#1565 = CARTESIAN_POINT('',(-28.83216685188,51.717790556719,0.));
#1566 = CARTESIAN_POINT('',(-26.78723866805,51.717790556719,0.));
#1567 = CARTESIAN_POINT('',(-24.62299753166,51.717790556719,0.));
#1568 = CARTESIAN_POINT('',(-24.49989211791,51.717790556719,0.));
#1569 = CARTESIAN_POINT('',(-24.37678064524,51.717790556719,0.));
#1570 = CARTESIAN_POINT('',(-24.2536615184,51.717790556719,0.));
#1571 = CARTESIAN_POINT('',(-24.13054526193,51.717790556719,0.));
#1572 = CARTESIAN_POINT('',(-20.00619309367,51.717790556719,0.));
#1573 = CARTESIAN_POINT('',(-16.00495447494,51.717790556719,0.));
#1574 = CARTESIAN_POINT('',(-12.0037158562,51.717790556719,0.));
#1575 = CARTESIAN_POINT('',(-8.002477237472,51.717790556719,0.));
#1576 = CARTESIAN_POINT('',(-4.001238618736,51.717790556719,0.));
#1577 = CARTESIAN_POINT('',(4.08741914283,51.717790556719,0.));
#1578 = CARTESIAN_POINT('',(8.174838285662,51.717790556719,0.));
#1579 = CARTESIAN_POINT('',(12.262257428493,51.717790556719,0.));
#1580 = CARTESIAN_POINT('',(16.349676571325,51.717790556719,0.));
#1581 = CARTESIAN_POINT('',(20.437095714157,51.717790556719,0.));
#1582 = CARTESIAN_POINT('',(24.647655547825,51.717790556719,0.));
#1583 = CARTESIAN_POINT('',(24.770789989118,51.717790556719,0.));
#1584 = CARTESIAN_POINT('',(24.893957576351,51.717790556719,0.));
#1585 = CARTESIAN_POINT('',(25.017126926709,51.717790556719,0.));
#1586 = CARTESIAN_POINT('',(25.140314800226,51.717790556719,0.));
#1587 = CARTESIAN_POINT('',(27.21918034349,51.717790556719,0.));
#1588 = CARTESIAN_POINT('',(29.178346277582,51.717790556719,0.));
#1589 = CARTESIAN_POINT('',(31.140982744727,51.717790556719,0.));
#1590 = CARTESIAN_POINT('',(33.107059365695,51.717790556719,0.));
#1591 = CARTESIAN_POINT('',(35.076546201963,51.717790556719,0.));
#1592 = CARTESIAN_POINT('',(37.04941375572,51.717790556719,0.));
#1593 = ORIENTED_EDGE('',*,*,#1486,.T.);
#1594 = ORIENTED_EDGE('',*,*,#565,.T.);
#1595 = ORIENTED_EDGE('',*,*,#1596,.F.);
#1596 = EDGE_CURVE('',#1558,#551,#1597,.T.);
#1597 = B_SPLINE_CURVE_WITH_KNOTS('',6,(#1598,#1599,#1600,#1601,#1602,
    #1603,#1604,#1605,#1606,#1607,#1608,#1609,#1610,#1611,#1612,#1613,
    #1614,#1615,#1616,#1617,#1618,#1619,#1620,#1621,#1622,#1623,#1624,
    #1625,#1626,#1627,#1628,#1629,#1630,#1631,#1632,#1633,#1634),
  .UNSPECIFIED.,.F.,.F.,(7,5,5,5,5,5,5,7),(0.,0.133398979937,
    0.266578639652,0.399777145593,0.53273626539,0.718383866094,
    0.903836221459,1.),.UNSPECIFIED.);
#1598 = CARTESIAN_POINT('',(21.422210264564,51.717790556719,0.));
#1599 = CARTESIAN_POINT('',(21.106156757308,50.954769893065,
    -2.847631883983));
#1600 = CARTESIAN_POINT('',(20.790107061517,50.191758431102,
    -5.695229426787));
#1601 = CARTESIAN_POINT('',(20.474061534477,49.428757033396,
    -8.54278940927));
#1602 = CARTESIAN_POINT('',(20.158020602239,48.665766728522,
    -11.39030799274));
#1603 = CARTESIAN_POINT('',(19.841984765609,47.902788725534,
    -14.23778066495));
#1604 = CARTESIAN_POINT('',(19.210444029408,46.378114515006,
    -19.92794228363));
#1605 = CARTESIAN_POINT('',(18.894939124249,45.616418293976,
    -22.77063128044));
#1606 = CARTESIAN_POINT('',(18.579440462561,44.854737146019,
    -25.61326402379));
#1607 = CARTESIAN_POINT('',(18.263948737843,44.093072745387,
    -28.45583426526));
#1608 = CARTESIAN_POINT('',(17.948464776766,43.331427087844,
    -31.29833455658));
#1609 = CARTESIAN_POINT('',(17.317469681892,41.80807017201,
    -36.98357996453));
#1610 = CARTESIAN_POINT('',(17.001958576996,41.046358983489,
    -39.82632482079));
#1611 = CARTESIAN_POINT('',(16.686457192906,40.284671263071,
    -42.66898209289));
#1612 = CARTESIAN_POINT('',(16.37096671433,39.523009870895,
    -45.51154110665));
#1613 = CARTESIAN_POINT('',(16.055488577752,38.761378274936,
    -48.35398891942));
#1614 = CARTESIAN_POINT('',(15.425127369225,37.239551696115,
    -54.03352303189));
#1615 = CARTESIAN_POINT('',(15.110244303655,36.479356728654,
    -56.87060927411));
#1616 = CARTESIAN_POINT('',(14.79537696681,35.719199733695,
    -59.70755380103));
#1617 = CARTESIAN_POINT('',(14.480527477011,34.959085825315,
    -62.54433752664));
#1618 = CARTESIAN_POINT('',(14.165698455221,34.199021331082,
    -65.38093683615));
#1619 = CARTESIAN_POINT('',(13.411337948542,32.377833964938,
    -72.1777006167));
#1620 = CARTESIAN_POINT('',(12.971829617039,31.316766990247,
    -76.13765647648));
#1621 = CARTESIAN_POINT('',(12.532375774975,30.255831564701,
    -80.09712138817));
#1622 = CARTESIAN_POINT('',(12.092988446176,29.195056716379,
    -84.0559870175));
#1623 = CARTESIAN_POINT('',(11.653684386945,28.134482898577,
    -88.01410239071));
#1624 = CARTESIAN_POINT('',(10.775750118542,26.014962080928,
    -95.92426176988));
#1625 = CARTESIAN_POINT('',(10.33712295552,24.956022435134,
    -99.87627833013));
#1626 = CARTESIAN_POINT('',(9.89862389306,23.897392051457,
    -103.8271407084));
#1627 = CARTESIAN_POINT('',(9.460287257207,22.839153800294,
    -107.7765396283));
#1628 = CARTESIAN_POINT('',(9.022163974185,21.781430628432,
    -111.724016246));
#1629 = CARTESIAN_POINT('',(8.357292533275,20.176288978552,
    -117.7144864367));
#1630 = CARTESIAN_POINT('',(8.13033613808,19.628367771205,-119.759356221
    ));
#1631 = CARTESIAN_POINT('',(7.903468169704,19.080660045084,
    -121.8034292826));
#1632 = CARTESIAN_POINT('',(7.676702440902,18.533199147128,
    -123.846581169));
#1633 = CARTESIAN_POINT('',(7.450056584597,17.986027646981,
    -125.888653008));
#1634 = CARTESIAN_POINT('',(7.223552483277,17.439198373642,
    -127.9294476391));
#1635 = OFFSET_SURFACE('',#1636,8.,.F.);
#1636 = B_SPLINE_SURFACE_WITH_KNOTS('',2,2,(
    (#1637,#1638,#1639,#1640,#1641)
    ,(#1642,#1643,#1644,#1645,#1646)
    ,(#1647,#1648,#1649,#1650,#1651)
    ,(#1652,#1653,#1654,#1655,#1656)
    ,(#1657,#1658,#1659,#1660,#1661
    )),.UNSPECIFIED.,.F.,.F.,.F.,(3,1,1,3),(3,1,1,3),(-12.42640687119,0.
    ,49.705627484771,62.132034355964),(-0.24920487593,0.,1.,
    1.24920487593),.UNSPECIFIED.);
#1637 = CARTESIAN_POINT('',(40.886336773365,68.708348754011,32.5));
#1638 = CARTESIAN_POINT('',(39.077042483708,64.340325941597,
    16.198316935449));
#1639 = CARTESIAN_POINT('',(30.064988294006,42.583302491977,-65.));
#1640 = CARTESIAN_POINT('',(21.052934104304,20.826279042357,
    -146.1983169354));
#1641 = CARTESIAN_POINT('',(19.243639814647,16.458256229943,-162.5));
#1642 = CARTESIAN_POINT('',(35.560571853305,68.680651883194,
    32.396633870898));
#1643 = CARTESIAN_POINT('',(33.313294515644,64.340325941597,
    16.198316935449));
#1644 = CARTESIAN_POINT('',(22.048226778516,42.583302491977,-65.));
#1645 = CARTESIAN_POINT('',(10.783159041389,20.826279042357,
    -146.1983169354));
#1646 = CARTESIAN_POINT('',(8.535881703727,16.48595310076,
    -162.3966338708));
#1647 = CARTESIAN_POINT('',(6.66E-15,68.758249196151,32.686230985383));
#1648 = CARTESIAN_POINT('',(6.88E-15,64.340325941597,16.198316935449));
#1649 = CARTESIAN_POINT('',(7.99E-15,42.583302491977,-65.));
#1650 = CARTESIAN_POINT('',(9.1E-15,20.826279042357,-146.1983169354));
#1651 = CARTESIAN_POINT('',(9.33E-15,16.408355787804,-162.6862309853));
#1652 = CARTESIAN_POINT('',(-35.5605718533,68.680651883194,
    32.396633870898));
#1653 = CARTESIAN_POINT('',(-33.31329451564,64.340325941597,
    16.198316935449));
#1654 = CARTESIAN_POINT('',(-22.04822677851,42.583302491977,-65.));
#1655 = CARTESIAN_POINT('',(-10.78315904138,20.826279042357,
    -146.1983169354));
#1656 = CARTESIAN_POINT('',(-8.535881703727,16.48595310076,
    -162.3966338708));
#1657 = CARTESIAN_POINT('',(-40.88633677336,68.708348754011,32.5));
#1658 = CARTESIAN_POINT('',(-39.0770424837,64.340325941597,
    16.198316935449));
#1659 = CARTESIAN_POINT('',(-30.064988294,42.583302491977,-65.));
#1660 = CARTESIAN_POINT('',(-21.0529341043,20.826279042357,
    -146.1983169354));
#1661 = CARTESIAN_POINT('',(-19.24363981464,16.458256229943,-162.5));
#1662 = ADVANCED_FACE('',(#1663),#1760,.T.);
#1663 = FACE_BOUND('',#1664,.T.);
#1664 = EDGE_LOOP('',(#1665,#1702,#1703,#1704,#1705,#1720));
#1665 = ORIENTED_EDGE('',*,*,#1666,.F.);
#1666 = EDGE_CURVE('',#1558,#1667,#1669,.T.);
#1667 = VERTEX_POINT('',#1668);
#1668 = CARTESIAN_POINT('',(51.717790556672,21.422210264545,-1.78034E-10
    ));
#1669 = B_SPLINE_CURVE_WITH_KNOTS('',6,(#1670,#1671,#1672,#1673,#1674,
    #1675,#1676,#1677,#1678,#1679,#1680,#1681,#1682,#1683,#1684,#1685,
    #1686,#1687,#1688,#1689,#1690,#1691,#1692,#1693,#1694,#1695,#1696,
    #1697,#1698,#1699,#1700,#1701),.UNSPECIFIED.,.F.,.F.,(7,5,5,5,5,5,7)
  ,(0.,0.165504979191,0.175489570029,0.49999268611,0.831485100076,
    0.841471892092,1.),.UNSPECIFIED.);
#1670 = CARTESIAN_POINT('',(10.372108704986,62.767892116298,0.));
#1671 = CARTESIAN_POINT('',(11.828659333932,61.311341487351,0.));
#1672 = CARTESIAN_POINT('',(13.282603933924,59.85739688736,0.));
#1673 = CARTESIAN_POINT('',(14.733918764225,58.406082057059,0.));
#1674 = CARTESIAN_POINT('',(16.182579713376,56.957421107908,0.));
#1675 = CARTESIAN_POINT('',(17.628562299196,55.511438522087,0.));
#1676 = CARTESIAN_POINT('',(19.158911882864,53.98108893842,0.));
#1677 = CARTESIAN_POINT('',(19.245960555726,53.894040265558,0.));
#1678 = CARTESIAN_POINT('',(19.333013512894,53.80698730839,0.));
#1679 = CARTESIAN_POINT('',(19.420071882378,53.719928938906,0.));
#1680 = CARTESIAN_POINT('',(19.507128222199,53.632872599085,0.));
#1681 = CARTESIAN_POINT('',(22.423485608374,50.71651521291,0.));
#1682 = CARTESIAN_POINT('',(25.252788568827,47.887212252456,0.));
#1683 = CARTESIAN_POINT('',(28.082091529281,45.057909292003,0.));
#1684 = CARTESIAN_POINT('',(30.911394489734,42.228606331549,0.));
#1685 = CARTESIAN_POINT('',(33.740697450188,39.399303371096,0.));
#1686 = CARTESIAN_POINT('',(39.460242204089,33.679758617195,0.));
#1687 = CARTESIAN_POINT('',(42.350483997537,30.789516823747,0.));
#1688 = CARTESIAN_POINT('',(45.240725790985,27.899275030299,0.));
#1689 = CARTESIAN_POINT('',(48.130967584433,25.009033236851,0.));
#1690 = CARTESIAN_POINT('',(51.021209377881,22.118791443403,0.));
#1691 = CARTESIAN_POINT('',(53.998524788859,19.141476032424,0.));
#1692 = CARTESIAN_POINT('',(54.085593987295,19.054406833989,0.));
#1693 = CARTESIAN_POINT('',(54.17268662345,18.967314197834,0.));
#1694 = CARTESIAN_POINT('',(54.259780506322,18.880220314962,0.));
#1695 = CARTESIAN_POINT('',(54.346887487046,18.793113334237,0.));
#1696 = CARTESIAN_POINT('',(55.816867409863,17.32313341142,0.));
#1697 = CARTESIAN_POINT('',(57.202206927329,15.937793893955,0.));
#1698 = CARTESIAN_POINT('',(58.590000482252,14.550000339032,0.));
#1699 = CARTESIAN_POINT('',(59.98022659327,13.159774228013,0.));
#1700 = CARTESIAN_POINT('',(61.372864090653,11.767136730631,0.));
#1701 = CARTESIAN_POINT('',(62.767892116298,10.372108704986,0.));
#1702 = ORIENTED_EDGE('',*,*,#1596,.T.);
#1703 = ORIENTED_EDGE('',*,*,#550,.F.);
#1704 = ORIENTED_EDGE('',*,*,#725,.T.);
#1705 = ORIENTED_EDGE('',*,*,#1706,.T.);
#1706 = EDGE_CURVE('',#726,#1707,#1709,.T.);
#1707 = VERTEX_POINT('',#1708);
#1708 = CARTESIAN_POINT('',(40.5,16.77564927611,-41.86536430634));
#1709 = B_SPLINE_CURVE_WITH_KNOTS('',5,(#1710,#1711,#1712,#1713,#1714,
    #1715,#1716,#1717,#1718,#1719),.UNSPECIFIED.,.F.,.F.,(6,4,6),(0.,
    4.879406003176E-02,1.),.UNSPECIFIED.);
#1710 = CARTESIAN_POINT('',(40.5,20.25,-32.69669716167));
#1711 = CARTESIAN_POINT('',(40.5,20.209648554001,-32.80318295041));
#1712 = CARTESIAN_POINT('',(40.5,20.169304208641,-32.90965000085));
#1713 = CARTESIAN_POINT('',(40.5,20.128967124234,-33.01609788994));
#1714 = CARTESIAN_POINT('',(40.5,20.088637339694,-33.12252651498));
#1715 = CARTESIAN_POINT('',(40.5,19.262254637833,-35.30331611558));
#1716 = CARTESIAN_POINT('',(40.5,18.478953855545,-37.37041432117));
#1717 = CARTESIAN_POINT('',(40.5,17.698612715725,-39.42970215331));
#1718 = CARTESIAN_POINT('',(40.5,16.921454870797,-41.48058940255));
#1719 = CARTESIAN_POINT('',(40.5,16.147725562263,-43.52242888676));
#1720 = ORIENTED_EDGE('',*,*,#1721,.T.);
#1721 = EDGE_CURVE('',#1707,#1667,#1722,.T.);
#1722 = B_SPLINE_CURVE_WITH_KNOTS('',6,(#1723,#1724,#1725,#1726,#1727,
    #1728,#1729,#1730,#1731,#1732,#1733,#1734,#1735,#1736,#1737,#1738,
    #1739,#1740,#1741,#1742,#1743,#1744,#1745,#1746,#1747,#1748,#1749,
    #1750,#1751,#1752,#1753,#1754,#1755,#1756,#1757,#1758,#1759),
  .UNSPECIFIED.,.F.,.F.,(7,5,5,5,5,5,5,7),(0.,0.165558789092,
    0.331093115154,0.449422702508,0.567438735749,0.685697559547,
    0.803499380338,1.),.UNSPECIFIED.);
#1723 = CARTESIAN_POINT('',(17.439198373642,7.223552483277,
    -127.9294476391));
#1724 = CARTESIAN_POINT('',(18.380637836772,7.613509477059,
    -124.4159477305));
#1725 = CARTESIAN_POINT('',(19.323084959935,8.003883857293,
    -120.8986871834));
#1726 = CARTESIAN_POINT('',(20.26628325478,8.394569383025,
    -117.3786232254));
#1727 = CARTESIAN_POINT('',(21.210053057028,8.785491634874,
    -113.8564263728));
#1728 = CARTESIAN_POINT('',(22.15427326991,9.176600452916,
    -110.3325485648));
#1729 = CARTESIAN_POINT('',(24.04334032868,9.959077648891,
    -103.2824543225));
#1730 = CARTESIAN_POINT('',(24.988175557114,10.350441214717,
    -99.75628124527));
#1731 = CARTESIAN_POINT('',(25.933302517163,10.741925619733,
    -96.22901941078));
#1732 = CARTESIAN_POINT('',(26.87866233094,11.133506475922,
    -92.70088855432));
#1733 = CARTESIAN_POINT('',(27.824212775207,11.525166293845,
    -89.1720462552));
#1734 = CARTESIAN_POINT('',(29.445955603086,12.196914167834,
    -83.11961962474));
#1735 = CARTESIAN_POINT('',(30.122066694017,12.476968551369,
    -80.59633868183));
#1736 = CARTESIAN_POINT('',(30.79824906888,12.757052461675,
    -78.07279170366));
#1737 = CARTESIAN_POINT('',(31.47449358355,13.037162111132,
    -75.54901281657));
#1738 = CARTESIAN_POINT('',(32.150792848873,13.317294439051,
    -73.02502959726));
#1739 = CARTESIAN_POINT('',(33.50169703532,13.876857274544,
    -67.98338653728));
#1740 = CARTESIAN_POINT('',(34.176301500406,14.15628759322,
    -65.46572839857));
#1741 = CARTESIAN_POINT('',(34.850948551258,14.435735551498,
    -62.94791132762));
#1742 = CARTESIAN_POINT('',(35.52563324178,14.715199100638,
    -60.4299537835));
#1743 = CARTESIAN_POINT('',(36.200351490543,14.994676550056,
    -57.91187099832));
#1744 = CARTESIAN_POINT('',(37.551236646116,15.554231502703,
    -52.87029896253));
#1745 = CARTESIAN_POINT('',(38.22740358634,15.834309019772,
    -50.34680958722));
#1746 = CARTESIAN_POINT('',(38.903597449839,16.114397688827,
    -47.82321973287));
#1747 = CARTESIAN_POINT('',(39.579815368608,16.394496321901,
    -45.29954010304));
#1748 = CARTESIAN_POINT('',(40.256054936661,16.674603922401,
    -42.77577967698));
#1749 = CARTESIAN_POINT('',(41.605960046542,17.233752926831,
    -37.7378652215));
#1750 = CARTESIAN_POINT('',(42.279625391906,17.512794249381,
    -35.22371192531));
#1751 = CARTESIAN_POINT('',(42.953308221342,17.791842814071,
    -32.70949337767));
#1752 = CARTESIAN_POINT('',(43.627006824428,18.070897912422,
    -30.19521596196));
#1753 = CARTESIAN_POINT('',(44.300719744862,18.349958941212,
    -27.68088511318));
#1754 = CARTESIAN_POINT('',(46.098261832139,19.094525252698,
    -20.97236671472));
#1755 = CARTESIAN_POINT('',(47.22211420947,19.560040149494,
    -16.77809254232));
#1756 = CARTESIAN_POINT('',(48.345997292021,20.025567764808,
    -12.58370377647));
#1757 = CARTESIAN_POINT('',(49.469906579605,20.491106234602,
    -8.389217212112));
#1758 = CARTESIAN_POINT('',(50.593838553304,20.956654101293,
    -4.194645982015));
#1759 = CARTESIAN_POINT('',(51.717790556719,21.422210264564,0.));
#1760 = OFFSET_SURFACE('',#1761,8.,.F.);
#1761 = B_SPLINE_SURFACE_WITH_KNOTS('',2,2,(
    (#1762,#1763,#1764,#1765,#1766)
    ,(#1767,#1768,#1769,#1770,#1771)
    ,(#1772,#1773,#1774,#1775,#1776)
    ,(#1777,#1778,#1779,#1780,#1781)
    ,(#1782,#1783,#1784,#1785,#1786
    )),.UNSPECIFIED.,.F.,.F.,.F.,(3,1,1,3),(3,1,1,3),(-12.42640687119,0.
    ,49.705627484771,62.132034355964),(-0.24920487593,0.,1.,
    1.24920487593),.UNSPECIFIED.);
#1762 = CARTESIAN_POINT('',(77.495145318415,19.673133337769,32.5));
#1763 = CARTESIAN_POINT('',(73.127122506001,17.863839048111,
    16.198316935449));
#1764 = CARTESIAN_POINT('',(51.370099056381,8.851784858409,-65.));
#1765 = CARTESIAN_POINT('',(29.613075606761,-0.160269331293,
    -146.1983169354));
#1766 = CARTESIAN_POINT('',(25.245052794346,-1.96956362095,-162.5));
#1767 = CARTESIAN_POINT('',(73.709676183263,23.419433182575,
    32.396633870898));
#1768 = CARTESIAN_POINT('',(69.051537232732,21.93942432138,
    16.198316935449));
#1769 = CARTESIAN_POINT('',(45.701392625623,14.520491289167,-65.));
#1770 = CARTESIAN_POINT('',(22.351248018513,7.101558256955,
    -146.1983169354));
#1771 = CARTESIAN_POINT('',(17.693109067982,5.621549395759,
    -162.3966338708));
#1772 = CARTESIAN_POINT('',(48.619424269113,48.619424269113,
    32.686230985383));
#1773 = CARTESIAN_POINT('',(45.495480777056,45.495480777056,
    16.198316935449));
#1774 = CARTESIAN_POINT('',(30.110941957395,30.110941957395,-65.));
#1775 = CARTESIAN_POINT('',(14.726403137734,14.726403137734,
    -146.1983169354));
#1776 = CARTESIAN_POINT('',(11.602459645677,11.602459645677,
    -162.6862309853));
#1777 = CARTESIAN_POINT('',(23.419433182575,73.709676183263,
    32.396633870898));
#1778 = CARTESIAN_POINT('',(21.93942432138,69.051537232732,
    16.198316935449));
#1779 = CARTESIAN_POINT('',(14.520491289167,45.701392625623,-65.));
#1780 = CARTESIAN_POINT('',(7.101558256955,22.351248018513,
    -146.1983169354));
#1781 = CARTESIAN_POINT('',(5.621549395759,17.693109067982,
    -162.3966338708));
#1782 = CARTESIAN_POINT('',(19.673133337769,77.495145318415,32.5));
#1783 = CARTESIAN_POINT('',(17.863839048111,73.127122506001,
    16.198316935449));
#1784 = CARTESIAN_POINT('',(8.851784858409,51.370099056381,-65.));
#1785 = CARTESIAN_POINT('',(-0.160269331293,29.613075606761,
    -146.1983169354));
#1786 = CARTESIAN_POINT('',(-1.96956362095,25.245052794346,-162.5));
#1787 = ADVANCED_FACE('',(#1788),#1816,.T.);
#1788 = FACE_BOUND('',#1789,.T.);
#1789 = EDGE_LOOP('',(#1790,#1791,#1799,#1807,#1815));
#1790 = ORIENTED_EDGE('',*,*,#534,.F.);
#1791 = ORIENTED_EDGE('',*,*,#1792,.F.);
#1792 = EDGE_CURVE('',#1793,#527,#1795,.T.);
#1793 = VERTEX_POINT('',#1794);
#1794 = CARTESIAN_POINT('',(-40.5,20.25,-60.));
#1795 = LINE('',#1796,#1797);
#1796 = CARTESIAN_POINT('',(-40.5,20.25,-60.));
#1797 = VECTOR('',#1798,1.);
#1798 = DIRECTION('',(0.707106781187,0.707106781187,0.));
#1799 = ORIENTED_EDGE('',*,*,#1800,.T.);
#1800 = EDGE_CURVE('',#1793,#1801,#1803,.T.);
#1801 = VERTEX_POINT('',#1802);
#1802 = CARTESIAN_POINT('',(-30.1537579035,20.250000000001,-60.));
#1803 = LINE('',#1804,#1805);
#1804 = CARTESIAN_POINT('',(-175.4133390969,20.25,-60.));
#1805 = VECTOR('',#1806,1.);
#1806 = DIRECTION('',(1.,0.,0.));
#1807 = ORIENTED_EDGE('',*,*,#1808,.T.);
#1808 = EDGE_CURVE('',#1801,#582,#1809,.T.);
#1809 = B_SPLINE_CURVE_WITH_KNOTS('',4,(#1810,#1811,#1812,#1813,#1814),
  .UNSPECIFIED.,.F.,.F.,(5,5),(0.,1.),.PIECEWISE_BEZIER_KNOTS.);
#1810 = CARTESIAN_POINT('',(-36.25294976958,14.150808133918,-60.));
#1811 = CARTESIAN_POINT('',(-30.72741436067,19.676343542832,-60.));
#1812 = CARTESIAN_POINT('',(-25.20187895175,25.201878951746,-60.));
#1813 = CARTESIAN_POINT('',(-19.67634354284,30.72741436066,-60.));
#1814 = CARTESIAN_POINT('',(-14.15080813392,36.252949769574,-60.));
#1815 = ORIENTED_EDGE('',*,*,#668,.F.);
#1816 = PLANE('',#1817);
#1817 = AXIS2_PLACEMENT_3D('',#1818,#1819,#1820);
#1818 = CARTESIAN_POINT('',(-2.1E-16,8.2E-16,-60.));
#1819 = DIRECTION('',(0.,0.,1.));
#1820 = DIRECTION('',(1.,0.,0.));
#1821 = ADVANCED_FACE('',(#1822),#1841,.T.);
#1822 = FACE_BOUND('',#1823,.T.);
#1823 = EDGE_LOOP('',(#1824,#1825,#1833,#1839,#1840));
#1824 = ORIENTED_EDGE('',*,*,#1477,.F.);
#1825 = ORIENTED_EDGE('',*,*,#1826,.T.);
#1826 = EDGE_CURVE('',#1463,#1827,#1829,.T.);
#1827 = VERTEX_POINT('',#1828);
#1828 = CARTESIAN_POINT('',(-40.5,20.25,-51.6));
#1829 = LINE('',#1830,#1831);
#1830 = CARTESIAN_POINT('',(-40.5,20.25,0.));
#1831 = VECTOR('',#1832,1.);
#1832 = DIRECTION('',(-0.,-0.,-1.));
#1833 = ORIENTED_EDGE('',*,*,#1834,.T.);
#1834 = EDGE_CURVE('',#1827,#1793,#1835,.T.);
#1835 = LINE('',#1836,#1837);
#1836 = CARTESIAN_POINT('',(-40.5,20.25,0.));
#1837 = VECTOR('',#1838,1.);
#1838 = DIRECTION('',(-0.,-0.,-1.));
#1839 = ORIENTED_EDGE('',*,*,#1792,.T.);
#1840 = ORIENTED_EDGE('',*,*,#526,.F.);
#1841 = PLANE('',#1842);
#1842 = AXIS2_PLACEMENT_3D('',#1843,#1844,#1845);
#1843 = CARTESIAN_POINT('',(-40.5,20.25,0.));
#1844 = DIRECTION('',(0.707106781187,-0.707106781187,0.));
#1845 = DIRECTION('',(0.707106781187,0.707106781187,0.));
#1846 = ADVANCED_FACE('',(#1847),#1902,.T.);
#1847 = FACE_BOUND('',#1848,.T.);
#1848 = EDGE_LOOP('',(#1849,#1859,#1899,#1900,#1901));
#1849 = ORIENTED_EDGE('',*,*,#1850,.F.);
#1850 = EDGE_CURVE('',#1851,#1801,#1853,.T.);
#1851 = VERTEX_POINT('',#1852);
#1852 = CARTESIAN_POINT('',(-35.64083901085,14.762918892651,-60.));
#1853 = B_SPLINE_CURVE_WITH_KNOTS('',4,(#1854,#1855,#1856,#1857,#1858),
  .UNSPECIFIED.,.F.,.F.,(5,5),(0.,1.),.PIECEWISE_BEZIER_KNOTS.);
#1854 = CARTESIAN_POINT('',(-36.25294976958,14.150808133918,-60.));
#1855 = CARTESIAN_POINT('',(-30.72741436067,19.676343542832,-60.));
#1856 = CARTESIAN_POINT('',(-25.20187895175,25.201878951746,-60.));
#1857 = CARTESIAN_POINT('',(-19.67634354284,30.72741436066,-60.));
#1858 = CARTESIAN_POINT('',(-14.15080813392,36.252949769574,-60.));
#1859 = ORIENTED_EDGE('',*,*,#1860,.T.);
#1860 = EDGE_CURVE('',#1851,#1252,#1861,.T.);
#1861 = B_SPLINE_CURVE_WITH_KNOTS('',6,(#1862,#1863,#1864,#1865,#1866,
    #1867,#1868,#1869,#1870,#1871,#1872,#1873,#1874,#1875,#1876,#1877,
    #1878,#1879,#1880,#1881,#1882,#1883,#1884,#1885,#1886,#1887,#1888,
    #1889,#1890,#1891,#1892,#1893,#1894,#1895,#1896,#1897,#1898),
  .UNSPECIFIED.,.F.,.F.,(7,5,5,5,5,5,5,7),(0.,0.133398979938,
    0.266578639652,0.399777145593,0.53273626539,0.718383866094,
    0.903836221459,1.),.UNSPECIFIED.);
#1862 = CARTESIAN_POINT('',(-51.71779055671,21.422210264564,0.));
#1863 = CARTESIAN_POINT('',(-50.95476989306,21.106156757307,
    -2.847631883988));
#1864 = CARTESIAN_POINT('',(-50.1917584311,20.790107061517,
    -5.695229426782));
#1865 = CARTESIAN_POINT('',(-49.42875703339,20.474061534477,
    -8.54278940927));
#1866 = CARTESIAN_POINT('',(-48.66576672852,20.158020602238,
    -11.39030799275));
#1867 = CARTESIAN_POINT('',(-47.90278872553,19.841984765609,
    -14.23778066495));
#1868 = CARTESIAN_POINT('',(-46.378114515,19.210444029408,
    -19.92794228363));
#1869 = CARTESIAN_POINT('',(-45.61641829397,18.894939124249,
    -22.77063128045));
#1870 = CARTESIAN_POINT('',(-44.85473714601,18.579440462561,
    -25.61326402379));
#1871 = CARTESIAN_POINT('',(-44.09307274538,18.263948737843,
    -28.45583426526));
#1872 = CARTESIAN_POINT('',(-43.33142708784,17.948464776766,
    -31.29833455658));
#1873 = CARTESIAN_POINT('',(-41.808070172,17.317469681892,
    -36.98357996453));
#1874 = CARTESIAN_POINT('',(-41.04635898348,17.001958576996,
    -39.82632482079));
#1875 = CARTESIAN_POINT('',(-40.28467126307,16.686457192906,
    -42.66898209289));
#1876 = CARTESIAN_POINT('',(-39.52300987089,16.37096671433,
    -45.51154110665));
#1877 = CARTESIAN_POINT('',(-38.76137827493,16.055488577752,
    -48.35398891942));
#1878 = CARTESIAN_POINT('',(-37.23955169611,15.425127369225,
    -54.03352303189));
#1879 = CARTESIAN_POINT('',(-36.47935672865,15.110244303655,
    -56.87060927411));
#1880 = CARTESIAN_POINT('',(-35.71919973369,14.79537696681,
    -59.70755380103));
#1881 = CARTESIAN_POINT('',(-34.95908582531,14.480527477011,
    -62.54433752664));
#1882 = CARTESIAN_POINT('',(-34.19902133108,14.165698455221,
    -65.38093683615));
#1883 = CARTESIAN_POINT('',(-32.37783396494,13.411337948542,
    -72.17770061669));
#1884 = CARTESIAN_POINT('',(-31.31676699024,12.971829617038,
    -76.13765647649));
#1885 = CARTESIAN_POINT('',(-30.2558315647,12.532375774976,
    -80.09712138816));
#1886 = CARTESIAN_POINT('',(-29.19505671637,12.092988446176,
    -84.05598701749));
#1887 = CARTESIAN_POINT('',(-28.13448289857,11.653684386945,
    -88.01410239071));
#1888 = CARTESIAN_POINT('',(-26.01496208092,10.775750118542,
    -95.92426176988));
#1889 = CARTESIAN_POINT('',(-24.95602243513,10.337122955522,
    -99.87627833011));
#1890 = CARTESIAN_POINT('',(-23.89739205145,9.898623893059,
    -103.8271407084));
#1891 = CARTESIAN_POINT('',(-22.83915380029,9.460287257209,
    -107.7765396282));
#1892 = CARTESIAN_POINT('',(-21.78143062843,9.022163974186,
    -111.724016246));
#1893 = CARTESIAN_POINT('',(-20.17628897855,8.357292533276,
    -117.7144864367));
#1894 = CARTESIAN_POINT('',(-19.6283677712,8.130336138081,-119.759356221
    ));
#1895 = CARTESIAN_POINT('',(-19.08066004508,7.903468169705,
    -121.8034292826));
#1896 = CARTESIAN_POINT('',(-18.53319914712,7.676702440902,
    -123.846581169));
#1897 = CARTESIAN_POINT('',(-17.98602764698,7.450056584597,
    -125.888653008));
#1898 = CARTESIAN_POINT('',(-17.43919837364,7.223552483277,
    -127.9294476391));
#1899 = ORIENTED_EDGE('',*,*,#1251,.T.);
#1900 = ORIENTED_EDGE('',*,*,#581,.F.);
#1901 = ORIENTED_EDGE('',*,*,#1808,.F.);
#1902 = OFFSET_SURFACE('',#1903,8.,.F.);
#1903 = B_SPLINE_SURFACE_WITH_KNOTS('',2,2,(
    (#1904,#1905,#1906,#1907,#1908)
    ,(#1909,#1910,#1911,#1912,#1913)
    ,(#1914,#1915,#1916,#1917,#1918)
    ,(#1919,#1920,#1921,#1922,#1923)
    ,(#1924,#1925,#1926,#1927,#1928
    )),.UNSPECIFIED.,.F.,.F.,.F.,(3,1,1,3),(3,1,1,3),(-12.42640687119,0.
    ,49.705627484771,62.132034355964),(-0.24920487593,0.,1.,
    1.24920487593),.UNSPECIFIED.);
#1904 = CARTESIAN_POINT('',(-19.67313333776,77.495145318415,32.5));
#1905 = CARTESIAN_POINT('',(-17.86383904811,73.127122506001,
    16.198316935449));
#1906 = CARTESIAN_POINT('',(-8.851784858409,51.370099056381,-65.));
#1907 = CARTESIAN_POINT('',(0.160269331293,29.613075606761,
    -146.1983169354));
#1908 = CARTESIAN_POINT('',(1.96956362095,25.245052794346,-162.5));
#1909 = CARTESIAN_POINT('',(-23.41943318257,73.709676183263,
    32.396633870898));
#1910 = CARTESIAN_POINT('',(-21.93942432138,69.051537232732,
    16.198316935449));
#1911 = CARTESIAN_POINT('',(-14.52049128916,45.701392625623,-65.));
#1912 = CARTESIAN_POINT('',(-7.101558256955,22.351248018513,
    -146.1983169354));
#1913 = CARTESIAN_POINT('',(-5.621549395759,17.693109067982,
    -162.3966338708));
#1914 = CARTESIAN_POINT('',(-48.61942426911,48.619424269113,
    32.686230985383));
#1915 = CARTESIAN_POINT('',(-45.49548077705,45.495480777056,
    16.198316935449));
#1916 = CARTESIAN_POINT('',(-30.11094195739,30.110941957395,-65.));
#1917 = CARTESIAN_POINT('',(-14.72640313773,14.726403137734,
    -146.1983169354));
#1918 = CARTESIAN_POINT('',(-11.60245964567,11.602459645677,
    -162.6862309853));
#1919 = CARTESIAN_POINT('',(-73.70967618326,23.419433182575,
    32.396633870898));
#1920 = CARTESIAN_POINT('',(-69.05153723273,21.93942432138,
    16.198316935449));
#1921 = CARTESIAN_POINT('',(-45.70139262562,14.520491289167,-65.));
#1922 = CARTESIAN_POINT('',(-22.35124801851,7.101558256955,
    -146.1983169354));
#1923 = CARTESIAN_POINT('',(-17.69310906798,5.621549395759,
    -162.3966338708));
#1924 = CARTESIAN_POINT('',(-77.49514531841,19.673133337769,32.5));
#1925 = CARTESIAN_POINT('',(-73.127122506,17.863839048111,
    16.198316935449));
#1926 = CARTESIAN_POINT('',(-51.37009905638,8.851784858409,-65.));
#1927 = CARTESIAN_POINT('',(-29.61307560676,-0.160269331293,
    -146.1983169354));
#1928 = CARTESIAN_POINT('',(-25.24505279434,-1.96956362095,-162.5));
#1929 = ADVANCED_FACE('',(#1930),#1991,.T.);
#1930 = FACE_BOUND('',#1931,.T.);
#1931 = EDGE_LOOP('',(#1932,#1942,#1950,#1958,#1964,#1965,#1973,#1983));
#1932 = ORIENTED_EDGE('',*,*,#1933,.F.);
#1933 = EDGE_CURVE('',#1934,#1936,#1938,.T.);
#1934 = VERTEX_POINT('',#1935);
#1935 = CARTESIAN_POINT('',(-40.5,-20.25,-60.));
#1936 = VERTEX_POINT('',#1937);
#1937 = CARTESIAN_POINT('',(-30.1537579035,-20.25,-60.));
#1938 = LINE('',#1939,#1940);
#1939 = CARTESIAN_POINT('',(-175.4133390969,-20.25,-60.));
#1940 = VECTOR('',#1941,1.);
#1941 = DIRECTION('',(1.,0.,0.));
#1942 = ORIENTED_EDGE('',*,*,#1943,.F.);
#1943 = EDGE_CURVE('',#1944,#1934,#1946,.T.);
#1944 = VERTEX_POINT('',#1945);
#1945 = CARTESIAN_POINT('',(-20.25,-40.5,-60.));
#1946 = LINE('',#1947,#1948);
#1947 = CARTESIAN_POINT('',(-20.25,-40.5,-60.));
#1948 = VECTOR('',#1949,1.);
#1949 = DIRECTION('',(-0.707106781187,0.707106781187,0.));
#1950 = ORIENTED_EDGE('',*,*,#1951,.F.);
#1951 = EDGE_CURVE('',#1952,#1944,#1954,.T.);
#1952 = VERTEX_POINT('',#1953);
#1953 = CARTESIAN_POINT('',(20.25,-40.5,-60.));
#1954 = LINE('',#1955,#1956);
#1955 = CARTESIAN_POINT('',(20.25,-40.5,-60.));
#1956 = VECTOR('',#1957,1.);
#1957 = DIRECTION('',(-1.,0.,0.));
#1958 = ORIENTED_EDGE('',*,*,#1959,.F.);
#1959 = EDGE_CURVE('',#686,#1952,#1960,.T.);
#1960 = LINE('',#1961,#1962);
#1961 = CARTESIAN_POINT('',(40.5,-20.25,-60.));
#1962 = VECTOR('',#1963,1.);
#1963 = DIRECTION('',(-0.707106781187,-0.707106781187,0.));
#1964 = ORIENTED_EDGE('',*,*,#683,.F.);
#1965 = ORIENTED_EDGE('',*,*,#1966,.F.);
#1966 = EDGE_CURVE('',#1967,#684,#1969,.T.);
#1967 = VERTEX_POINT('',#1968);
#1968 = CARTESIAN_POINT('',(14.762918892651,-35.64083901085,-60.));
#1969 = LINE('',#1970,#1971);
#1970 = CARTESIAN_POINT('',(25.201878951751,-25.20187895175,-60.));
#1971 = VECTOR('',#1972,1.);
#1972 = DIRECTION('',(0.707106781187,0.707106781187,0.));
#1973 = ORIENTED_EDGE('',*,*,#1974,.T.);
#1974 = EDGE_CURVE('',#1967,#1975,#1977,.T.);
#1975 = VERTEX_POINT('',#1976);
#1976 = CARTESIAN_POINT('',(-14.76291889265,-35.64083901085,-60.));
#1977 = B_SPLINE_CURVE_WITH_KNOTS('',4,(#1978,#1979,#1980,#1981,#1982),
  .UNSPECIFIED.,.F.,.F.,(5,5),(0.,1.),.PIECEWISE_BEZIER_KNOTS.);
#1978 = CARTESIAN_POINT('',(15.628574229326,-35.64083901085,-60.));
#1979 = CARTESIAN_POINT('',(7.814287114671,-35.64083901085,-60.));
#1980 = CARTESIAN_POINT('',(1.557667E-11,-35.64083901085,-60.));
#1981 = CARTESIAN_POINT('',(-7.814287114639,-35.64083901085,-60.));
#1982 = CARTESIAN_POINT('',(-15.62857422929,-35.64083901085,-60.));
#1983 = ORIENTED_EDGE('',*,*,#1984,.T.);
#1984 = EDGE_CURVE('',#1975,#1936,#1985,.T.);
#1985 = B_SPLINE_CURVE_WITH_KNOTS('',4,(#1986,#1987,#1988,#1989,#1990),
  .UNSPECIFIED.,.F.,.F.,(5,5),(0.,1.),.PIECEWISE_BEZIER_KNOTS.);
#1986 = CARTESIAN_POINT('',(-14.15080813391,-36.25294976958,-60.));
#1987 = CARTESIAN_POINT('',(-19.67634354282,-30.72741436067,-60.));
#1988 = CARTESIAN_POINT('',(-25.20187895174,-25.20187895176,-60.));
#1989 = CARTESIAN_POINT('',(-30.72741436065,-19.67634354285,-60.));
#1990 = CARTESIAN_POINT('',(-36.25294976956,-14.15080813394,-60.));
#1991 = PLANE('',#1992);
#1992 = AXIS2_PLACEMENT_3D('',#1993,#1994,#1995);
#1993 = CARTESIAN_POINT('',(-2.1E-16,8.2E-16,-60.));
#1994 = DIRECTION('',(0.,0.,1.));
#1995 = DIRECTION('',(1.,0.,0.));
#1996 = ADVANCED_FACE('',(#1997),#2036,.T.);
#1997 = FACE_BOUND('',#1998,.T.);
#1998 = EDGE_LOOP('',(#1999,#2032,#2033,#2034,#2035));
#1999 = ORIENTED_EDGE('',*,*,#2000,.F.);
#2000 = EDGE_CURVE('',#1967,#1282,#2001,.T.);
#2001 = B_SPLINE_CURVE_WITH_KNOTS('',8,(#2002,#2003,#2004,#2005,#2006,
    #2007,#2008,#2009,#2010,#2011,#2012,#2013,#2014,#2015,#2016,#2017,
    #2018,#2019,#2020,#2021,#2022,#2023,#2024,#2025,#2026,#2027,#2028,
    #2029,#2030,#2031),.UNSPECIFIED.,.F.,.F.,(9,7,7,7,9),(0.,
    0.266713356438,0.533423250996,0.903158163502,1.),.UNSPECIFIED.);
#2002 = CARTESIAN_POINT('',(21.422210264564,-51.71779055671,7.11E-15));
#2003 = CARTESIAN_POINT('',(20.948557687619,-50.5742920816,
    -4.267594407508));
#2004 = CARTESIAN_POINT('',(20.47490923824,-49.43080357131,
    -8.535151625768));
#2005 = CARTESIAN_POINT('',(20.001265367558,-48.28732611498,
    -12.80266759012));
#2006 = CARTESIAN_POINT('',(19.527626678977,-47.14386116934,
    -17.07013686391));
#2007 = CARTESIAN_POINT('',(19.053993935268,-46.0004105759,
    -21.33755257459));
#2008 = CARTESIAN_POINT('',(18.58036807056,-44.85697658983,
    -25.60490630571));
#2009 = CARTESIAN_POINT('',(18.106750207238,-43.71356192081,
    -29.87218794459));
#2010 = CARTESIAN_POINT('',(17.159539295599,-41.4267924915,
    -38.40652763995));
#2011 = CARTESIAN_POINT('',(16.685946540471,-40.28343843903,
    -42.67358305481));
#2012 = CARTESIAN_POINT('',(16.212364530486,-39.14011032763,
    -46.94054165629));
#2013 = CARTESIAN_POINT('',(15.738794926836,-37.99681216777,
    -51.20738847708));
#2014 = CARTESIAN_POINT('',(15.265239957891,-36.85354933922,
    -55.47410343966));
#2015 = CARTESIAN_POINT('',(14.79170246898,-35.71032871119,
    -59.7406609077));
#2016 = CARTESIAN_POINT('',(14.318185997859,-34.56715882461,
    -64.00702900612));
#2017 = CARTESIAN_POINT('',(13.188303035409,-31.83938005277,
    -74.18723797444));
#2018 = CARTESIAN_POINT('',(12.531972325606,-30.25485755177,
    -80.10075645392));
#2019 = CARTESIAN_POINT('',(11.875701563713,-28.67047977778,
    -86.01373480479));
#2020 = CARTESIAN_POINT('',(11.219503260288,-27.08627693411,
    -91.92606030692));
#2021 = CARTESIAN_POINT('',(10.563404455492,-25.50231430125,
    -97.83748932999));
#2022 = CARTESIAN_POINT('',(9.90744892735,-23.91869756893,
    -103.7476274347));
#2023 = CARTESIAN_POINT('',(9.251699298946,-22.33557792251,
    -109.6559103896));
#2024 = CARTESIAN_POINT('',(8.424568220399,-20.33870685482,
    -117.1083346704));
#2025 = CARTESIAN_POINT('',(8.252911589375,-19.92429108813,
    -118.6549553671));
#2026 = CARTESIAN_POINT('',(8.081278085801,-19.50993115604,
    -120.2013676863));
#2027 = CARTESIAN_POINT('',(7.909670000935,-19.09563259015,
    -121.7475509837));
#2028 = CARTESIAN_POINT('',(7.73809003367,-18.68140190615,
    -123.2934809425));
#2029 = CARTESIAN_POINT('',(7.566541316358,-18.2672466662,
    -124.8391293401));
#2030 = CARTESIAN_POINT('',(7.395027440641,-17.85317554131,
    -126.3844638162));
#2031 = CARTESIAN_POINT('',(7.223552483277,-17.43919837364,
    -127.9294476391));
#2032 = ORIENTED_EDGE('',*,*,#1966,.T.);
#2033 = ORIENTED_EDGE('',*,*,#711,.T.);
#2034 = ORIENTED_EDGE('',*,*,#1318,.T.);
#2035 = ORIENTED_EDGE('',*,*,#1291,.F.);
#2036 = PLANE('',#2037);
#2037 = AXIS2_PLACEMENT_3D('',#2038,#2039,#2040);
#2038 = CARTESIAN_POINT('',(24.646840342257,-24.64684034225,
    -62.92944763918));
#2039 = DIRECTION('',(-0.683012701892,0.683012701892,0.258819045103));
#2040 = DIRECTION('',(0.707106781187,0.707106781187,-2.775557561563E-17)
  );
#2041 = ADVANCED_FACE('',(#2042),#2080,.F.);
#2042 = FACE_BOUND('',#2043,.F.);
#2043 = EDGE_LOOP('',(#2044,#2045,#2053,#2060,#2067,#2074));
#2044 = ORIENTED_EDGE('',*,*,#693,.F.);
#2045 = ORIENTED_EDGE('',*,*,#2046,.T.);
#2046 = EDGE_CURVE('',#237,#2047,#2049,.T.);
#2047 = VERTEX_POINT('',#2048);
#2048 = CARTESIAN_POINT('',(41.866570824605,20.25,-60.));
#2049 = LINE('',#2050,#2051);
#2050 = CARTESIAN_POINT('',(-175.4133390969,20.25,-60.));
#2051 = VECTOR('',#2052,1.);
#2052 = DIRECTION('',(1.,0.,0.));
#2053 = ORIENTED_EDGE('',*,*,#2054,.T.);
#2054 = EDGE_CURVE('',#2047,#2055,#2057,.T.);
#2055 = VERTEX_POINT('',#2056);
#2056 = CARTESIAN_POINT('',(43.923048454133,18.193522370472,-60.));
#2057 = B_SPLINE_CURVE_WITH_KNOTS('',1,(#2058,#2059),.UNSPECIFIED.,.F.,
  .F.,(2,2),(0.,1.),.PIECEWISE_BEZIER_KNOTS.);
#2058 = CARTESIAN_POINT('',(41.866570824605,20.25,-60.));
#2059 = CARTESIAN_POINT('',(43.923048454133,18.193522370472,-60.));
#2060 = ORIENTED_EDGE('',*,*,#2061,.T.);
#2061 = EDGE_CURVE('',#2055,#2062,#2064,.T.);
#2062 = VERTEX_POINT('',#2063);
#2063 = CARTESIAN_POINT('',(43.923048454133,-18.19352237047,-60.));
#2064 = B_SPLINE_CURVE_WITH_KNOTS('',1,(#2065,#2066),.UNSPECIFIED.,.F.,
  .F.,(2,2),(0.,1.),.PIECEWISE_BEZIER_KNOTS.);
#2065 = CARTESIAN_POINT('',(43.923048454133,18.193522370472,-60.));
#2066 = CARTESIAN_POINT('',(43.923048454133,-18.19352237047,-60.));
#2067 = ORIENTED_EDGE('',*,*,#2068,.T.);
#2068 = EDGE_CURVE('',#2062,#2069,#2071,.T.);
#2069 = VERTEX_POINT('',#2070);
#2070 = CARTESIAN_POINT('',(41.866570824605,-20.25,-60.));
#2071 = B_SPLINE_CURVE_WITH_KNOTS('',1,(#2072,#2073),.UNSPECIFIED.,.F.,
  .F.,(2,2),(0.,1.),.PIECEWISE_BEZIER_KNOTS.);
#2072 = CARTESIAN_POINT('',(43.923048454133,-18.19352237047,-60.));
#2073 = CARTESIAN_POINT('',(41.866570824605,-20.25,-60.));
#2074 = ORIENTED_EDGE('',*,*,#2075,.F.);
#2075 = EDGE_CURVE('',#686,#2069,#2076,.T.);
#2076 = LINE('',#2077,#2078);
#2077 = CARTESIAN_POINT('',(-175.4133390969,-20.25,-60.));
#2078 = VECTOR('',#2079,1.);
#2079 = DIRECTION('',(1.,0.,0.));
#2080 = PLANE('',#2081);
#2081 = AXIS2_PLACEMENT_3D('',#2082,#2083,#2084);
#2082 = CARTESIAN_POINT('',(-175.4133390969,20.25,-60.));
#2083 = DIRECTION('',(0.,0.,-1.));
#2084 = DIRECTION('',(0.,-1.,0.));
#2085 = ADVANCED_FACE('',(#2086),#2122,.T.);
#2086 = FACE_BOUND('',#2087,.T.);
#2087 = EDGE_LOOP('',(#2088,#2089,#2090,#2098,#2106,#2114));
#2088 = ORIENTED_EDGE('',*,*,#1706,.F.);
#2089 = ORIENTED_EDGE('',*,*,#745,.T.);
#2090 = ORIENTED_EDGE('',*,*,#2091,.F.);
#2091 = EDGE_CURVE('',#2092,#738,#2094,.T.);
#2092 = VERTEX_POINT('',#2093);
#2093 = CARTESIAN_POINT('',(40.5,-20.25,-51.6));
#2094 = LINE('',#2095,#2096);
#2095 = CARTESIAN_POINT('',(40.5,-3.55E-15,-51.6));
#2096 = VECTOR('',#2097,1.);
#2097 = DIRECTION('',(0.,1.,0.));
#2098 = ORIENTED_EDGE('',*,*,#2099,.F.);
#2099 = EDGE_CURVE('',#2100,#2092,#2102,.T.);
#2100 = VERTEX_POINT('',#2101);
#2101 = CARTESIAN_POINT('',(40.5,-20.25,-32.69669716167));
#2102 = LINE('',#2103,#2104);
#2103 = CARTESIAN_POINT('',(40.5,-20.25,0.));
#2104 = VECTOR('',#2105,1.);
#2105 = DIRECTION('',(-0.,-0.,-1.));
#2106 = ORIENTED_EDGE('',*,*,#2107,.F.);
#2107 = EDGE_CURVE('',#2108,#2100,#2110,.T.);
#2108 = VERTEX_POINT('',#2109);
#2109 = CARTESIAN_POINT('',(40.5,-16.77564927611,-41.86536430634));
#2110 = LINE('',#2111,#2112);
#2111 = CARTESIAN_POINT('',(40.5,-18.39160415037,-37.60092656232));
#2112 = VECTOR('',#2113,1.);
#2113 = DIRECTION('',(0.,-0.354349320007,0.935113126531));
#2114 = ORIENTED_EDGE('',*,*,#2115,.F.);
#2115 = EDGE_CURVE('',#1707,#2108,#2116,.T.);
#2116 = B_SPLINE_CURVE_WITH_KNOTS('',4,(#2117,#2118,#2119,#2120,#2121),
  .UNSPECIFIED.,.F.,.F.,(5,5),(0.,1.),.PIECEWISE_BEZIER_KNOTS.);
#2117 = CARTESIAN_POINT('',(40.5,17.379665543331,-41.86536430634));
#2118 = CARTESIAN_POINT('',(40.5,8.689832771664,-41.86536430634));
#2119 = CARTESIAN_POINT('',(40.5,-3.04112E-12,-41.86536430634));
#2120 = CARTESIAN_POINT('',(40.5,-8.68983277167,-41.86536430634));
#2121 = CARTESIAN_POINT('',(40.5,-17.37966554333,-41.86536430634));
#2122 = PLANE('',#2123);
#2123 = AXIS2_PLACEMENT_3D('',#2124,#2125,#2126);
#2124 = CARTESIAN_POINT('',(40.5,20.25,0.));
#2125 = DIRECTION('',(-1.,0.,0.));
#2126 = DIRECTION('',(0.,-1.,0.));
#2127 = ADVANCED_FACE('',(#2128),#2165,.F.);
#2128 = FACE_BOUND('',#2129,.F.);
#2129 = EDGE_LOOP('',(#2130,#2131,#2139,#2164));
#2130 = ORIENTED_EDGE('',*,*,#737,.F.);
#2131 = ORIENTED_EDGE('',*,*,#2132,.T.);
#2132 = EDGE_CURVE('',#738,#2133,#2135,.T.);
#2133 = VERTEX_POINT('',#2134);
#2134 = CARTESIAN_POINT('',(45.049644833094,20.25,-51.6));
#2135 = LINE('',#2136,#2137);
#2136 = CARTESIAN_POINT('',(-175.4133390969,20.25,-51.6));
#2137 = VECTOR('',#2138,1.);
#2138 = DIRECTION('',(1.,0.,0.));
#2139 = ORIENTED_EDGE('',*,*,#2140,.F.);
#2140 = EDGE_CURVE('',#2047,#2133,#2141,.T.);
#2141 = B_SPLINE_CURVE_WITH_KNOTS('',5,(#2142,#2143,#2144,#2145,#2146,
    #2147,#2148,#2149,#2150,#2151,#2152,#2153,#2154,#2155,#2156,#2157,
    #2158,#2159,#2160,#2161,#2162,#2163),.UNSPECIFIED.,.F.,.F.,(6,4,4,4,
    4,6),(0.,0.1253649249,0.543806410829,0.775944097615,0.884222903491,
    1.),.UNSPECIFIED.);
#2142 = CARTESIAN_POINT('',(41.866570824605,20.25,-60.));
#2143 = CARTESIAN_POINT('',(41.946206999469,20.25,-59.7898434447));
#2144 = CARTESIAN_POINT('',(42.025854794935,20.25,-59.57965622313));
#2145 = CARTESIAN_POINT('',(42.105515605251,20.25,-59.36943465591));
#2146 = CARTESIAN_POINT('',(42.185187548213,20.25,-59.15918371009));
#2147 = CARTESIAN_POINT('',(42.530839355072,20.25,-58.24702295923));
#2148 = CARTESIAN_POINT('',(42.796938228434,20.25,-57.54479909316));
#2149 = CARTESIAN_POINT('',(43.063163769564,20.25,-56.84224095611));
#2150 = CARTESIAN_POINT('',(43.329511910539,20.25,-56.13935928317));
#2151 = CARTESIAN_POINT('',(43.743805952084,20.25,-55.04605452817));
#2152 = CARTESIAN_POINT('',(43.891669644115,20.25,-54.65584839104));
#2153 = CARTESIAN_POINT('',(44.039569228355,20.25,-54.26554753586));
#2154 = CARTESIAN_POINT('',(44.187504067545,20.25,-53.87515364434));
#2155 = CARTESIAN_POINT('',(44.404492747236,20.25,-53.30252953803));
#2156 = CARTESIAN_POINT('',(44.473511879886,20.25,-53.12039091584));
#2157 = CARTESIAN_POINT('',(44.542530942101,20.25,-52.93825247951));
#2158 = CARTESIAN_POINT('',(44.611549934129,20.25,-52.75611422841));
#2159 = CARTESIAN_POINT('',(44.754367328032,20.25,-52.37922506228));
#2160 = CARTESIAN_POINT('',(44.828173936731,20.25,-52.18445248979));
#2161 = CARTESIAN_POINT('',(44.901989279606,20.25,-51.98965686817));
#2162 = CARTESIAN_POINT('',(44.975813209157,20.25,-51.79483858666));
#2163 = CARTESIAN_POINT('',(45.049644833094,20.25,-51.6));
#2164 = ORIENTED_EDGE('',*,*,#2046,.F.);
#2165 = PLANE('',#2166);
#2166 = AXIS2_PLACEMENT_3D('',#2167,#2168,#2169);
#2167 = CARTESIAN_POINT('',(-175.4133390969,20.25,-51.6));
#2168 = DIRECTION('',(0.,1.,0.));
#2169 = DIRECTION('',(0.,0.,-1.));
#2170 = ADVANCED_FACE('',(#2171),#2376,.F.);
#2171 = FACE_BOUND('',#2172,.T.);
#2172 = EDGE_LOOP('',(#2173,#2271,#2272,#2370));
#2173 = ORIENTED_EDGE('',*,*,#2174,.F.);
#2174 = EDGE_CURVE('',#860,#2175,#2177,.T.);
#2175 = VERTEX_POINT('',#2176);
#2176 = CARTESIAN_POINT('',(4.265999999998,33.031426768649,
    -96.88776926968));
#2177 = B_SPLINE_CURVE_WITH_KNOTS('',8,(#2178,#2179,#2180,#2181,#2182,
    #2183,#2184,#2185,#2186,#2187,#2188,#2189,#2190,#2191,#2192,#2193,
    #2194,#2195,#2196,#2197,#2198,#2199,#2200,#2201,#2202,#2203,#2204,
    #2205,#2206,#2207,#2208,#2209,#2210,#2211,#2212,#2213,#2214,#2215,
    #2216,#2217,#2218,#2219,#2220,#2221,#2222,#2223,#2224,#2225,#2226,
    #2227,#2228,#2229,#2230,#2231,#2232,#2233,#2234,#2235,#2236,#2237,
    #2238,#2239,#2240,#2241,#2242,#2243,#2244,#2245,#2246,#2247,#2248,
    #2249,#2250,#2251,#2252,#2253,#2254,#2255,#2256,#2257,#2258,#2259,
    #2260,#2261,#2262,#2263,#2264,#2265,#2266,#2267,#2268,#2269,#2270),
  .UNSPECIFIED.,.F.,.F.,(9,7,7,7,7,7,7,7,7,7,7,7,7,9),(0.,
    4.48954275106E-02,0.133738002535,0.219609774997,0.271492089275,
    0.376842919566,0.501073736258,0.529042302785,0.627041579213,
    0.736601691847,0.786174019314,0.867693007171,0.954866351006,1.),
  .UNSPECIFIED.);
#2178 = CARTESIAN_POINT('',(4.265999999998,31.582540013544,
    -96.49954135843));
#2179 = CARTESIAN_POINT('',(4.265999999998,31.551740784988,
    -96.64700551635));
#2180 = CARTESIAN_POINT('',(4.259939107024,31.520942194898,
    -96.79447107653));
#2181 = CARTESIAN_POINT('',(4.24781746989,31.490217881512,
    -96.94166074072));
#2182 = CARTESIAN_POINT('',(4.229651197457,31.459641280519,
    -97.08829912399));
#2183 = CARTESIAN_POINT('',(4.205472340639,31.429285487545,
    -97.2341128954));
#2184 = CARTESIAN_POINT('',(4.175328874418,31.399223120645,
    -97.37883091866));
#2185 = CARTESIAN_POINT('',(4.139284679848,31.369526182799,
    -97.5221843928));
#2186 = CARTESIAN_POINT('',(4.014573493155,31.282363441961,
    -97.94435873198));
#2187 = CARTESIAN_POINT('',(3.908918987647,31.226161058323,
    -98.21847181845));
#2188 = CARTESIAN_POINT('',(3.781077974889,31.172222031154,
    -98.48413107227));
#2189 = CARTESIAN_POINT('',(3.631917064142,31.121076969644,
    -98.73935740238));
#2190 = CARTESIAN_POINT('',(3.462510972599,31.073225879866,
    -98.98229186483));
#2191 = CARTESIAN_POINT('',(3.274128303707,31.029136886613,
    -99.2111932121));
#2192 = CARTESIAN_POINT('',(3.068239639791,30.989241631711,
    -99.42444893342));
#2193 = CARTESIAN_POINT('',(2.632269395904,30.919793938483,
    -99.81019155993));
#2194 = CARTESIAN_POINT('',(2.403167248071,30.889930640342,
    -99.9838561745));
#2195 = CARTESIAN_POINT('',(2.16076253448,30.864690472279,
    -100.1402640715));
#2196 = CARTESIAN_POINT('',(1.906693234183,30.844373666731,
    -100.278293329));
#2197 = CARTESIAN_POINT('',(1.642695650534,30.829233323185,
    -100.3970034164));
#2198 = CARTESIAN_POINT('',(1.370595365235,30.819476043079,
    -100.4956275671));
#2199 = CARTESIAN_POINT('',(1.092307772185,30.815257547093,
    -100.5735837674));
#2200 = CARTESIAN_POINT('',(0.639190752334,30.817528634256,
    -100.6648948533));
#2201 = CARTESIAN_POINT('',(0.46699381213,30.820440818297,
    -100.6916096919));
#2202 = CARTESIAN_POINT('',(0.293693324351,30.825431359154,
    -100.7105676588));
#2203 = CARTESIAN_POINT('',(0.119726799088,30.832514579512,
    -100.7217152926));
#2204 = CARTESIAN_POINT('',(-5.446707360732E-02,30.841697481977,
    -100.7250268729));
#2205 = CARTESIAN_POINT('',(-0.228448800034,30.85297963853,
    -100.7205044008));
#2206 = CARTESIAN_POINT('',(-0.401778459152,30.866353079966,
    -100.7081775805));
#2207 = CARTESIAN_POINT('',(-0.923757151553,30.913172722727,
    -100.6473425205));
#2208 = CARTESIAN_POINT('',(-1.269111648037,30.953111840635,
    -100.5746256563));
#2209 = CARTESIAN_POINT('',(-1.606268317834,31.001485928843,
    -100.4704199337));
#2210 = CARTESIAN_POINT('',(-1.931650858446,31.058030309661,
    -100.3357105062));
#2211 = CARTESIAN_POINT('',(-2.241883107465,31.122372210167,
    -100.1719004425));
#2212 = CARTESIAN_POINT('',(-2.533786453546,31.194037160386,
    -99.98077219193));
#2213 = CARTESIAN_POINT('',(-2.804409466292,31.272438817425,
    -99.76451102586));
#2214 = CARTESIAN_POINT('',(-3.341977746624,31.456393390184,
    -99.24428862677));
#2215 = CARTESIAN_POINT('',(-3.599840973178,31.564385511302,
    -98.93129711687));
#2216 = CARTESIAN_POINT('',(-3.820137205966,31.679639860973,
    -98.5911730145));
#2217 = CARTESIAN_POINT('',(-3.999424232077,31.800847684794,
    -98.22880758986));
#2218 = CARTESIAN_POINT('',(-4.135042560362,31.926616251894,
    -97.8494214312));
#2219 = CARTESIAN_POINT('',(-4.225156871732,32.055466579412,
    -97.45855634261));
#2220 = CARTESIAN_POINT('',(-4.268731239263,32.185838715025,
    -97.06204159044));
#2221 = CARTESIAN_POINT('',(-4.265264297881,32.345371563431,
    -96.57690824438));
#2222 = CARTESIAN_POINT('',(-4.262275103196,32.374683689317,
    -96.48777410093));
#2223 = CARTESIAN_POINT('',(-4.256934288133,32.403973858723,
    -96.39872200556));
#2224 = CARTESIAN_POINT('',(-4.249244743518,32.433224235226,
    -96.3098185145));
#2225 = CARTESIAN_POINT('',(-4.239211771139,32.462417044612,
    -96.22112995249));
#2226 = CARTESIAN_POINT('',(-4.226843083745,32.491534574864,
    -96.13272241275));
#2227 = CARTESIAN_POINT('',(-4.212148805046,32.520559176176,
    -96.04466175698));
#2228 = CARTESIAN_POINT('',(-4.135549335985,32.650785546023,
    -95.64990261449));
#2229 = CARTESIAN_POINT('',(-4.047545137905,32.750763936346,
    -95.34778609567));
#2230 = CARTESIAN_POINT('',(-3.931666363517,32.848619234375,
    -95.05358663076));
#2231 = CARTESIAN_POINT('',(-3.788837106881,32.943614907426,
    -94.77005075515));
#2232 = CARTESIAN_POINT('',(-3.620301279453,33.035058261634,
    -94.49977174433));
#2233 = CARTESIAN_POINT('',(-3.427597197737,33.12229732213,
    -94.24519105365));
#2234 = CARTESIAN_POINT('',(-3.212573547196,33.204723419414,
    -94.00857842108));
#2235 = CARTESIAN_POINT('',(-2.714582318295,33.367925739313,
    -93.54985228968));
#2236 = CARTESIAN_POINT('',(-2.426435546691,33.447411331685,
    -93.33259814931));
#2237 = CARTESIAN_POINT('',(-2.116080646845,33.519435677796,
    -93.14317466106));
#2238 = CARTESIAN_POINT('',(-1.786921684292,33.583366552609,
    -92.98394379267));
#2239 = CARTESIAN_POINT('',(-1.442602725967,33.638704020031,
    -92.85678447044));
#2240 = CARTESIAN_POINT('',(-1.08697976033,33.685068197445,
    -92.76312725714));
#2241 = CARTESIAN_POINT('',(-0.72413002306,33.722208256563,
    -92.70390997572));
#2242 = CARTESIAN_POINT('',(-0.192882061088,33.76261851328,
    -92.66837103158));
#2243 = CARTESIAN_POINT('',(-2.676663608267E-02,33.773301390639,
    -92.66441237337));
#2244 = CARTESIAN_POINT('',(0.139586277713,33.782070143851,
    -92.66759716111));
#2245 = CARTESIAN_POINT('',(0.305792199287,33.788922572181,
    -92.67793349795));
#2246 = CARTESIAN_POINT('',(0.471468065823,33.793862739162,
    -92.6954064382));
#2247 = CARTESIAN_POINT('',(0.636232523462,33.796900884294,
    -92.71997798397));
#2248 = CARTESIAN_POINT('',(0.799706218071,33.798053334752,
    -92.75158708171));
#2249 = CARTESIAN_POINT('',(1.227593007722,33.796173351741,
    -92.85356360715));
#2250 = CARTESIAN_POINT('',(1.489198793338,33.789965297445,
    -92.9357890109));
#2251 = CARTESIAN_POINT('',(1.74462329062,33.778816218509,
    -93.03645103796));
#2252 = CARTESIAN_POINT('',(1.9922450842,33.762871949566,-93.15500477365
    ));
#2253 = CARTESIAN_POINT('',(2.230519608425,33.74231930893,
    -93.29075680878));
#2254 = CARTESIAN_POINT('',(2.457978617428,33.71738280718,
    -93.44287332166));
#2255 = CARTESIAN_POINT('',(2.673237012434,33.688324950945,
    -93.61037461401));
#2256 = CARTESIAN_POINT('',(3.090772300823,33.620295055846,
    -93.98646362072));
#2257 = CARTESIAN_POINT('',(3.291168171628,33.580766113779,
    -94.19714492775));
#2258 = CARTESIAN_POINT('',(3.474601094288,33.537232786584,
    -94.42276890455));
#2259 = CARTESIAN_POINT('',(3.639692554823,33.490105408387,
    -94.66180389537));
#2260 = CARTESIAN_POINT('',(3.78525192416,33.439827344576,
    -94.91259953842));
#2261 = CARTESIAN_POINT('',(3.91026923555,33.38687068737,-95.17339663775
    ));
#2262 = CARTESIAN_POINT('',(4.013927884958,33.331735478925,
    -95.44232507492));
#2263 = CARTESIAN_POINT('',(4.137941952579,33.245553282793,
    -95.85980339718));
#2264 = CARTESIAN_POINT('',(4.174366340189,33.215709939708,
    -96.00387373797));
#2265 = CARTESIAN_POINT('',(4.204828934274,33.185494751312,
    -96.14933026386));
#2266 = CARTESIAN_POINT('',(4.229264474237,33.154980844499,
    -96.29589992657));
#2267 = CARTESIAN_POINT('',(4.247623945705,33.124242116541,
    -96.44330730788));
#2268 = CARTESIAN_POINT('',(4.2598746044,33.093353197147,-96.59127477932
    ));
#2269 = CARTESIAN_POINT('',(4.265999999998,33.062389410529,
    -96.73952266193));
#2270 = CARTESIAN_POINT('',(4.265999999998,33.031426737471,
    -96.88776938603));
#2271 = ORIENTED_EDGE('',*,*,#859,.T.);
#2272 = ORIENTED_EDGE('',*,*,#2273,.T.);
#2273 = EDGE_CURVE('',#769,#2274,#2276,.T.);
#2274 = VERTEX_POINT('',#2275);
#2275 = CARTESIAN_POINT('',(4.265999999999,33.462677461501,
    -97.00332260692));
#2276 = B_SPLINE_CURVE_WITH_KNOTS('',8,(#2277,#2278,#2279,#2280,#2281,
    #2282,#2283,#2284,#2285,#2286,#2287,#2288,#2289,#2290,#2291,#2292,
    #2293,#2294,#2295,#2296,#2297,#2298,#2299,#2300,#2301,#2302,#2303,
    #2304,#2305,#2306,#2307,#2308,#2309,#2310,#2311,#2312,#2313,#2314,
    #2315,#2316,#2317,#2318,#2319,#2320,#2321,#2322,#2323,#2324,#2325,
    #2326,#2327,#2328,#2329,#2330,#2331,#2332,#2333,#2334,#2335,#2336,
    #2337,#2338,#2339,#2340,#2341,#2342,#2343,#2344,#2345,#2346,#2347,
    #2348,#2349,#2350,#2351,#2352,#2353,#2354,#2355,#2356,#2357,#2358,
    #2359,#2360,#2361,#2362,#2363,#2364,#2365,#2366,#2367,#2368,#2369),
  .UNSPECIFIED.,.F.,.F.,(9,7,7,7,7,7,7,7,7,7,7,7,7,9),(0.,
    4.755814840211E-02,0.133951484337,0.225802277644,0.286829358368,
    0.380006677437,0.478756734882,0.502864996112,0.630777526641,
    0.746413095629,0.804185677583,0.868189849331,0.959390908803,1.),
  .UNSPECIFIED.);
#2277 = CARTESIAN_POINT('',(4.265999999999,32.01379359078,
    -96.61509540619));
#2278 = CARTESIAN_POINT('',(4.265999999999,31.981167550983,
    -96.77130502648));
#2279 = CARTESIAN_POINT('',(4.259198863767,31.94853997658,
    -96.92751613296));
#2280 = CARTESIAN_POINT('',(4.245596768509,31.915999999006,
    -97.08339908955));
#2281 = CARTESIAN_POINT('',(4.225213997715,31.883635844454,
    -97.23862668843));
#2282 = CARTESIAN_POINT('',(4.198090906497,31.85153479918,
    -97.39287436905));
#2283 = CARTESIAN_POINT('',(4.164287886926,31.819783174812,
    -97.54582043698));
#2284 = CARTESIAN_POINT('',(4.123885333373,31.788466273655,
    -97.69714628283));
#2285 = CARTESIAN_POINT('',(3.991782718712,31.701721368912,
    -98.1179165517));
#2286 = CARTESIAN_POINT('',(3.885121638454,31.647478116457,
    -98.3829522015));
#2287 = CARTESIAN_POINT('',(3.757605719515,31.595452489159,
    -98.63971135765));
#2288 = CARTESIAN_POINT('',(3.610056215155,31.546128057229,
    -98.88638484301));
#2289 = CARTESIAN_POINT('',(3.443479497114,31.499960825738,
    -99.1212728694));
#2290 = CARTESIAN_POINT('',(3.259055024637,31.457378548717,
    -99.34278294563));
#2291 = CARTESIAN_POINT('',(3.058142064893,31.41877660015,
    -99.54943932034));
#2292 = CARTESIAN_POINT('',(2.612833871811,31.348079611705,
    -99.94240022895));
#2293 = CARTESIAN_POINT('',(2.366420902352,31.316538042532,
    -100.1266585532));
#2294 = CARTESIAN_POINT('',(2.104935890371,31.290319163363,
    -100.2910457822));
#2295 = CARTESIAN_POINT('',(1.830399384425,31.269785916091,
    -100.4342074737));
#2296 = CARTESIAN_POINT('',(1.544956065863,31.255239140994,
    -100.5550282413));
#2297 = CARTESIAN_POINT('',(1.250861629427,31.246918591335,
    -100.6526200951));
#2298 = CARTESIAN_POINT('',(0.950483326237,31.244996537075,
    -100.7263387764));
#2299 = CARTESIAN_POINT('',(0.444219499835,31.252598622239,
    -100.8087095451));
#2300 = CARTESIAN_POINT('',(0.240421318789,31.258498458082,
    -100.8308999481));
#2301 = CARTESIAN_POINT('',(3.563688925325E-02,31.267291689415,
    -100.8422916828));
#2302 = CARTESIAN_POINT('',(-0.169417377106,31.278991846685,
    -100.8428339519));
#2303 = CARTESIAN_POINT('',(-0.374026497905,31.293598631422,
    -100.8325285606));
#2304 = CARTESIAN_POINT('',(-0.577477590996,31.311098045411,
    -100.8114284535));
#2305 = CARTESIAN_POINT('',(-0.779060638644,31.331461784221,
    -100.779639003));
#2306 = CARTESIAN_POINT('',(-1.281919660276,31.390043840875,
    -100.6727117075));
#2307 = CARTESIAN_POINT('',(-1.579840029332,31.432024853839,
    -100.5835445536));
#2308 = CARTESIAN_POINT('',(-1.869263922964,31.480432208517,
    -100.4703878648));
#2309 = CARTESIAN_POINT('',(-2.147784132383,31.535034064415,
    -100.334105672));
#2310 = CARTESIAN_POINT('',(-2.413133271943,31.595534145786,
    -100.1758107839));
#2311 = CARTESIAN_POINT('',(-2.663181628856,31.661574574666,
    -99.99684602412));
#2312 = CARTESIAN_POINT('',(-2.895952359825,31.732730857145,
    -99.79879467702));
#2313 = CARTESIAN_POINT('',(-3.336136754524,31.888798722386,
    -99.35537049905));
#2314 = CARTESIAN_POINT('',(-3.541297385624,31.974312413622,
    -99.10777890417));
#2315 = CARTESIAN_POINT('',(-3.722965288388,32.06444438197,
    -98.84294550363));
#2316 = CARTESIAN_POINT('',(-3.879359767579,32.158550219632,
    -98.56327335007));
#2317 = CARTESIAN_POINT('',(-4.009028115652,32.25594478717,
    -98.2713280112));
#2318 = CARTESIAN_POINT('',(-4.110827957182,32.355904726837,
    -97.96981754219));
#2319 = CARTESIAN_POINT('',(-4.183953894308,32.457665527696,
    -97.66159282509));
#2320 = CARTESIAN_POINT('',(-4.23876367541,32.58549734405,
    -97.27351684071));
#2321 = CARTESIAN_POINT('',(-4.247786828849,32.610641784202,
    -97.1971405438));
#2322 = CARTESIAN_POINT('',(-4.255072027886,32.635835117159,
    -97.12058172085));
#2323 = CARTESIAN_POINT('',(-4.260614721628,32.661065976975,
    -97.04388278413));
#2324 = CARTESIAN_POINT('',(-4.264411693898,32.686322977612,
    -96.96708622179));
#2325 = CARTESIAN_POINT('',(-4.266461063231,32.711594712931,
    -96.89023459793));
#2326 = CARTESIAN_POINT('',(-4.26676228288,32.736869756695,
    -96.81337055254));
#2327 = CARTESIAN_POINT('',(-4.257643265116,32.896196677866,
    -96.32887573343));
#2328 = CARTESIAN_POINT('',(-4.200775418298,33.030114025501,
    -95.92180435897));
#2329 = CARTESIAN_POINT('',(-4.094728607849,33.16204954071,
    -95.52209472452));
#2330 = CARTESIAN_POINT('',(-3.940840428525,33.290309445039,
    -95.13607710008));
#2331 = CARTESIAN_POINT('',(-3.741325648855,33.413298296412,
    -94.76973117071));
#2332 = CARTESIAN_POINT('',(-3.499312535483,33.529526318545,
    -94.42864284811));
#2333 = CARTESIAN_POINT('',(-3.218785513041,33.637605562247,
    -94.11800084918));
#2334 = CARTESIAN_POINT('',(-2.621251637712,33.825516258441,
    -93.59313096058));
#2335 = CARTESIAN_POINT('',(-2.310044403166,33.907152950066,
    -93.37226057058));
#2336 = CARTESIAN_POINT('',(-1.975047876903,33.980280454363,
    -93.18312955854));
#2337 = CARTESIAN_POINT('',(-1.620362918398,34.044189003703,
    -93.02838898903));
#2338 = CARTESIAN_POINT('',(-1.250360685455,34.09833554038,
    -92.9100805216));
#2339 = CARTESIAN_POINT('',(-0.869647645404,34.142327007109,
    -92.82968618134));
#2340 = CARTESIAN_POINT('',(-0.483077029388,34.175933216853,
    -92.78806764227));
#2341 = CARTESIAN_POINT('',(9.77334921982E-02,34.210712370861,
    -92.78388448556));
#2342 = CARTESIAN_POINT('',(0.291466661426,34.21970276344,
    -92.79218242901));
#2343 = CARTESIAN_POINT('',(0.484815689434,34.226092311627,
    -92.8101861012));
#2344 = CARTESIAN_POINT('',(0.677172187022,34.229889199314,
    -92.83786492195));
#2345 = CARTESIAN_POINT('',(0.867934160833,34.231113005417,
    -92.87514656734));
#2346 = CARTESIAN_POINT('',(1.056506384467,34.229794217623,
    -92.9219179776));
#2347 = CARTESIAN_POINT('',(1.242301092694,34.225974278367,
    -92.9780244097));
#2348 = CARTESIAN_POINT('',(1.626855412454,34.212761942813,
    -93.11554594522));
#2349 = CARTESIAN_POINT('',(1.824866259376,34.202812417523,
    -93.19904333588));
#2350 = CARTESIAN_POINT('',(2.017980570578,34.189928975965,
    -93.2934895768));
#2351 = CARTESIAN_POINT('',(2.205442593076,34.174199719604,
    -93.39855564813));
#2352 = CARTESIAN_POINT('',(2.386529673415,34.155727764654,
    -93.51385770724));
#2353 = CARTESIAN_POINT('',(2.56055208714,34.134630384931,
    -93.63895903226));
#2354 = CARTESIAN_POINT('',(2.72685481416,34.111038995442,
    -93.77336884177));
#2355 = CARTESIAN_POINT('',(3.109911388231,34.048138854898,
    -94.12054310056));
#2356 = CARTESIAN_POINT('',(3.318126351017,34.006402618583,
    -94.34237951588));
#2357 = CARTESIAN_POINT('',(3.507640387302,33.960316236768,
    -94.58044539381));
#2358 = CARTESIAN_POINT('',(3.676890457407,33.910353148262,
    -94.83297202356));
#2359 = CARTESIAN_POINT('',(3.824540284155,33.857026156928,-95.098051871
    ));
#2360 = CARTESIAN_POINT('',(3.949470676835,33.800882149433,
    -95.37365129663));
#2361 = CARTESIAN_POINT('',(4.050796138033,33.742500635519,
    -95.65760794714));
#2362 = CARTESIAN_POINT('',(4.162243238408,33.655777899042,
    -96.07674327592));
#2363 = CARTESIAN_POINT('',(4.191780722778,33.628735716328,
    -96.20708337589));
#2364 = CARTESIAN_POINT('',(4.216466742965,33.601422613039,
    -96.33843484221));
#2365 = CARTESIAN_POINT('',(4.23625848806,33.573892090139,
    -96.47059789914));
#2366 = CARTESIAN_POINT('',(4.251123811519,33.546198025011,
    -96.60337135482));
#2367 = CARTESIAN_POINT('',(4.261041242965,33.518394597317,
    -96.73655268267));
#2368 = CARTESIAN_POINT('',(4.265999999999,33.49053621485,
    -96.86993810278));
#2369 = CARTESIAN_POINT('',(4.265999999999,33.462677439402,
    -97.00332266335));
#2370 = ORIENTED_EDGE('',*,*,#2371,.F.);
#2371 = EDGE_CURVE('',#2175,#2274,#2372,.T.);
#2372 = LINE('',#2373,#2374);
#2373 = CARTESIAN_POINT('',(4.266,30.349284010582,-96.16909115896));
#2374 = VECTOR('',#2375,1.);
#2375 = DIRECTION('',(-7.E-17,0.965925826289,-0.258819045103));
#2376 = CYLINDRICAL_SURFACE('',#2377,4.266);
#2377 = AXIS2_PLACEMENT_3D('',#2378,#2379,#2380);
#2378 = CARTESIAN_POINT('',(-7.E-15,30.349284010582,-96.16909115896));
#2379 = DIRECTION('',(0.,0.965925826289,-0.258819045103));
#2380 = DIRECTION('',(1.,0.,0.));
#2381 = ADVANCED_FACE('',(#2382),#2417,.F.);
#2382 = FACE_BOUND('',#2383,.F.);
#2383 = EDGE_LOOP('',(#2384,#2410,#2411,#2412));
#2384 = ORIENTED_EDGE('',*,*,#2385,.F.);
#2385 = EDGE_CURVE('',#1069,#2386,#2388,.T.);
#2386 = VERTEX_POINT('',#2387);
#2387 = CARTESIAN_POINT('',(5.016005800188,32.432061681137,
    -96.72716974836));
#2388 = B_SPLINE_CURVE_WITH_KNOTS('',11,(#2389,#2390,#2391,#2392,#2393,
    #2394,#2395,#2396,#2397,#2398,#2399,#2400,#2401,#2402,#2403,#2404,
    #2405,#2406,#2407,#2408,#2409),.UNSPECIFIED.,.F.,.F.,(12,9,12),(0.,
    3.229876839926,6.459753679852),.UNSPECIFIED.);
#2389 = CARTESIAN_POINT('',(5.016002900094,30.983172887889,
    -96.33894116901));
#2390 = CARTESIAN_POINT('',(5.016004717699,30.678256004678,
    -97.74034091864));
#2391 = CARTESIAN_POINT('',(4.56606317281,30.373342290543,-99.1417298677
    ));
#2392 = CARTESIAN_POINT('',(3.665628310364,30.109067145673,
    -100.3914490847));
#2393 = CARTESIAN_POINT('',(2.377459243961,29.926169549439,
    -101.3374691432));
#2394 = CARTESIAN_POINT('',(0.823975757299,29.857997619228,
    -101.8553257488));
#2395 = CARTESIAN_POINT('',(-0.82393694788,29.923892160354,
    -101.8728355779));
#2396 = CARTESIAN_POINT('',(-2.377380705384,30.123715475655,
    -101.3905203253));
#2397 = CARTESIAN_POINT('',(-3.665858906076,30.438375359476,
    -100.4796277935));
#2398 = CARTESIAN_POINT('',(-4.565952048372,30.834349033103,
    -99.26526834537));
#2399 = CARTESIAN_POINT('',(-5.466046391307,31.707617308362,
    -96.53305536967));
#2400 = CARTESIAN_POINT('',(-4.565951038361,32.580885501499,
    -93.80084270047));
#2401 = CARTESIAN_POINT('',(-3.665854243192,32.976860449502,
    -92.58647849613));
#2402 = CARTESIAN_POINT('',(-2.377408586046,33.291511662163,
    -91.6756183264));
#2403 = CARTESIAN_POINT('',(-0.823899948384,33.491366821311,
    -91.19318422867));
#2404 = CARTESIAN_POINT('',(0.823970427429,33.557199246213,
    -91.21092588234));
#2405 = CARTESIAN_POINT('',(2.377410655591,33.489090735081,
    -91.72854580089));
#2406 = CARTESIAN_POINT('',(3.665696585979,33.306161559684,
    -92.67468371702));
#2407 = CARTESIAN_POINT('',(4.566031043704,33.041891982856,
    -93.92438215277));
#2408 = CARTESIAN_POINT('',(5.016003981833,32.736978564342,
    -95.32576999873));
#2409 = CARTESIAN_POINT('',(5.016005800188,32.432061681137,
    -96.72716974836));
#2410 = ORIENTED_EDGE('',*,*,#1167,.T.);
#2411 = ORIENTED_EDGE('',*,*,#768,.T.);
#2412 = ORIENTED_EDGE('',*,*,#2413,.F.);
#2413 = EDGE_CURVE('',#2386,#769,#2414,.T.);
#2414 = B_SPLINE_CURVE_WITH_KNOTS('',1,(#2415,#2416),.UNSPECIFIED.,.F.,
  .F.,(2,2),(0.,0.9375),.PIECEWISE_BEZIER_KNOTS.);
#2415 = CARTESIAN_POINT('',(5.016005800188,32.432061681137,
    -96.72716974836));
#2416 = CARTESIAN_POINT('',(4.204110206486,31.979278490046,
    -96.60584713385));
#2417 = B_SPLINE_SURFACE_WITH_KNOTS('',1,9,(
    (#2418,#2419,#2420,#2421,#2422,#2423,#2424,#2425,#2426,#2427,#2428
      ,#2429,#2430,#2431,#2432,#2433,#2434,#2435,#2436,#2437,#2438,#2439
      ,#2440,#2441,#2442,#2443,#2444,#2445,#2446,#2447,#2448)
    ,(#2449,#2450,#2451,#2452,#2453,#2454,#2455,#2456,#2457,#2458,#2459
      ,#2460,#2461,#2462,#2463,#2464,#2465,#2466,#2467,#2468,#2469,#2470
      ,#2471,#2472,#2473,#2474,#2475,#2476,#2477,#2478,#2479
  )),.UNSPECIFIED.,.F.,.F.,.F.,(2,2),(10,7,7,7,10),(0.,0.9375),(0.,
    1.614938419963,3.229876839926,4.844815259889,6.459753679852),
  .UNSPECIFIED.);
#2418 = CARTESIAN_POINT('',(5.016002900094,30.983172887889,
    -96.33894116901));
#2419 = CARTESIAN_POINT('',(5.016004010853,30.796834792594,
    -97.19535212712));
#2420 = CARTESIAN_POINT('',(4.844151753992,30.610497907709,
    -98.05175896001));
#2421 = CARTESIAN_POINT('',(4.500312188372,30.434139672949,
    -98.8709240053));
#2422 = CARTESIAN_POINT('',(3.994707766031,30.277754271929,
    -99.61554966623));
#2423 = CARTESIAN_POINT('',(3.347523941208,30.150495766173,
    -100.2514726359));
#2424 = CARTESIAN_POINT('',(2.587795957245,30.059886926766,
    -100.750617188));
#2425 = CARTESIAN_POINT('',(1.750919205779,30.011153826393,
    -101.0934793169));
#2426 = CARTESIAN_POINT('',(9.31451519005E-06,30.002667563478,
    -101.4471257978));
#2427 = CARTESIAN_POINT('',(-1.750914603435,30.172141139487,
    -101.1366169749));
#2428 = CARTESIAN_POINT('',(-2.587804820783,30.301367778825,
    -100.8153241649));
#2429 = CARTESIAN_POINT('',(-3.347549644881,30.472471359301,
    -100.3377445427));
#2430 = CARTESIAN_POINT('',(-3.994734835374,30.680222581199,
    -99.72339411486));
#2431 = CARTESIAN_POINT('',(-4.500320494755,30.917104979379,
    -99.00032465158));
#2432 = CARTESIAN_POINT('',(-4.844106162629,31.173953359091,
    -98.20274108928));
#2433 = CARTESIAN_POINT('',(-5.187892080658,31.707617295673,
    -96.53305541703));
#2434 = CARTESIAN_POINT('',(-4.8441055454,32.241281200889,
    -94.86336986184));
#2435 = CARTESIAN_POINT('',(-4.50031988285,32.498129530908,-94.065786485
    ));
#2436 = CARTESIAN_POINT('',(-3.994735705994,32.735012011183,
    -93.34271671534));
#2437 = CARTESIAN_POINT('',(-3.347551247874,32.942763553912,
    -92.7283650901));
#2438 = CARTESIAN_POINT('',(-2.587805592437,33.113867257431,
    -92.25078500869));
#2439 = CARTESIAN_POINT('',(-1.75091474126,33.243093455761,
    -91.92949384456));
#2440 = CARTESIAN_POINT('',(9.33622085096E-06,33.412566344565,
    -91.61898758636));
#2441 = CARTESIAN_POINT('',(1.750919067954,33.404080348281,
    -91.97263307215));
#2442 = CARTESIAN_POINT('',(2.587796429962,33.355347833573,
    -92.31549301527));
#2443 = CARTESIAN_POINT('',(3.347524147839,33.264739675887,
    -92.81463502349));
#2444 = CARTESIAN_POINT('',(3.994715461237,33.13748226347,
    -93.45055391213));
#2445 = CARTESIAN_POINT('',(4.500313840433,32.981093315384,
    -94.19519281157));
#2446 = CARTESIAN_POINT('',(4.844139608396,32.804736548401,
    -95.01435237869));
#2447 = CARTESIAN_POINT('',(5.016004688971,32.618399776429,
    -95.87075879026));
#2448 = CARTESIAN_POINT('',(5.016005800188,32.432061681137,
    -96.72716974836));
#2449 = CARTESIAN_POINT('',(4.204105695215,30.530392426804,
    -96.21761914806));
#2450 = CARTESIAN_POINT('',(4.204107399561,30.380720743474,
    -96.93718506585));
#2451 = CARTESIAN_POINT('',(4.060069944696,30.231067117649,
    -97.65666409175));
#2452 = CARTESIAN_POINT('',(3.771907155425,30.08977378968,-98.34498973)
  );
#2453 = CARTESIAN_POINT('',(3.348115408764,29.965209940131,
    -98.97086784894));
#2454 = CARTESIAN_POINT('',(2.805681169488,29.865067023242,
    -99.50558784871));
#2455 = CARTESIAN_POINT('',(2.168929102864,29.795635815342,
    -99.92569020342));
#2456 = CARTESIAN_POINT('',(1.467512956627,29.761304278013,
    -100.2148006764));
#2457 = CARTESIAN_POINT('',(9.33308900431E-06,29.767219811991,
    -100.5146968352));
#2458 = CARTESIAN_POINT('',(-1.467511145932,29.922292609291,
    -100.2579376305));
#2459 = CARTESIAN_POINT('',(-2.168943730387,30.037118071827,
    -99.99039399075));
#2460 = CARTESIAN_POINT('',(-2.805712841933,30.187041392233,
    -99.5918603901));
#2461 = CARTESIAN_POINT('',(-3.348140536835,30.367678715417,
    -99.07869788017));
#2462 = CARTESIAN_POINT('',(-3.771891303874,30.572731776561,
    -98.47441486589));
#2463 = CARTESIAN_POINT('',(-4.060032433716,30.79452095856,
    -97.80767386304));
#2464 = CARTESIAN_POINT('',(-4.34817325297,31.254835582166,
    -96.41173267913));
#2465 = CARTESIAN_POINT('',(-4.060031332523,31.715150149812,
    -95.01579170408));
#2466 = CARTESIAN_POINT('',(-3.771890143541,31.936939247343,
    -94.34905101646));
#2467 = CARTESIAN_POINT('',(-3.348141621451,32.141992425649,
    -93.74476756494));
#2468 = CARTESIAN_POINT('',(-2.805715013659,32.322630234409,
    -93.23160324282));
#2469 = CARTESIAN_POINT('',(-2.168944568184,32.472553730374,
    -92.83306898697));
#2470 = CARTESIAN_POINT('',(-1.467510970072,32.587378489446,
    -92.56552797252));
#2471 = CARTESIAN_POINT('',(9.78480485593E-06,32.742450181248,
    -92.30877289362));
#2472 = CARTESIAN_POINT('',(1.467513132486,32.748366093478,
    -92.60866764077));
#2473 = CARTESIAN_POINT('',(2.16893020076,32.714035449736,
    -92.89777477869));
#2474 = CARTESIAN_POINT('',(2.805681812742,32.644605286453,
    -93.31787323551));
#2475 = CARTESIAN_POINT('',(3.348127648802,32.544464056824,
    -93.8525869372));
#2476 = CARTESIAN_POINT('',(3.771909933796,32.41989467906,
    -94.47848568879));
#2477 = CARTESIAN_POINT('',(4.060051192556,32.278603627135,
    -95.16680283217));
#2478 = CARTESIAN_POINT('',(4.204108524929,32.12895017337,
    -95.88628121605));
#2479 = CARTESIAN_POINT('',(4.204110206486,31.979278490046,
    -96.60584713385));
#2480 = ADVANCED_FACE('',(#2481),#2526,.F.);
#2481 = FACE_BOUND('',#2482,.F.);
#2482 = EDGE_LOOP('',(#2483,#2484,#2485,#2521));
#2483 = ORIENTED_EDGE('',*,*,#2174,.F.);
#2484 = ORIENTED_EDGE('',*,*,#995,.T.);
#2485 = ORIENTED_EDGE('',*,*,#2486,.T.);
#2486 = EDGE_CURVE('',#960,#2487,#2489,.T.);
#2487 = VERTEX_POINT('',#2488);
#2488 = CARTESIAN_POINT('',(5.016004511257,32.613172773562,
    -96.77569831932));
#2489 = B_SPLINE_CURVE_WITH_KNOTS('',9,(#2490,#2491,#2492,#2493,#2494,
    #2495,#2496,#2497,#2498,#2499,#2500,#2501,#2502,#2503,#2504,#2505,
    #2506,#2507,#2508,#2509,#2510,#2511,#2512,#2513,#2514,#2515,#2516,
    #2517,#2518,#2519,#2520),.UNSPECIFIED.,.F.,.F.,(10,7,7,7,10),(0.,
    1.614938419963,3.229876839926,4.844815259889,6.459753679852),
  .UNSPECIFIED.);
#2490 = CARTESIAN_POINT('',(5.016002255629,31.164283980317,
    -96.38746973997));
#2491 = CARTESIAN_POINT('',(5.016003119654,30.97794592868,
    -97.24388053514));
#2492 = CARTESIAN_POINT('',(4.844149471203,30.79160910001,
    -98.10028715821));
#2493 = CARTESIAN_POINT('',(4.500311505099,30.615251070073,
    -98.91945143909));
#2494 = CARTESIAN_POINT('',(3.994707851765,30.458865312799,
    -99.66407842966));
#2495 = CARTESIAN_POINT('',(3.34752331971,30.331606960782,
    -100.3000008255));
#2496 = CARTESIAN_POINT('',(2.587795511824,30.240998222303,
    -100.7991450009));
#2497 = CARTESIAN_POINT('',(1.750918853868,30.192265204114,
    -101.1420068231));
#2498 = CARTESIAN_POINT('',(9.31783249674E-06,30.183778987894,
    -101.4956531297));
#2499 = CARTESIAN_POINT('',(-1.750914280465,30.353252470321,
    -101.1851446561));
#2500 = CARTESIAN_POINT('',(-2.587804407013,30.482479043473,
    -100.8638520931));
#2501 = CARTESIAN_POINT('',(-3.347549177148,30.653582612367,
    -100.3862725141));
#2502 = CARTESIAN_POINT('',(-3.994734161647,30.8613338376,
    -99.77192207386));
#2503 = CARTESIAN_POINT('',(-4.500319558998,31.098216206981,
    -99.04885271806));
#2504 = CARTESIAN_POINT('',(-4.844105160172,31.355064539412,
    -98.25126933221));
#2505 = CARTESIAN_POINT('',(-5.187891080833,31.888728385159,
    -96.58158399896));
#2506 = CARTESIAN_POINT('',(-4.844104680716,32.42239220654,
    -94.91189875665));
#2507 = CARTESIAN_POINT('',(-4.500319083974,32.679240500353,
    -94.11431551493));
#2508 = CARTESIAN_POINT('',(-3.994734839965,32.916122933631,
    -93.39124592066));
#2509 = CARTESIAN_POINT('',(-3.347550425314,33.123874408458,
    -92.77689454884));
#2510 = CARTESIAN_POINT('',(-2.587805008759,33.294978073121,
    -92.29931461243));
#2511 = CARTESIAN_POINT('',(-1.750914389352,33.424204303343,
    -91.97802332929));
#2512 = CARTESIAN_POINT('',(9.33290414503E-06,33.593677251435,
    -91.66751684982));
#2513 = CARTESIAN_POINT('',(1.75091874498,33.585191242752,
    -92.02116238189));
#2514 = CARTESIAN_POINT('',(2.587795877922,33.536458680156,
    -92.36402250374));
#2515 = CARTESIAN_POINT('',(3.347523479029,33.445850471973,
    -92.86316470036));
#2516 = CARTESIAN_POINT('',(3.994713835756,33.318592970389,
    -93.49908392185));
#2517 = CARTESIAN_POINT('',(4.500312789132,33.162204454332,
    -94.24372120887));
#2518 = CARTESIAN_POINT('',(4.844140024017,32.98584756603,
    -95.06288122883));
#2519 = CARTESIAN_POINT('',(5.016003646774,32.799510825197,
    -95.91928752415));
#2520 = CARTESIAN_POINT('',(5.016004511257,32.613172773562,
    -96.77569831932));
#2521 = ORIENTED_EDGE('',*,*,#2522,.F.);
#2522 = EDGE_CURVE('',#2175,#2487,#2523,.T.);
#2523 = B_SPLINE_CURVE_WITH_KNOTS('',1,(#2524,#2525),.UNSPECIFIED.,.F.,
  .F.,(2,2),(0.,0.9375),.PIECEWISE_BEZIER_KNOTS.);
#2524 = CARTESIAN_POINT('',(4.204102472902,33.065945044595,
    -96.89701855958));
#2525 = CARTESIAN_POINT('',(5.016004511257,32.613172773562,
    -96.77569831932));
#2526 = B_SPLINE_SURFACE_WITH_KNOTS('',1,9,(
    (#2527,#2528,#2529,#2530,#2531,#2532,#2533,#2534,#2535,#2536,#2537
      ,#2538,#2539,#2540,#2541,#2542,#2543,#2544,#2545,#2546,#2547,#2548
      ,#2549,#2550,#2551,#2552,#2553,#2554,#2555,#2556,#2557)
    ,(#2558,#2559,#2560,#2561,#2562,#2563,#2564,#2565,#2566,#2567,#2568
      ,#2569,#2570,#2571,#2572,#2573,#2574,#2575,#2576,#2577,#2578,#2579
      ,#2580,#2581,#2582,#2583,#2584,#2585,#2586,#2587,#2588
  )),.UNSPECIFIED.,.F.,.F.,.F.,(2,2),(10,7,7,7,10),(0.,0.9375),(0.,
    1.614938419963,3.229876839926,4.844815259889,6.459753679852),
  .UNSPECIFIED.);
#2527 = CARTESIAN_POINT('',(4.204101828422,31.617058981373,
    -96.50879057379));
#2528 = CARTESIAN_POINT('',(4.204102052367,31.46738755999,
    -97.22835551397));
#2529 = CARTESIAN_POINT('',(4.060056247959,31.31773427146,
    -97.94783328095));
#2530 = CARTESIAN_POINT('',(3.771903055785,31.176442172422,
    -98.6361543327));
#2531 = CARTESIAN_POINT('',(3.348115923167,31.051876185351,
    -99.26204042952));
#2532 = CARTESIAN_POINT('',(2.8056774405,30.951734190895,-99.7967569862)
  );
#2533 = CARTESIAN_POINT('',(2.168926430337,30.882303588564,
    -100.2168570811));
#2534 = CARTESIAN_POINT('',(1.467510845162,30.847972544338,
    -100.5059657137));
#2535 = CARTESIAN_POINT('',(9.35299272411E-06,30.853888358482,
    -100.8058608269));
#2536 = CARTESIAN_POINT('',(-1.467509208108,31.00896059429,
    -100.5491037178));
#2537 = CARTESIAN_POINT('',(-2.168941247767,31.123785659711,
    -100.28156156));
#2538 = CARTESIAN_POINT('',(-2.805710035532,31.273708910628,
    -99.88302821878));
#2539 = CARTESIAN_POINT('',(-3.348136494474,31.454346253823,
    -99.36986563415));
#2540 = CARTESIAN_POINT('',(-3.771885689327,31.659399142172,
    -98.76558326474));
#2541 = CARTESIAN_POINT('',(-4.060026418972,31.881188040486,
    -98.09884332061));
#2542 = CARTESIAN_POINT('',(-4.348167254018,32.34150211908,
    -96.70290417073));
#2543 = CARTESIAN_POINT('',(-4.060026144417,32.801816183722,
    -95.30696507292));
#2544 = CARTESIAN_POINT('',(-3.771885350286,33.023605064012,
    -94.64022519606));
#2545 = CARTESIAN_POINT('',(-3.348136425273,33.228657960336,
    -94.03594279688));
#2546 = CARTESIAN_POINT('',(-2.805710078298,33.409295361684,
    -93.52277999523));
#2547 = CARTESIAN_POINT('',(-2.168941066115,33.559218624514,
    -93.12424660945));
#2548 = CARTESIAN_POINT('',(-1.467508858625,33.674043574935,
    -92.8567048809));
#2549 = CARTESIAN_POINT('',(9.76490444914E-06,33.829115622468,
    -92.59994847443));
#2550 = CARTESIAN_POINT('',(1.467511194644,33.835031460305,
    -92.89984349921));
#2551 = CARTESIAN_POINT('',(2.168926888521,33.800700529233,
    -93.18895170951));
#2552 = CARTESIAN_POINT('',(2.805677799883,33.731270062968,
    -93.60905129673));
#2553 = CARTESIAN_POINT('',(3.348117895918,33.631128298339,
    -94.14376699552));
#2554 = CARTESIAN_POINT('',(3.771903625991,33.506561512748,
    -94.76965607261));
#2555 = CARTESIAN_POINT('',(4.060053686282,33.365269732905,
    -95.45797593303));
#2556 = CARTESIAN_POINT('',(4.204102271745,33.215616465977,
    -96.17745361941));
#2557 = CARTESIAN_POINT('',(4.204102472902,33.065945044595,
    -96.89701855958));
#2558 = CARTESIAN_POINT('',(5.016002255629,31.164283980317,
    -96.38746973997));
#2559 = CARTESIAN_POINT('',(5.016003119654,30.97794592868,
    -97.24388053514));
#2560 = CARTESIAN_POINT('',(4.844149471203,30.79160910001,
    -98.10028715821));
#2561 = CARTESIAN_POINT('',(4.500311505099,30.615251070073,
    -98.91945143909));
#2562 = CARTESIAN_POINT('',(3.994707851765,30.458865312799,
    -99.66407842966));
#2563 = CARTESIAN_POINT('',(3.34752331971,30.331606960782,
    -100.3000008255));
#2564 = CARTESIAN_POINT('',(2.587795511824,30.240998222303,
    -100.7991450009));
#2565 = CARTESIAN_POINT('',(1.750918853868,30.192265204114,
    -101.1420068231));
#2566 = CARTESIAN_POINT('',(9.31783249674E-06,30.183778987894,
    -101.4956531297));
#2567 = CARTESIAN_POINT('',(-1.750914280465,30.353252470321,
    -101.1851446561));
#2568 = CARTESIAN_POINT('',(-2.587804407013,30.482479043473,
    -100.8638520931));
#2569 = CARTESIAN_POINT('',(-3.347549177148,30.653582612367,
    -100.3862725141));
#2570 = CARTESIAN_POINT('',(-3.994734161647,30.8613338376,
    -99.77192207386));
#2571 = CARTESIAN_POINT('',(-4.500319558998,31.098216206981,
    -99.04885271806));
#2572 = CARTESIAN_POINT('',(-4.844105160172,31.355064539412,
    -98.25126933221));
#2573 = CARTESIAN_POINT('',(-5.187891080833,31.888728385159,
    -96.58158399896));
#2574 = CARTESIAN_POINT('',(-4.844104680716,32.42239220654,
    -94.91189875665));
#2575 = CARTESIAN_POINT('',(-4.500319083974,32.679240500353,
    -94.11431551493));
#2576 = CARTESIAN_POINT('',(-3.994734839965,32.916122933631,
    -93.39124592066));
#2577 = CARTESIAN_POINT('',(-3.347550425314,33.123874408458,
    -92.77689454884));
#2578 = CARTESIAN_POINT('',(-2.587805008759,33.294978073121,
    -92.29931461243));
#2579 = CARTESIAN_POINT('',(-1.750914389352,33.424204303343,
    -91.97802332929));
#2580 = CARTESIAN_POINT('',(9.33290414503E-06,33.593677251435,
    -91.66751684982));
#2581 = CARTESIAN_POINT('',(1.75091874498,33.585191242752,
    -92.02116238189));
#2582 = CARTESIAN_POINT('',(2.587795877922,33.536458680156,
    -92.36402250374));
#2583 = CARTESIAN_POINT('',(3.347523479029,33.445850471973,
    -92.86316470036));
#2584 = CARTESIAN_POINT('',(3.994713835756,33.318592970389,
    -93.49908392185));
#2585 = CARTESIAN_POINT('',(4.500312789132,33.162204454332,
    -94.24372120887));
#2586 = CARTESIAN_POINT('',(4.844140024017,32.98584756603,
    -95.06288122883));
#2587 = CARTESIAN_POINT('',(5.016003646774,32.799510825197,
    -95.91928752415));
#2588 = CARTESIAN_POINT('',(5.016004511257,32.613172773562,
    -96.77569831932));
#2589 = ADVANCED_FACE('',(#2590),#2600,.F.);
#2590 = FACE_BOUND('',#2591,.F.);
#2591 = EDGE_LOOP('',(#2592,#2593,#2594,#2595));
#2592 = ORIENTED_EDGE('',*,*,#2486,.F.);
#2593 = ORIENTED_EDGE('',*,*,#1094,.T.);
#2594 = ORIENTED_EDGE('',*,*,#2385,.T.);
#2595 = ORIENTED_EDGE('',*,*,#2596,.F.);
#2596 = EDGE_CURVE('',#2487,#2386,#2597,.T.);
#2597 = B_SPLINE_CURVE_WITH_KNOTS('',1,(#2598,#2599),.UNSPECIFIED.,.F.,
  .F.,(2,2),(0.,0.1875),.PIECEWISE_BEZIER_KNOTS.);
#2598 = CARTESIAN_POINT('',(5.016004511257,32.613172773562,
    -96.77569831932));
#2599 = CARTESIAN_POINT('',(5.016005800188,32.432061681137,
    -96.72716974836));
#2600 = B_SPLINE_SURFACE_WITH_KNOTS('',1,11,(
    (#2601,#2602,#2603,#2604,#2605,#2606,#2607,#2608,#2609,#2610,#2611
      ,#2612,#2613,#2614,#2615,#2616,#2617,#2618,#2619,#2620,#2621)
    ,(#2622,#2623,#2624,#2625,#2626,#2627,#2628,#2629,#2630,#2631,#2632
      ,#2633,#2634,#2635,#2636,#2637,#2638,#2639,#2640,#2641,#2642
  )),.UNSPECIFIED.,.F.,.F.,.F.,(2,2),(12,9,12),(0.,0.1875),(0.,
    3.229876839926,6.459753679852),.UNSPECIFIED.);
#2601 = CARTESIAN_POINT('',(5.016002255629,31.164283980317,
    -96.38746973997));
#2602 = CARTESIAN_POINT('',(5.016003669488,30.859367168546,
    -97.78886922297));
#2603 = CARTESIAN_POINT('',(4.56605872341,30.55445355873,-99.19025778266
    ));
#2604 = CARTESIAN_POINT('',(3.66563519096,30.290179096101,
    -100.4399744536));
#2605 = CARTESIAN_POINT('',(2.377453387618,30.10727803892,
    -101.3860074286));
#2606 = CARTESIAN_POINT('',(0.823975007647,30.039113181099,
    -101.9038376392));
#2607 = CARTESIAN_POINT('',(-0.823932677272,30.105000820256,
    -101.9213732274));
#2608 = CARTESIAN_POINT('',(-2.377383344117,30.304827647956,
    -101.439044866));
#2609 = CARTESIAN_POINT('',(-3.665857680764,30.619486520267,
    -100.5281561093));
#2610 = CARTESIAN_POINT('',(-4.565951055684,31.015460271833,
    -99.31379637031));
#2611 = CARTESIAN_POINT('',(-5.466045337875,31.888728395016,
    -96.58158396218));
#2612 = CARTESIAN_POINT('',(-4.565950271119,32.761996454406,
    -93.84937179212));
#2613 = CARTESIAN_POINT('',(-3.665854055522,33.157971197237,
    -92.63500835351));
#2614 = CARTESIAN_POINT('',(-2.377405030854,33.472623325425,
    -91.72414476689));
#2615 = CARTESIAN_POINT('',(-0.823903901852,33.672474920707,
    -91.24172396989));
#2616 = CARTESIAN_POINT('',(0.823970860235,33.738314247388,
    -91.25943986551));
#2617 = CARTESIAN_POINT('',(2.377415594882,33.670198715663,
    -91.77708598563));
#2618 = CARTESIAN_POINT('',(3.665688292772,33.487273097023,
    -92.72321062731));
#2619 = CARTESIAN_POINT('',(4.566033733105,33.223002965177,
    -93.97291113474));
#2620 = CARTESIAN_POINT('',(5.016003096648,32.918089585328,
    -95.37429883631));
#2621 = CARTESIAN_POINT('',(5.016004511257,32.613172773562,
    -96.77569831932));
#2622 = CARTESIAN_POINT('',(5.016002900094,30.983172887889,
    -96.33894116901));
#2623 = CARTESIAN_POINT('',(5.016004717699,30.678256004678,
    -97.74034091864));
#2624 = CARTESIAN_POINT('',(4.56606317281,30.373342290543,-99.1417298677
    ));
#2625 = CARTESIAN_POINT('',(3.665628310364,30.109067145673,
    -100.3914490847));
#2626 = CARTESIAN_POINT('',(2.377459243961,29.926169549439,
    -101.3374691432));
#2627 = CARTESIAN_POINT('',(0.823975757299,29.857997619228,
    -101.8553257488));
#2628 = CARTESIAN_POINT('',(-0.82393694788,29.923892160354,
    -101.8728355779));
#2629 = CARTESIAN_POINT('',(-2.377380705384,30.123715475655,
    -101.3905203253));
#2630 = CARTESIAN_POINT('',(-3.665858906076,30.438375359476,
    -100.4796277935));
#2631 = CARTESIAN_POINT('',(-4.565952048372,30.834349033103,
    -99.26526834537));
#2632 = CARTESIAN_POINT('',(-5.466046391307,31.707617308362,
    -96.53305536967));
#2633 = CARTESIAN_POINT('',(-4.565951038361,32.580885501499,
    -93.80084270047));
#2634 = CARTESIAN_POINT('',(-3.665854243192,32.976860449502,
    -92.58647849613));
#2635 = CARTESIAN_POINT('',(-2.377408586046,33.291511662163,
    -91.6756183264));
#2636 = CARTESIAN_POINT('',(-0.823899948384,33.491366821311,
    -91.19318422867));
#2637 = CARTESIAN_POINT('',(0.823970427429,33.557199246213,
    -91.21092588234));
#2638 = CARTESIAN_POINT('',(2.377410655591,33.489090735081,
    -91.72854580089));
#2639 = CARTESIAN_POINT('',(3.665696585979,33.306161559684,
    -92.67468371702));
#2640 = CARTESIAN_POINT('',(4.566031043704,33.041891982856,
    -93.92438215277));
#2641 = CARTESIAN_POINT('',(5.016003981833,32.736978564342,
    -95.32576999873));
#2642 = CARTESIAN_POINT('',(5.016005800188,32.432061681137,
    -96.72716974836));
#2643 = ADVANCED_FACE('',(#2644),#2698,.T.);
#2644 = FACE_BOUND('',#2645,.T.);
#2645 = EDGE_LOOP('',(#2646,#2656,#2696,#2697));
#2646 = ORIENTED_EDGE('',*,*,#2647,.F.);
#2647 = EDGE_CURVE('',#2648,#1851,#2650,.T.);
#2648 = VERTEX_POINT('',#2649);
#2649 = CARTESIAN_POINT('',(-35.64083901085,-14.76291889265,-60.));
#2650 = B_SPLINE_CURVE_WITH_KNOTS('',4,(#2651,#2652,#2653,#2654,#2655),
  .UNSPECIFIED.,.F.,.F.,(5,5),(0.,1.),.PIECEWISE_BEZIER_KNOTS.);
#2651 = CARTESIAN_POINT('',(-35.64083901085,-15.62857422932,-60.));
#2652 = CARTESIAN_POINT('',(-35.64083901085,-7.814287114671,-60.));
#2653 = CARTESIAN_POINT('',(-35.64083901085,-1.554941E-11,-60.));
#2654 = CARTESIAN_POINT('',(-35.64083901085,7.814287114639,-60.));
#2655 = CARTESIAN_POINT('',(-35.64083901085,15.628574229294,-60.));
#2656 = ORIENTED_EDGE('',*,*,#2657,.T.);
#2657 = EDGE_CURVE('',#2648,#1262,#2658,.T.);
#2658 = B_SPLINE_CURVE_WITH_KNOTS('',6,(#2659,#2660,#2661,#2662,#2663,
    #2664,#2665,#2666,#2667,#2668,#2669,#2670,#2671,#2672,#2673,#2674,
    #2675,#2676,#2677,#2678,#2679,#2680,#2681,#2682,#2683,#2684,#2685,
    #2686,#2687,#2688,#2689,#2690,#2691,#2692,#2693,#2694,#2695),
  .UNSPECIFIED.,.F.,.F.,(7,5,5,5,5,5,5,7),(0.,0.133398979937,
    0.266578639652,0.399777145593,0.532736265389,0.718383866094,
    0.903836221459,1.),.UNSPECIFIED.);
#2659 = CARTESIAN_POINT('',(-51.71779055671,-21.42221026456,0.));
#2660 = CARTESIAN_POINT('',(-50.95476989306,-21.1061567573,
    -2.847631883987));
#2661 = CARTESIAN_POINT('',(-50.1917584311,-20.79010706151,
    -5.695229426786));
#2662 = CARTESIAN_POINT('',(-49.42875703339,-20.47406153447,
    -8.542789409267));
#2663 = CARTESIAN_POINT('',(-48.66576672852,-20.15802060223,
    -11.39030799274));
#2664 = CARTESIAN_POINT('',(-47.90278872553,-19.8419847656,
    -14.23778066495));
#2665 = CARTESIAN_POINT('',(-46.378114515,-19.2104440294,-19.92794228362
    ));
#2666 = CARTESIAN_POINT('',(-45.61641829397,-18.89493912424,
    -22.77063128045));
#2667 = CARTESIAN_POINT('',(-44.85473714601,-18.57944046256,
    -25.61326402379));
#2668 = CARTESIAN_POINT('',(-44.09307274538,-18.26394873784,
    -28.45583426526));
#2669 = CARTESIAN_POINT('',(-43.33142708784,-17.94846477676,
    -31.29833455658));
#2670 = CARTESIAN_POINT('',(-41.80807017201,-17.31746968189,
    -36.98357996453));
#2671 = CARTESIAN_POINT('',(-41.04635898349,-17.00195857699,
    -39.82632482078));
#2672 = CARTESIAN_POINT('',(-40.28467126307,-16.6864571929,
    -42.66898209289));
#2673 = CARTESIAN_POINT('',(-39.52300987089,-16.37096671433,
    -45.51154110665));
#2674 = CARTESIAN_POINT('',(-38.76137827493,-16.05548857775,
    -48.35398891942));
#2675 = CARTESIAN_POINT('',(-37.23955169611,-15.42512736922,
    -54.03352303189));
#2676 = CARTESIAN_POINT('',(-36.47935672865,-15.11024430365,
    -56.87060927411));
#2677 = CARTESIAN_POINT('',(-35.71919973369,-14.79537696681,
    -59.70755380103));
#2678 = CARTESIAN_POINT('',(-34.95908582531,-14.48052747701,
    -62.54433752664));
#2679 = CARTESIAN_POINT('',(-34.19902133108,-14.16569845522,
    -65.38093683615));
#2680 = CARTESIAN_POINT('',(-32.37783396493,-13.41133794854,
    -72.1777006167));
#2681 = CARTESIAN_POINT('',(-31.31676699024,-12.97182961703,
    -76.13765647649));
#2682 = CARTESIAN_POINT('',(-30.2558315647,-12.53237577497,
    -80.09712138816));
#2683 = CARTESIAN_POINT('',(-29.19505671637,-12.09298844617,
    -84.0559870175));
#2684 = CARTESIAN_POINT('',(-28.13448289857,-11.65368438694,
    -88.01410239071));
#2685 = CARTESIAN_POINT('',(-26.01496208092,-10.77575011854,
    -95.92426176988));
#2686 = CARTESIAN_POINT('',(-24.95602243514,-10.33712295552,
    -99.8762783301));
#2687 = CARTESIAN_POINT('',(-23.89739205144,-9.898623893057,
    -103.8271407084));
#2688 = CARTESIAN_POINT('',(-22.8391538003,-9.460287257209,
    -107.7765396282));
#2689 = CARTESIAN_POINT('',(-21.78143062843,-9.022163974185,
    -111.724016246));
#2690 = CARTESIAN_POINT('',(-20.17628897855,-8.357292533275,
    -117.7144864367));
#2691 = CARTESIAN_POINT('',(-19.6283677712,-8.13033613808,-119.759356221
    ));
#2692 = CARTESIAN_POINT('',(-19.08066004508,-7.903468169704,
    -121.8034292826));
#2693 = CARTESIAN_POINT('',(-18.53319914712,-7.676702440902,
    -123.846581169));
#2694 = CARTESIAN_POINT('',(-17.98602764698,-7.450056584597,
    -125.888653008));
#2695 = CARTESIAN_POINT('',(-17.43919837364,-7.223552483277,
    -127.9294476391));
#2696 = ORIENTED_EDGE('',*,*,#1261,.T.);
#2697 = ORIENTED_EDGE('',*,*,#1860,.F.);
#2698 = OFFSET_SURFACE('',#2699,8.,.F.);
#2699 = B_SPLINE_SURFACE_WITH_KNOTS('',2,2,(
    (#2700,#2701,#2702,#2703,#2704)
    ,(#2705,#2706,#2707,#2708,#2709)
    ,(#2710,#2711,#2712,#2713,#2714)
    ,(#2715,#2716,#2717,#2718,#2719)
    ,(#2720,#2721,#2722,#2723,#2724
    )),.UNSPECIFIED.,.F.,.F.,.F.,(3,1,1,3),(3,1,1,3),(-12.42640687119,0.
    ,49.705627484771,62.132034355964),(-0.24920487593,0.,1.,
    1.24920487593),.UNSPECIFIED.);
#2700 = CARTESIAN_POINT('',(-68.70834875401,40.886336773365,32.5));
#2701 = CARTESIAN_POINT('',(-64.34032594159,39.077042483708,
    16.198316935449));
#2702 = CARTESIAN_POINT('',(-42.58330249197,30.064988294006,-65.));
#2703 = CARTESIAN_POINT('',(-20.82627904235,21.052934104304,
    -146.1983169354));
#2704 = CARTESIAN_POINT('',(-16.45825622994,19.243639814647,-162.5));
#2705 = CARTESIAN_POINT('',(-68.68065188319,35.560571853305,
    32.396633870898));
#2706 = CARTESIAN_POINT('',(-64.34032594159,33.313294515644,
    16.198316935449));
#2707 = CARTESIAN_POINT('',(-42.58330249197,22.048226778516,-65.));
#2708 = CARTESIAN_POINT('',(-20.82627904235,10.783159041389,
    -146.1983169354));
#2709 = CARTESIAN_POINT('',(-16.48595310076,8.535881703727,
    -162.3966338708));
#2710 = CARTESIAN_POINT('',(-68.75824919615,3.55E-15,32.686230985383));
#2711 = CARTESIAN_POINT('',(-64.34032594159,3.55E-15,16.198316935449));
#2712 = CARTESIAN_POINT('',(-42.58330249197,3.55E-15,-65.));
#2713 = CARTESIAN_POINT('',(-20.82627904235,3.55E-15,-146.1983169354));
#2714 = CARTESIAN_POINT('',(-16.4083557878,3.55E-15,-162.6862309853));
#2715 = CARTESIAN_POINT('',(-68.68065188319,-35.5605718533,
    32.396633870898));
#2716 = CARTESIAN_POINT('',(-64.34032594159,-33.31329451564,
    16.198316935449));
#2717 = CARTESIAN_POINT('',(-42.58330249197,-22.04822677851,-65.));
#2718 = CARTESIAN_POINT('',(-20.82627904235,-10.78315904138,
    -146.1983169354));
#2719 = CARTESIAN_POINT('',(-16.48595310076,-8.535881703727,
    -162.3966338708));
#2720 = CARTESIAN_POINT('',(-68.70834875401,-40.88633677336,32.5));
#2721 = CARTESIAN_POINT('',(-64.34032594159,-39.0770424837,
    16.198316935449));
#2722 = CARTESIAN_POINT('',(-42.58330249197,-30.064988294,-65.));
#2723 = CARTESIAN_POINT('',(-20.82627904235,-21.0529341043,
    -146.1983169354));
#2724 = CARTESIAN_POINT('',(-16.45825622994,-19.24363981464,-162.5));
#2725 = ADVANCED_FACE('',(#2726),#2779,.T.);
#2726 = FACE_BOUND('',#2727,.T.);
#2727 = EDGE_LOOP('',(#2728,#2729,#2769,#2770,#2771));
#2728 = ORIENTED_EDGE('',*,*,#1984,.F.);
#2729 = ORIENTED_EDGE('',*,*,#2730,.T.);
#2730 = EDGE_CURVE('',#1975,#1272,#2731,.T.);
#2731 = B_SPLINE_CURVE_WITH_KNOTS('',6,(#2732,#2733,#2734,#2735,#2736,
    #2737,#2738,#2739,#2740,#2741,#2742,#2743,#2744,#2745,#2746,#2747,
    #2748,#2749,#2750,#2751,#2752,#2753,#2754,#2755,#2756,#2757,#2758,
    #2759,#2760,#2761,#2762,#2763,#2764,#2765,#2766,#2767,#2768),
  .UNSPECIFIED.,.F.,.F.,(7,5,5,5,5,5,5,7),(0.,0.133398979937,
    0.266578639652,0.399777145593,0.532736265389,0.718383866094,
    0.903836221459,1.),.UNSPECIFIED.);
#2732 = CARTESIAN_POINT('',(-21.42221026456,-51.71779055671,0.));
#2733 = CARTESIAN_POINT('',(-21.1061567573,-50.95476989306,
    -2.84763188399));
#2734 = CARTESIAN_POINT('',(-20.79010706151,-50.1917584311,
    -5.695229426782));
#2735 = CARTESIAN_POINT('',(-20.47406153447,-49.42875703339,
    -8.542789409267));
#2736 = CARTESIAN_POINT('',(-20.15802060223,-48.66576672852,
    -11.39030799274));
#2737 = CARTESIAN_POINT('',(-19.8419847656,-47.90278872553,
    -14.23778066495));
#2738 = CARTESIAN_POINT('',(-19.2104440294,-46.378114515,-19.92794228362
    ));
#2739 = CARTESIAN_POINT('',(-18.89493912424,-45.61641829397,
    -22.77063128045));
#2740 = CARTESIAN_POINT('',(-18.57944046256,-44.85473714601,
    -25.61326402379));
#2741 = CARTESIAN_POINT('',(-18.26394873784,-44.09307274538,
    -28.45583426526));
#2742 = CARTESIAN_POINT('',(-17.94846477676,-43.33142708784,
    -31.29833455658));
#2743 = CARTESIAN_POINT('',(-17.31746968189,-41.80807017201,
    -36.98357996453));
#2744 = CARTESIAN_POINT('',(-17.00195857699,-41.04635898348,
    -39.82632482079));
#2745 = CARTESIAN_POINT('',(-16.6864571929,-40.28467126307,
    -42.66898209289));
#2746 = CARTESIAN_POINT('',(-16.37096671433,-39.52300987089,
    -45.51154110665));
#2747 = CARTESIAN_POINT('',(-16.05548857775,-38.76137827493,
    -48.35398891942));
#2748 = CARTESIAN_POINT('',(-15.42512736922,-37.23955169611,
    -54.03352303189));
#2749 = CARTESIAN_POINT('',(-15.11024430365,-36.47935672865,
    -56.87060927411));
#2750 = CARTESIAN_POINT('',(-14.79537696681,-35.71919973369,
    -59.70755380103));
#2751 = CARTESIAN_POINT('',(-14.48052747701,-34.95908582531,
    -62.54433752664));
#2752 = CARTESIAN_POINT('',(-14.16569845522,-34.19902133108,
    -65.38093683615));
#2753 = CARTESIAN_POINT('',(-13.41133794854,-32.37783396493,
    -72.1777006167));
#2754 = CARTESIAN_POINT('',(-12.97182961703,-31.31676699024,
    -76.13765647648));
#2755 = CARTESIAN_POINT('',(-12.53237577497,-30.25583156469,
    -80.09712138817));
#2756 = CARTESIAN_POINT('',(-12.09298844617,-29.19505671638,
    -84.05598701749));
#2757 = CARTESIAN_POINT('',(-11.65368438694,-28.13448289857,
    -88.01410239071));
#2758 = CARTESIAN_POINT('',(-10.77575011854,-26.01496208092,
    -95.92426176988));
#2759 = CARTESIAN_POINT('',(-10.33712295552,-24.95602243513,
    -99.87627833012));
#2760 = CARTESIAN_POINT('',(-9.898623893059,-23.89739205145,
    -103.8271407084));
#2761 = CARTESIAN_POINT('',(-9.460287257207,-22.83915380029,
    -107.7765396282));
#2762 = CARTESIAN_POINT('',(-9.022163974184,-21.78143062843,
    -111.724016246));
#2763 = CARTESIAN_POINT('',(-8.357292533275,-20.17628897855,
    -117.7144864367));
#2764 = CARTESIAN_POINT('',(-8.13033613808,-19.6283677712,
    -119.7593562211));
#2765 = CARTESIAN_POINT('',(-7.903468169704,-19.08066004508,
    -121.8034292826));
#2766 = CARTESIAN_POINT('',(-7.676702440902,-18.53319914712,
    -123.846581169));
#2767 = CARTESIAN_POINT('',(-7.450056584597,-17.98602764698,
    -125.888653008));
#2768 = CARTESIAN_POINT('',(-7.223552483277,-17.43919837364,
    -127.9294476391));
#2769 = ORIENTED_EDGE('',*,*,#1271,.T.);
#2770 = ORIENTED_EDGE('',*,*,#2657,.F.);
#2771 = ORIENTED_EDGE('',*,*,#2772,.F.);
#2772 = EDGE_CURVE('',#1936,#2648,#2773,.T.);
#2773 = B_SPLINE_CURVE_WITH_KNOTS('',4,(#2774,#2775,#2776,#2777,#2778),
  .UNSPECIFIED.,.F.,.F.,(5,5),(0.,1.),.PIECEWISE_BEZIER_KNOTS.);
#2774 = CARTESIAN_POINT('',(-14.15080813391,-36.25294976958,-60.));
#2775 = CARTESIAN_POINT('',(-19.67634354282,-30.72741436067,-60.));
#2776 = CARTESIAN_POINT('',(-25.20187895174,-25.20187895176,-60.));
#2777 = CARTESIAN_POINT('',(-30.72741436065,-19.67634354285,-60.));
#2778 = CARTESIAN_POINT('',(-36.25294976956,-14.15080813394,-60.));
#2779 = OFFSET_SURFACE('',#2780,8.,.F.);
#2780 = B_SPLINE_SURFACE_WITH_KNOTS('',2,2,(
    (#2781,#2782,#2783,#2784,#2785)
    ,(#2786,#2787,#2788,#2789,#2790)
    ,(#2791,#2792,#2793,#2794,#2795)
    ,(#2796,#2797,#2798,#2799,#2800)
    ,(#2801,#2802,#2803,#2804,#2805
    )),.UNSPECIFIED.,.F.,.F.,.F.,(3,1,1,3),(3,1,1,3),(-12.42640687119,0.
    ,49.705627484771,62.132034355964),(-0.24920487593,0.,1.,
    1.24920487593),.UNSPECIFIED.);
#2781 = CARTESIAN_POINT('',(-77.49514531841,-19.67313333776,32.5));
#2782 = CARTESIAN_POINT('',(-73.127122506,-17.86383904811,
    16.198316935449));
#2783 = CARTESIAN_POINT('',(-51.37009905638,-8.851784858409,-65.));
#2784 = CARTESIAN_POINT('',(-29.61307560676,0.160269331293,
    -146.1983169354));
#2785 = CARTESIAN_POINT('',(-25.24505279434,1.96956362095,-162.5));
#2786 = CARTESIAN_POINT('',(-73.70967618326,-23.41943318257,
    32.396633870898));
#2787 = CARTESIAN_POINT('',(-69.05153723273,-21.93942432138,
    16.198316935449));
#2788 = CARTESIAN_POINT('',(-45.70139262562,-14.52049128916,-65.));
#2789 = CARTESIAN_POINT('',(-22.35124801851,-7.101558256955,
    -146.1983169354));
#2790 = CARTESIAN_POINT('',(-17.69310906798,-5.621549395759,
    -162.3966338708));
#2791 = CARTESIAN_POINT('',(-48.61942426911,-48.61942426911,
    32.686230985383));
#2792 = CARTESIAN_POINT('',(-45.49548077705,-45.49548077705,
    16.198316935449));
#2793 = CARTESIAN_POINT('',(-30.11094195739,-30.11094195739,-65.));
#2794 = CARTESIAN_POINT('',(-14.72640313773,-14.72640313773,
    -146.1983169354));
#2795 = CARTESIAN_POINT('',(-11.60245964567,-11.60245964567,
    -162.6862309853));
#2796 = CARTESIAN_POINT('',(-23.41943318257,-73.70967618326,
    32.396633870898));
#2797 = CARTESIAN_POINT('',(-21.93942432138,-69.05153723273,
    16.198316935449));
#2798 = CARTESIAN_POINT('',(-14.52049128916,-45.70139262562,-65.));
#2799 = CARTESIAN_POINT('',(-7.101558256955,-22.35124801851,
    -146.1983169354));
#2800 = CARTESIAN_POINT('',(-5.621549395759,-17.69310906798,
    -162.3966338708));
#2801 = CARTESIAN_POINT('',(-19.67313333776,-77.49514531841,32.5));
#2802 = CARTESIAN_POINT('',(-17.86383904811,-73.127122506,
    16.198316935449));
#2803 = CARTESIAN_POINT('',(-8.851784858409,-51.37009905638,-65.));
#2804 = CARTESIAN_POINT('',(0.160269331293,-29.61307560676,
    -146.1983169354));
#2805 = CARTESIAN_POINT('',(1.96956362095,-25.24505279434,-162.5));
#2806 = ADVANCED_FACE('',(#2807),#2813,.T.);
#2807 = FACE_BOUND('',#2808,.T.);
#2808 = EDGE_LOOP('',(#2809,#2810,#2811,#2812));
#2809 = ORIENTED_EDGE('',*,*,#1974,.F.);
#2810 = ORIENTED_EDGE('',*,*,#2000,.T.);
#2811 = ORIENTED_EDGE('',*,*,#1281,.T.);
#2812 = ORIENTED_EDGE('',*,*,#2730,.F.);
#2813 = OFFSET_SURFACE('',#2814,8.,.F.);
#2814 = B_SPLINE_SURFACE_WITH_KNOTS('',2,2,(
    (#2815,#2816,#2817,#2818,#2819)
    ,(#2820,#2821,#2822,#2823,#2824)
    ,(#2825,#2826,#2827,#2828,#2829)
    ,(#2830,#2831,#2832,#2833,#2834)
    ,(#2835,#2836,#2837,#2838,#2839
    )),.UNSPECIFIED.,.F.,.F.,.F.,(3,1,1,3),(3,1,1,3),(-12.42640687119,0.
    ,49.705627484771,62.132034355964),(-0.24920487593,0.,1.,
    1.24920487593),.UNSPECIFIED.);
#2815 = CARTESIAN_POINT('',(-40.88633677336,-68.70834875401,32.5));
#2816 = CARTESIAN_POINT('',(-39.0770424837,-64.34032594159,
    16.198316935449));
#2817 = CARTESIAN_POINT('',(-30.064988294,-42.58330249197,-65.));
#2818 = CARTESIAN_POINT('',(-21.0529341043,-20.82627904235,
    -146.1983169354));
#2819 = CARTESIAN_POINT('',(-19.24363981464,-16.45825622994,-162.5));
#2820 = CARTESIAN_POINT('',(-35.5605718533,-68.68065188319,
    32.396633870898));
#2821 = CARTESIAN_POINT('',(-33.31329451564,-64.34032594159,
    16.198316935449));
#2822 = CARTESIAN_POINT('',(-22.04822677851,-42.58330249197,-65.));
#2823 = CARTESIAN_POINT('',(-10.78315904138,-20.82627904235,
    -146.1983169354));
#2824 = CARTESIAN_POINT('',(-8.535881703727,-16.48595310076,
    -162.3966338708));
#2825 = CARTESIAN_POINT('',(4.E-15,-68.75824919615,32.686230985383));
#2826 = CARTESIAN_POINT('',(3.77E-15,-64.34032594159,16.198316935449));
#2827 = CARTESIAN_POINT('',(2.66E-15,-42.58330249197,-65.));
#2828 = CARTESIAN_POINT('',(1.56E-15,-20.82627904235,-146.1983169354));
#2829 = CARTESIAN_POINT('',(1.33E-15,-16.4083557878,-162.6862309853));
#2830 = CARTESIAN_POINT('',(35.560571853305,-68.68065188319,
    32.396633870898));
#2831 = CARTESIAN_POINT('',(33.313294515644,-64.34032594159,
    16.198316935449));
#2832 = CARTESIAN_POINT('',(22.048226778516,-42.58330249197,-65.));
#2833 = CARTESIAN_POINT('',(10.783159041389,-20.82627904235,
    -146.1983169354));
#2834 = CARTESIAN_POINT('',(8.535881703727,-16.48595310076,
    -162.3966338708));
#2835 = CARTESIAN_POINT('',(40.886336773365,-68.70834875401,32.5));
#2836 = CARTESIAN_POINT('',(39.077042483708,-64.34032594159,
    16.198316935449));
#2837 = CARTESIAN_POINT('',(30.064988294006,-42.58330249197,-65.));
#2838 = CARTESIAN_POINT('',(21.052934104304,-20.82627904235,
    -146.1983169354));
#2839 = CARTESIAN_POINT('',(19.243639814647,-16.45825622994,-162.5));
#2840 = ADVANCED_FACE('',(#2841,#2907),#3066,.T.);
#2841 = FACE_BOUND('',#2842,.T.);
#2842 = EDGE_LOOP('',(#2843,#2853,#2861,#2869,#2877,#2885,#2893,#2901));
#2843 = ORIENTED_EDGE('',*,*,#2844,.T.);
#2844 = EDGE_CURVE('',#2845,#2847,#2849,.T.);
#2845 = VERTEX_POINT('',#2846);
#2846 = CARTESIAN_POINT('',(60.,24.852813742386,0.));
#2847 = VERTEX_POINT('',#2848);
#2848 = CARTESIAN_POINT('',(24.852813742386,60.,0.));
#2849 = LINE('',#2850,#2851);
#2850 = CARTESIAN_POINT('',(60.,24.852813742386,0.));
#2851 = VECTOR('',#2852,1.);
#2852 = DIRECTION('',(-0.707106781187,0.707106781187,0.));
#2853 = ORIENTED_EDGE('',*,*,#2854,.T.);
#2854 = EDGE_CURVE('',#2847,#2855,#2857,.T.);
#2855 = VERTEX_POINT('',#2856);
#2856 = CARTESIAN_POINT('',(-24.85281374238,60.,0.));
#2857 = LINE('',#2858,#2859);
#2858 = CARTESIAN_POINT('',(24.852813742386,60.,0.));
#2859 = VECTOR('',#2860,1.);
#2860 = DIRECTION('',(-1.,-1.4E-16,0.));
#2861 = ORIENTED_EDGE('',*,*,#2862,.T.);
#2862 = EDGE_CURVE('',#2855,#2863,#2865,.T.);
#2863 = VERTEX_POINT('',#2864);
#2864 = CARTESIAN_POINT('',(-60.,24.852813742386,0.));
#2865 = LINE('',#2866,#2867);
#2866 = CARTESIAN_POINT('',(-24.85281374238,60.,0.));
#2867 = VECTOR('',#2868,1.);
#2868 = DIRECTION('',(-0.707106781187,-0.707106781187,0.));
#2869 = ORIENTED_EDGE('',*,*,#2870,.T.);
#2870 = EDGE_CURVE('',#2863,#2871,#2873,.T.);
#2871 = VERTEX_POINT('',#2872);
#2872 = CARTESIAN_POINT('',(-60.,-24.85281374238,0.));
#2873 = LINE('',#2874,#2875);
#2874 = CARTESIAN_POINT('',(-60.,24.852813742386,0.));
#2875 = VECTOR('',#2876,1.);
#2876 = DIRECTION('',(0.,-1.,0.));
#2877 = ORIENTED_EDGE('',*,*,#2878,.T.);
#2878 = EDGE_CURVE('',#2871,#2879,#2881,.T.);
#2879 = VERTEX_POINT('',#2880);
#2880 = CARTESIAN_POINT('',(-24.85281374238,-60.,0.));
#2881 = LINE('',#2882,#2883);
#2882 = CARTESIAN_POINT('',(-60.,-24.85281374238,0.));
#2883 = VECTOR('',#2884,1.);
#2884 = DIRECTION('',(0.707106781187,-0.707106781187,0.));
#2885 = ORIENTED_EDGE('',*,*,#2886,.T.);
#2886 = EDGE_CURVE('',#2879,#2887,#2889,.T.);
#2887 = VERTEX_POINT('',#2888);
#2888 = CARTESIAN_POINT('',(24.852813742386,-60.,0.));
#2889 = LINE('',#2890,#2891);
#2890 = CARTESIAN_POINT('',(-24.85281374238,-60.,0.));
#2891 = VECTOR('',#2892,1.);
#2892 = DIRECTION('',(1.,0.,0.));
#2893 = ORIENTED_EDGE('',*,*,#2894,.T.);
#2894 = EDGE_CURVE('',#2887,#2895,#2897,.T.);
#2895 = VERTEX_POINT('',#2896);
#2896 = CARTESIAN_POINT('',(60.,-24.85281374238,0.));
#2897 = LINE('',#2898,#2899);
#2898 = CARTESIAN_POINT('',(24.852813742386,-60.,0.));
#2899 = VECTOR('',#2900,1.);
#2900 = DIRECTION('',(0.707106781187,0.707106781187,0.));
#2901 = ORIENTED_EDGE('',*,*,#2902,.T.);
#2902 = EDGE_CURVE('',#2895,#2845,#2903,.T.);
#2903 = LINE('',#2904,#2905);
#2904 = CARTESIAN_POINT('',(60.,-24.85281374238,0.));
#2905 = VECTOR('',#2906,1.);
#2906 = DIRECTION('',(0.,1.,0.));
#2907 = FACE_BOUND('',#2908,.T.);
#2908 = EDGE_LOOP('',(#2909,#2910,#2947,#2955,#2992,#3029,#3064,#3065));
#2909 = ORIENTED_EDGE('',*,*,#1666,.T.);
#2910 = ORIENTED_EDGE('',*,*,#2911,.T.);
#2911 = EDGE_CURVE('',#1667,#2912,#2914,.T.);
#2912 = VERTEX_POINT('',#2913);
#2913 = CARTESIAN_POINT('',(51.717790556719,-21.42221026456,1.2E-14));
#2914 = B_SPLINE_CURVE_WITH_KNOTS('',6,(#2915,#2916,#2917,#2918,#2919,
    #2920,#2921,#2922,#2923,#2924,#2925,#2926,#2927,#2928,#2929,#2930,
    #2931,#2932,#2933,#2934,#2935,#2936,#2937,#2938,#2939,#2940,#2941,
    #2942,#2943,#2944,#2945,#2946),.UNSPECIFIED.,.F.,.F.,(7,5,5,5,5,5,7)
  ,(0.,0.165504979191,0.175489570028,0.499992686109,0.831485100075,
    0.841471892092,1.),.UNSPECIFIED.);
#2915 = CARTESIAN_POINT('',(51.717790556719,37.04941375572,0.));
#2916 = CARTESIAN_POINT('',(51.717790556719,34.989540101981,0.));
#2917 = CARTESIAN_POINT('',(51.717790556719,32.933351929734,0.));
#2918 = CARTESIAN_POINT('',(51.717790556719,30.88088281345,0.));
#2919 = CARTESIAN_POINT('',(51.717790556719,28.83216685188,0.));
#2920 = CARTESIAN_POINT('',(51.717790556719,26.787238668057,0.));
#2921 = CARTESIAN_POINT('',(51.717790556719,24.622997531662,0.));
#2922 = CARTESIAN_POINT('',(51.717790556719,24.499892117915,0.));
#2923 = CARTESIAN_POINT('',(51.717790556719,24.376780645242,0.));
#2924 = CARTESIAN_POINT('',(51.717790556719,24.2536615184,0.));
#2925 = CARTESIAN_POINT('',(51.717790556719,24.130545261935,0.));
#2926 = CARTESIAN_POINT('',(51.717790556719,20.006193093679,0.));
#2927 = CARTESIAN_POINT('',(51.717790556719,16.004954474943,0.));
#2928 = CARTESIAN_POINT('',(51.717790556719,12.003715856208,0.));
#2929 = CARTESIAN_POINT('',(51.717790556719,8.002477237472,0.));
#2930 = CARTESIAN_POINT('',(51.717790556719,4.001238618737,0.));
#2931 = CARTESIAN_POINT('',(51.717790556719,-4.087419142831,0.));
#2932 = CARTESIAN_POINT('',(51.717790556719,-8.174838285662,0.));
#2933 = CARTESIAN_POINT('',(51.717790556719,-12.26225742849,0.));
#2934 = CARTESIAN_POINT('',(51.717790556719,-16.34967657132,0.));
#2935 = CARTESIAN_POINT('',(51.717790556719,-20.43709571415,0.));
#2936 = CARTESIAN_POINT('',(51.717790556719,-24.64765554782,0.));
#2937 = CARTESIAN_POINT('',(51.717790556719,-24.77078998911,0.));
#2938 = CARTESIAN_POINT('',(51.71779055672,-24.89395757635,0.));
#2939 = CARTESIAN_POINT('',(51.717790556719,-25.0171269267,0.));
#2940 = CARTESIAN_POINT('',(51.717790556719,-25.14031480022,0.));
#2941 = CARTESIAN_POINT('',(51.717790556719,-27.21918034349,0.));
#2942 = CARTESIAN_POINT('',(51.717790556719,-29.17834627758,0.));
#2943 = CARTESIAN_POINT('',(51.717790556719,-31.14098274472,0.));
#2944 = CARTESIAN_POINT('',(51.717790556719,-33.10705936569,0.));
#2945 = CARTESIAN_POINT('',(51.717790556719,-35.07654620196,0.));
#2946 = CARTESIAN_POINT('',(51.717790556719,-37.04941375572,0.));
#2947 = ORIENTED_EDGE('',*,*,#2948,.F.);
#2948 = EDGE_CURVE('',#2949,#2912,#2951,.T.);
#2949 = VERTEX_POINT('',#2950);
#2950 = CARTESIAN_POINT('',(21.422210264564,-51.71779055671,1.2E-14));
#2951 = LINE('',#2952,#2953);
#2952 = CARTESIAN_POINT('',(57.783203846238,-15.35679697504,1.421E-14));
#2953 = VECTOR('',#2954,1.);
#2954 = DIRECTION('',(0.707106781187,0.707106781187,0.));
#2955 = ORIENTED_EDGE('',*,*,#2956,.T.);
#2956 = EDGE_CURVE('',#2949,#2957,#2959,.T.);
#2957 = VERTEX_POINT('',#2958);
#2958 = CARTESIAN_POINT('',(-21.42221026445,-51.71779055645,-9.88273E-10
    ));
#2959 = B_SPLINE_CURVE_WITH_KNOTS('',6,(#2960,#2961,#2962,#2963,#2964,
    #2965,#2966,#2967,#2968,#2969,#2970,#2971,#2972,#2973,#2974,#2975,
    #2976,#2977,#2978,#2979,#2980,#2981,#2982,#2983,#2984,#2985,#2986,
    #2987,#2988,#2989,#2990,#2991),.UNSPECIFIED.,.F.,.F.,(7,5,5,5,5,5,7)
  ,(0.,0.165504979191,0.175489570029,0.49999268611,0.831485100077,
    0.841471892093,1.),.UNSPECIFIED.);
#2960 = CARTESIAN_POINT('',(37.04941375572,-51.71779055671,0.));
#2961 = CARTESIAN_POINT('',(34.989540101981,-51.71779055671,0.));
#2962 = CARTESIAN_POINT('',(32.933351929734,-51.71779055671,0.));
#2963 = CARTESIAN_POINT('',(30.88088281345,-51.71779055671,0.));
#2964 = CARTESIAN_POINT('',(28.83216685188,-51.71779055671,0.));
#2965 = CARTESIAN_POINT('',(26.787238668057,-51.71779055671,0.));
#2966 = CARTESIAN_POINT('',(24.622997531662,-51.71779055671,0.));
#2967 = CARTESIAN_POINT('',(24.499892117915,-51.71779055671,0.));
#2968 = CARTESIAN_POINT('',(24.376780645242,-51.71779055671,0.));
#2969 = CARTESIAN_POINT('',(24.2536615184,-51.71779055671,0.));
#2970 = CARTESIAN_POINT('',(24.130545261935,-51.71779055671,0.));
#2971 = CARTESIAN_POINT('',(20.006193093679,-51.71779055671,0.));
#2972 = CARTESIAN_POINT('',(16.004954474943,-51.71779055671,0.));
#2973 = CARTESIAN_POINT('',(12.003715856208,-51.71779055671,0.));
#2974 = CARTESIAN_POINT('',(8.002477237472,-51.71779055671,0.));
#2975 = CARTESIAN_POINT('',(4.001238618737,-51.71779055671,0.));
#2976 = CARTESIAN_POINT('',(-4.087419142831,-51.71779055671,0.));
#2977 = CARTESIAN_POINT('',(-8.174838285662,-51.71779055671,0.));
#2978 = CARTESIAN_POINT('',(-12.26225742849,-51.71779055671,0.));
#2979 = CARTESIAN_POINT('',(-16.34967657132,-51.71779055671,0.));
#2980 = CARTESIAN_POINT('',(-20.43709571415,-51.71779055671,0.));
#2981 = CARTESIAN_POINT('',(-24.64765554782,-51.71779055671,0.));
#2982 = CARTESIAN_POINT('',(-24.77078998911,-51.71779055671,0.));
#2983 = CARTESIAN_POINT('',(-24.89395757634,-51.71779055671,0.));
#2984 = CARTESIAN_POINT('',(-25.01712692671,-51.71779055671,0.));
#2985 = CARTESIAN_POINT('',(-25.14031480022,-51.71779055671,0.));
#2986 = CARTESIAN_POINT('',(-27.21918034349,-51.71779055671,0.));
#2987 = CARTESIAN_POINT('',(-29.17834627758,-51.71779055671,0.));
#2988 = CARTESIAN_POINT('',(-31.14098274472,-51.71779055671,0.));
#2989 = CARTESIAN_POINT('',(-33.10705936569,-51.71779055671,0.));
#2990 = CARTESIAN_POINT('',(-35.07654620196,-51.71779055671,0.));
#2991 = CARTESIAN_POINT('',(-37.04941375572,-51.71779055671,0.));
#2992 = ORIENTED_EDGE('',*,*,#2993,.T.);
#2993 = EDGE_CURVE('',#2957,#2994,#2996,.T.);
#2994 = VERTEX_POINT('',#2995);
#2995 = CARTESIAN_POINT('',(-51.71779055645,-21.42221026445,-9.88272E-10
    ));
#2996 = B_SPLINE_CURVE_WITH_KNOTS('',6,(#2997,#2998,#2999,#3000,#3001,
    #3002,#3003,#3004,#3005,#3006,#3007,#3008,#3009,#3010,#3011,#3012,
    #3013,#3014,#3015,#3016,#3017,#3018,#3019,#3020,#3021,#3022,#3023,
    #3024,#3025,#3026,#3027,#3028),.UNSPECIFIED.,.F.,.F.,(7,5,5,5,5,5,7)
  ,(0.,0.165504979191,0.175489570028,0.49999268611,0.831485100076,
    0.841471892092,1.),.UNSPECIFIED.);
#2997 = CARTESIAN_POINT('',(-10.37210870498,-62.76789211629,0.));
#2998 = CARTESIAN_POINT('',(-11.82865933393,-61.31134148735,0.));
#2999 = CARTESIAN_POINT('',(-13.28260393392,-59.85739688736,0.));
#3000 = CARTESIAN_POINT('',(-14.73391876422,-58.40608205705,0.));
#3001 = CARTESIAN_POINT('',(-16.18257971337,-56.9574211079,0.));
#3002 = CARTESIAN_POINT('',(-17.62856229919,-55.51143852208,0.));
#3003 = CARTESIAN_POINT('',(-19.15891188286,-53.98108893842,0.));
#3004 = CARTESIAN_POINT('',(-19.24596055572,-53.89404026555,0.));
#3005 = CARTESIAN_POINT('',(-19.33301351289,-53.80698730839,0.));
#3006 = CARTESIAN_POINT('',(-19.42007188237,-53.7199289389,0.));
#3007 = CARTESIAN_POINT('',(-19.50712822219,-53.63287259908,0.));
#3008 = CARTESIAN_POINT('',(-22.42348560837,-50.7165152129,0.));
#3009 = CARTESIAN_POINT('',(-25.25278856882,-47.88721225245,0.));
#3010 = CARTESIAN_POINT('',(-28.08209152928,-45.057909292,0.));
#3011 = CARTESIAN_POINT('',(-30.91139448973,-42.22860633155,0.));
#3012 = CARTESIAN_POINT('',(-33.74069745018,-39.39930337109,0.));
#3013 = CARTESIAN_POINT('',(-39.46024220408,-33.67975861719,0.));
#3014 = CARTESIAN_POINT('',(-42.35048399753,-30.78951682374,0.));
#3015 = CARTESIAN_POINT('',(-45.24072579098,-27.89927503029,0.));
#3016 = CARTESIAN_POINT('',(-48.13096758443,-25.00903323685,0.));
#3017 = CARTESIAN_POINT('',(-51.02120937788,-22.1187914434,0.));
#3018 = CARTESIAN_POINT('',(-53.99852478885,-19.14147603242,0.));
#3019 = CARTESIAN_POINT('',(-54.08559398729,-19.05440683398,0.));
#3020 = CARTESIAN_POINT('',(-54.17268662345,-18.96731419783,0.));
#3021 = CARTESIAN_POINT('',(-54.25978050632,-18.88022031496,0.));
#3022 = CARTESIAN_POINT('',(-54.34688748704,-18.79311333423,0.));
#3023 = CARTESIAN_POINT('',(-55.81686740986,-17.32313341142,0.));
#3024 = CARTESIAN_POINT('',(-57.20220692732,-15.93779389395,0.));
#3025 = CARTESIAN_POINT('',(-58.59000048225,-14.55000033903,0.));
#3026 = CARTESIAN_POINT('',(-59.98022659327,-13.15977422801,0.));
#3027 = CARTESIAN_POINT('',(-61.37286409065,-11.76713673063,0.));
#3028 = CARTESIAN_POINT('',(-62.76789211629,-10.37210870498,0.));
#3029 = ORIENTED_EDGE('',*,*,#3030,.T.);
#3030 = EDGE_CURVE('',#2994,#1382,#3031,.T.);
#3031 = B_SPLINE_CURVE_WITH_KNOTS('',6,(#3032,#3033,#3034,#3035,#3036,
    #3037,#3038,#3039,#3040,#3041,#3042,#3043,#3044,#3045,#3046,#3047,
    #3048,#3049,#3050,#3051,#3052,#3053,#3054,#3055,#3056,#3057,#3058,
    #3059,#3060,#3061,#3062,#3063),.UNSPECIFIED.,.F.,.F.,(7,5,5,5,5,5,7)
  ,(0.,0.165504979191,0.175489570028,0.49999268611,0.831485100076,
    0.841471892092,1.),.UNSPECIFIED.);
#3032 = CARTESIAN_POINT('',(-51.71779055671,-37.04941375572,0.));
#3033 = CARTESIAN_POINT('',(-51.71779055671,-34.98954010198,0.));
#3034 = CARTESIAN_POINT('',(-51.71779055671,-32.93335192973,0.));
#3035 = CARTESIAN_POINT('',(-51.71779055671,-30.88088281344,0.));
#3036 = CARTESIAN_POINT('',(-51.71779055671,-28.83216685188,0.));
#3037 = CARTESIAN_POINT('',(-51.71779055671,-26.78723866805,0.));
#3038 = CARTESIAN_POINT('',(-51.71779055671,-24.62299753166,0.));
#3039 = CARTESIAN_POINT('',(-51.71779055671,-24.49989211791,0.));
#3040 = CARTESIAN_POINT('',(-51.71779055671,-24.37678064524,0.));
#3041 = CARTESIAN_POINT('',(-51.71779055671,-24.2536615184,0.));
#3042 = CARTESIAN_POINT('',(-51.71779055671,-24.13054526193,0.));
#3043 = CARTESIAN_POINT('',(-51.71779055671,-20.00619309367,0.));
#3044 = CARTESIAN_POINT('',(-51.71779055671,-16.00495447494,0.));
#3045 = CARTESIAN_POINT('',(-51.71779055671,-12.0037158562,0.));
#3046 = CARTESIAN_POINT('',(-51.71779055671,-8.002477237472,0.));
#3047 = CARTESIAN_POINT('',(-51.71779055671,-4.001238618736,0.));
#3048 = CARTESIAN_POINT('',(-51.71779055671,4.087419142831,0.));
#3049 = CARTESIAN_POINT('',(-51.71779055671,8.174838285662,0.));
#3050 = CARTESIAN_POINT('',(-51.71779055671,12.262257428493,0.));
#3051 = CARTESIAN_POINT('',(-51.71779055671,16.349676571325,0.));
#3052 = CARTESIAN_POINT('',(-51.71779055671,20.437095714157,0.));
#3053 = CARTESIAN_POINT('',(-51.71779055671,24.647655547826,0.));
#3054 = CARTESIAN_POINT('',(-51.71779055671,24.770789989117,0.));
#3055 = CARTESIAN_POINT('',(-51.71779055671,24.893957576351,0.));
#3056 = CARTESIAN_POINT('',(-51.71779055671,25.017126926709,0.));
#3057 = CARTESIAN_POINT('',(-51.71779055671,25.140314800226,0.));
#3058 = CARTESIAN_POINT('',(-51.71779055671,27.21918034349,0.));
#3059 = CARTESIAN_POINT('',(-51.71779055671,29.178346277582,0.));
#3060 = CARTESIAN_POINT('',(-51.71779055671,31.140982744727,0.));
#3061 = CARTESIAN_POINT('',(-51.71779055671,33.107059365695,0.));
#3062 = CARTESIAN_POINT('',(-51.71779055671,35.076546201962,0.));
#3063 = CARTESIAN_POINT('',(-51.71779055671,37.04941375572,0.));
#3064 = ORIENTED_EDGE('',*,*,#1381,.T.);
#3065 = ORIENTED_EDGE('',*,*,#1557,.T.);
#3066 = PLANE('',#3067);
#3067 = AXIS2_PLACEMENT_3D('',#3068,#3069,#3070);
#3068 = CARTESIAN_POINT('',(60.,24.852813742386,0.));
#3069 = DIRECTION('',(0.,0.,1.));
#3070 = DIRECTION('',(-0.923879532511,-0.382683432365,0.));
#3071 = ADVANCED_FACE('',(#3072),#3115,.T.);
#3072 = FACE_BOUND('',#3073,.T.);
#3073 = EDGE_LOOP('',(#3074,#3091,#3099,#3105,#3106,#3107));
#3074 = ORIENTED_EDGE('',*,*,#3075,.F.);
#3075 = EDGE_CURVE('',#3076,#3078,#3080,.T.);
#3076 = VERTEX_POINT('',#3077);
#3077 = CARTESIAN_POINT('',(-40.5,-20.25,-32.69669716167));
#3078 = VERTEX_POINT('',#3079);
#3079 = CARTESIAN_POINT('',(-40.5,-16.77564927611,-41.86536430634));
#3080 = B_SPLINE_CURVE_WITH_KNOTS('',5,(#3081,#3082,#3083,#3084,#3085,
    #3086,#3087,#3088,#3089,#3090),.UNSPECIFIED.,.F.,.F.,(6,4,6),(0.,
    4.879406003101E-02,1.),.UNSPECIFIED.);
#3081 = CARTESIAN_POINT('',(-40.5,-20.25,-32.69669716167));
#3082 = CARTESIAN_POINT('',(-40.5,-20.209648554,-32.80318295041));
#3083 = CARTESIAN_POINT('',(-40.5,-20.16930420864,-32.90965000084));
#3084 = CARTESIAN_POINT('',(-40.5,-20.12896712423,-33.01609788993));
#3085 = CARTESIAN_POINT('',(-40.5,-20.08863733969,-33.12252651497));
#3086 = CARTESIAN_POINT('',(-40.5,-19.26225463784,-35.30331611555));
#3087 = CARTESIAN_POINT('',(-40.5,-18.47895385556,-37.37041432112));
#3088 = CARTESIAN_POINT('',(-40.5,-17.69861271574,-39.42970215325));
#3089 = CARTESIAN_POINT('',(-40.5,-16.92145487082,-41.48058940247));
#3090 = CARTESIAN_POINT('',(-40.5,-16.14772556229,-43.52242888666));
#3091 = ORIENTED_EDGE('',*,*,#3092,.T.);
#3092 = EDGE_CURVE('',#3076,#3093,#3095,.T.);
#3093 = VERTEX_POINT('',#3094);
#3094 = CARTESIAN_POINT('',(-40.5,-20.25,-51.6));
#3095 = LINE('',#3096,#3097);
#3096 = CARTESIAN_POINT('',(-40.5,-20.25,0.));
#3097 = VECTOR('',#3098,1.);
#3098 = DIRECTION('',(-0.,-0.,-1.));
#3099 = ORIENTED_EDGE('',*,*,#3100,.F.);
#3100 = EDGE_CURVE('',#1827,#3093,#3101,.T.);
#3101 = LINE('',#3102,#3103);
#3102 = CARTESIAN_POINT('',(-40.5,-20.25,-51.6));
#3103 = VECTOR('',#3104,1.);
#3104 = DIRECTION('',(0.,-1.,0.));
#3105 = ORIENTED_EDGE('',*,*,#1826,.F.);
#3106 = ORIENTED_EDGE('',*,*,#1462,.T.);
#3107 = ORIENTED_EDGE('',*,*,#3108,.F.);
#3108 = EDGE_CURVE('',#3078,#1421,#3109,.T.);
#3109 = B_SPLINE_CURVE_WITH_KNOTS('',4,(#3110,#3111,#3112,#3113,#3114),
  .UNSPECIFIED.,.F.,.F.,(5,5),(0.,1.),.PIECEWISE_BEZIER_KNOTS.);
#3110 = CARTESIAN_POINT('',(-40.5,-17.37966554333,-41.86536430634));
#3111 = CARTESIAN_POINT('',(-40.5,-8.689832771677,-41.86536430634));
#3112 = CARTESIAN_POINT('',(-40.5,-1.727329E-11,-41.86536430634));
#3113 = CARTESIAN_POINT('',(-40.5,8.689832771643,-41.86536430634));
#3114 = CARTESIAN_POINT('',(-40.5,17.379665543303,-41.86536430634));
#3115 = PLANE('',#3116);
#3116 = AXIS2_PLACEMENT_3D('',#3117,#3118,#3119);
#3117 = CARTESIAN_POINT('',(-40.5,-20.25,0.));
#3118 = DIRECTION('',(1.,0.,0.));
#3119 = DIRECTION('',(0.,1.,0.));
#3120 = ADVANCED_FACE('',(#3121),#3166,.T.);
#3121 = FACE_BOUND('',#3122,.T.);
#3122 = EDGE_LOOP('',(#3123,#3124,#3164,#3165));
#3123 = ORIENTED_EDGE('',*,*,#3030,.F.);
#3124 = ORIENTED_EDGE('',*,*,#3125,.T.);
#3125 = EDGE_CURVE('',#2994,#3078,#3126,.T.);
#3126 = B_SPLINE_CURVE_WITH_KNOTS('',6,(#3127,#3128,#3129,#3130,#3131,
    #3132,#3133,#3134,#3135,#3136,#3137,#3138,#3139,#3140,#3141,#3142,
    #3143,#3144,#3145,#3146,#3147,#3148,#3149,#3150,#3151,#3152,#3153,
    #3154,#3155,#3156,#3157,#3158,#3159,#3160,#3161,#3162,#3163),
  .UNSPECIFIED.,.F.,.F.,(7,5,5,5,5,5,5,7),(0.,0.133398979937,
    0.266578639652,0.399777145593,0.532736265389,0.718383866094,
    0.903836221459,1.),.UNSPECIFIED.);
#3127 = CARTESIAN_POINT('',(-51.71779055671,-21.42221026456,0.));
#3128 = CARTESIAN_POINT('',(-50.95476989306,-21.1061567573,
    -2.847631883987));
#3129 = CARTESIAN_POINT('',(-50.1917584311,-20.79010706151,
    -5.695229426786));
#3130 = CARTESIAN_POINT('',(-49.42875703339,-20.47406153447,
    -8.542789409267));
#3131 = CARTESIAN_POINT('',(-48.66576672852,-20.15802060223,
    -11.39030799274));
#3132 = CARTESIAN_POINT('',(-47.90278872553,-19.8419847656,
    -14.23778066495));
#3133 = CARTESIAN_POINT('',(-46.378114515,-19.2104440294,-19.92794228362
    ));
#3134 = CARTESIAN_POINT('',(-45.61641829397,-18.89493912424,
    -22.77063128045));
#3135 = CARTESIAN_POINT('',(-44.85473714601,-18.57944046256,
    -25.61326402379));
#3136 = CARTESIAN_POINT('',(-44.09307274538,-18.26394873784,
    -28.45583426526));
#3137 = CARTESIAN_POINT('',(-43.33142708784,-17.94846477676,
    -31.29833455658));
#3138 = CARTESIAN_POINT('',(-41.80807017201,-17.31746968189,
    -36.98357996453));
#3139 = CARTESIAN_POINT('',(-41.04635898349,-17.00195857699,
    -39.82632482078));
#3140 = CARTESIAN_POINT('',(-40.28467126307,-16.6864571929,
    -42.66898209289));
#3141 = CARTESIAN_POINT('',(-39.52300987089,-16.37096671433,
    -45.51154110665));
#3142 = CARTESIAN_POINT('',(-38.76137827493,-16.05548857775,
    -48.35398891942));
#3143 = CARTESIAN_POINT('',(-37.23955169611,-15.42512736922,
    -54.03352303189));
#3144 = CARTESIAN_POINT('',(-36.47935672865,-15.11024430365,
    -56.87060927411));
#3145 = CARTESIAN_POINT('',(-35.71919973369,-14.79537696681,
    -59.70755380103));
#3146 = CARTESIAN_POINT('',(-34.95908582531,-14.48052747701,
    -62.54433752664));
#3147 = CARTESIAN_POINT('',(-34.19902133108,-14.16569845522,
    -65.38093683615));
#3148 = CARTESIAN_POINT('',(-32.37783396493,-13.41133794854,
    -72.1777006167));
#3149 = CARTESIAN_POINT('',(-31.31676699024,-12.97182961703,
    -76.13765647649));
#3150 = CARTESIAN_POINT('',(-30.2558315647,-12.53237577497,
    -80.09712138816));
#3151 = CARTESIAN_POINT('',(-29.19505671637,-12.09298844617,
    -84.0559870175));
#3152 = CARTESIAN_POINT('',(-28.13448289857,-11.65368438694,
    -88.01410239071));
#3153 = CARTESIAN_POINT('',(-26.01496208092,-10.77575011854,
    -95.92426176988));
#3154 = CARTESIAN_POINT('',(-24.95602243514,-10.33712295552,
    -99.8762783301));
#3155 = CARTESIAN_POINT('',(-23.89739205144,-9.898623893057,
    -103.8271407084));
#3156 = CARTESIAN_POINT('',(-22.8391538003,-9.460287257209,
    -107.7765396282));
#3157 = CARTESIAN_POINT('',(-21.78143062843,-9.022163974185,
    -111.724016246));
#3158 = CARTESIAN_POINT('',(-20.17628897855,-8.357292533275,
    -117.7144864367));
#3159 = CARTESIAN_POINT('',(-19.6283677712,-8.13033613808,-119.759356221
    ));
#3160 = CARTESIAN_POINT('',(-19.08066004508,-7.903468169704,
    -121.8034292826));
#3161 = CARTESIAN_POINT('',(-18.53319914712,-7.676702440902,
    -123.846581169));
#3162 = CARTESIAN_POINT('',(-17.98602764698,-7.450056584597,
    -125.888653008));
#3163 = CARTESIAN_POINT('',(-17.43919837364,-7.223552483277,
    -127.9294476391));
#3164 = ORIENTED_EDGE('',*,*,#3108,.T.);
#3165 = ORIENTED_EDGE('',*,*,#1420,.F.);
#3166 = OFFSET_SURFACE('',#3167,8.,.F.);
#3167 = B_SPLINE_SURFACE_WITH_KNOTS('',2,2,(
    (#3168,#3169,#3170,#3171,#3172)
    ,(#3173,#3174,#3175,#3176,#3177)
    ,(#3178,#3179,#3180,#3181,#3182)
    ,(#3183,#3184,#3185,#3186,#3187)
    ,(#3188,#3189,#3190,#3191,#3192
    )),.UNSPECIFIED.,.F.,.F.,.F.,(3,1,1,3),(3,1,1,3),(-12.42640687119,0.
    ,49.705627484771,62.132034355964),(-0.24920487593,0.,1.,
    1.24920487593),.UNSPECIFIED.);
#3168 = CARTESIAN_POINT('',(-68.70834875401,40.886336773365,32.5));
#3169 = CARTESIAN_POINT('',(-64.34032594159,39.077042483708,
    16.198316935449));
#3170 = CARTESIAN_POINT('',(-42.58330249197,30.064988294006,-65.));
#3171 = CARTESIAN_POINT('',(-20.82627904235,21.052934104304,
    -146.1983169354));
#3172 = CARTESIAN_POINT('',(-16.45825622994,19.243639814647,-162.5));
#3173 = CARTESIAN_POINT('',(-68.68065188319,35.560571853305,
    32.396633870898));
#3174 = CARTESIAN_POINT('',(-64.34032594159,33.313294515644,
    16.198316935449));
#3175 = CARTESIAN_POINT('',(-42.58330249197,22.048226778516,-65.));
#3176 = CARTESIAN_POINT('',(-20.82627904235,10.783159041389,
    -146.1983169354));
#3177 = CARTESIAN_POINT('',(-16.48595310076,8.535881703727,
    -162.3966338708));
#3178 = CARTESIAN_POINT('',(-68.75824919615,3.55E-15,32.686230985383));
#3179 = CARTESIAN_POINT('',(-64.34032594159,3.55E-15,16.198316935449));
#3180 = CARTESIAN_POINT('',(-42.58330249197,3.55E-15,-65.));
#3181 = CARTESIAN_POINT('',(-20.82627904235,3.55E-15,-146.1983169354));
#3182 = CARTESIAN_POINT('',(-16.4083557878,3.55E-15,-162.6862309853));
#3183 = CARTESIAN_POINT('',(-68.68065188319,-35.5605718533,
    32.396633870898));
#3184 = CARTESIAN_POINT('',(-64.34032594159,-33.31329451564,
    16.198316935449));
#3185 = CARTESIAN_POINT('',(-42.58330249197,-22.04822677851,-65.));
#3186 = CARTESIAN_POINT('',(-20.82627904235,-10.78315904138,
    -146.1983169354));
#3187 = CARTESIAN_POINT('',(-16.48595310076,-8.535881703727,
    -162.3966338708));
#3188 = CARTESIAN_POINT('',(-68.70834875401,-40.88633677336,32.5));
#3189 = CARTESIAN_POINT('',(-64.34032594159,-39.0770424837,
    16.198316935449));
#3190 = CARTESIAN_POINT('',(-42.58330249197,-30.064988294,-65.));
#3191 = CARTESIAN_POINT('',(-20.82627904235,-21.0529341043,
    -146.1983169354));
#3192 = CARTESIAN_POINT('',(-16.45825622994,-19.24363981464,-162.5));
#3193 = ADVANCED_FACE('',(#3194),#3232,.T.);
#3194 = FACE_BOUND('',#3195,.T.);
#3195 = EDGE_LOOP('',(#3196,#3197,#3198,#3199));
#3196 = ORIENTED_EDGE('',*,*,#2911,.F.);
#3197 = ORIENTED_EDGE('',*,*,#1721,.F.);
#3198 = ORIENTED_EDGE('',*,*,#2115,.T.);
#3199 = ORIENTED_EDGE('',*,*,#3200,.F.);
#3200 = EDGE_CURVE('',#2912,#2108,#3201,.T.);
#3201 = B_SPLINE_CURVE_WITH_KNOTS('',8,(#3202,#3203,#3204,#3205,#3206,
    #3207,#3208,#3209,#3210,#3211,#3212,#3213,#3214,#3215,#3216,#3217,
    #3218,#3219,#3220,#3221,#3222,#3223,#3224,#3225,#3226,#3227,#3228,
    #3229,#3230,#3231),.UNSPECIFIED.,.F.,.F.,(9,7,7,7,9),(0.,
    0.266713356439,0.533423250999,0.903158163504,1.),.UNSPECIFIED.);
#3202 = CARTESIAN_POINT('',(51.717790556719,-21.42221026456,7.11E-15));
#3203 = CARTESIAN_POINT('',(50.574292081604,-20.94855768761,
    -4.267594407507));
#3204 = CARTESIAN_POINT('',(49.430803571317,-20.47490923824,
    -8.53515162577));
#3205 = CARTESIAN_POINT('',(48.287326114981,-20.00126536755,
    -12.80266759012));
#3206 = CARTESIAN_POINT('',(47.143861169345,-19.52762667897,
    -17.07013686391));
#3207 = CARTESIAN_POINT('',(46.000410575899,-19.05399393526,
    -21.33755257459));
#3208 = CARTESIAN_POINT('',(44.856976589829,-18.58036807056,
    -25.60490630571));
#3209 = CARTESIAN_POINT('',(43.713561920814,-18.10675020723,
    -29.87218794459));
#3210 = CARTESIAN_POINT('',(41.42679249151,-17.15953929559,
    -38.40652763995));
#3211 = CARTESIAN_POINT('',(40.283438439037,-16.68594654047,
    -42.67358305482));
#3212 = CARTESIAN_POINT('',(39.140110327636,-16.21236453048,
    -46.94054165629));
#3213 = CARTESIAN_POINT('',(37.996812167779,-15.73879492683,
    -51.20738847707));
#3214 = CARTESIAN_POINT('',(36.853549339222,-15.26523995789,
    -55.47410343966));
#3215 = CARTESIAN_POINT('',(35.710328711198,-14.79170246897,
    -59.7406609077));
#3216 = CARTESIAN_POINT('',(34.567158824615,-14.31818599786,
    -64.00702900611));
#3217 = CARTESIAN_POINT('',(31.839380052784,-13.18830303541,
    -74.18723797439));
#3218 = CARTESIAN_POINT('',(30.25485755171,-12.53197232558,
    -80.10075645414));
#3219 = CARTESIAN_POINT('',(28.670479777932,-11.87570156376,
    -86.01373480426));
#3220 = CARTESIAN_POINT('',(27.086276933915,-11.21950326022,
    -91.92606030762));
#3221 = CARTESIAN_POINT('',(25.502314301419,-10.56340445555,
    -97.83748932939));
#3222 = CARTESIAN_POINT('',(23.918697568856,-9.90744892732,
    -103.747627435));
#3223 = CARTESIAN_POINT('',(22.335577922531,-9.251699298953,
    -109.6559103895));
#3224 = CARTESIAN_POINT('',(20.338706854824,-8.424568220399,
    -117.1083346704));
#3225 = CARTESIAN_POINT('',(19.924291088135,-8.252911589375,
    -118.6549553671));
#3226 = CARTESIAN_POINT('',(19.509931156048,-8.081278085801,
    -120.2013676863));
#3227 = CARTESIAN_POINT('',(19.095632590153,-7.909670000935,
    -121.7475509837));
#3228 = CARTESIAN_POINT('',(18.681401906151,-7.73809003367,
    -123.2934809425));
#3229 = CARTESIAN_POINT('',(18.267246666209,-7.566541316358,
    -124.8391293401));
#3230 = CARTESIAN_POINT('',(17.853175541317,-7.395027440641,
    -126.3844638162));
#3231 = CARTESIAN_POINT('',(17.439198373642,-7.223552483277,
    -127.9294476391));
#3232 = OFFSET_SURFACE('',#3233,8.,.F.);
#3233 = B_SPLINE_SURFACE_WITH_KNOTS('',2,2,(
    (#3234,#3235,#3236,#3237,#3238)
    ,(#3239,#3240,#3241,#3242,#3243)
    ,(#3244,#3245,#3246,#3247,#3248)
    ,(#3249,#3250,#3251,#3252,#3253)
    ,(#3254,#3255,#3256,#3257,#3258
    )),.UNSPECIFIED.,.F.,.F.,.F.,(3,1,1,3),(3,1,1,3),(-12.42640687119,0.
    ,49.705627484771,62.132034355964),(-0.24920487593,0.,1.,
    1.24920487593),.UNSPECIFIED.);
#3234 = CARTESIAN_POINT('',(68.708348754011,-40.88633677336,32.5));
#3235 = CARTESIAN_POINT('',(64.340325941597,-39.0770424837,
    16.198316935449));
#3236 = CARTESIAN_POINT('',(42.583302491977,-30.064988294,-65.));
#3237 = CARTESIAN_POINT('',(20.826279042357,-21.0529341043,
    -146.1983169354));
#3238 = CARTESIAN_POINT('',(16.458256229943,-19.24363981464,-162.5));
#3239 = CARTESIAN_POINT('',(68.680651883194,-35.5605718533,
    32.396633870898));
#3240 = CARTESIAN_POINT('',(64.340325941597,-33.31329451564,
    16.198316935449));
#3241 = CARTESIAN_POINT('',(42.583302491977,-22.04822677851,-65.));
#3242 = CARTESIAN_POINT('',(20.826279042357,-10.78315904138,
    -146.1983169354));
#3243 = CARTESIAN_POINT('',(16.48595310076,-8.535881703727,
    -162.3966338708));
#3244 = CARTESIAN_POINT('',(68.758249196151,1.533E-14,32.686230985383));
#3245 = CARTESIAN_POINT('',(64.340325941597,1.476E-14,16.198316935449));
#3246 = CARTESIAN_POINT('',(42.583302491977,1.199E-14,-65.));
#3247 = CARTESIAN_POINT('',(20.826279042357,9.22E-15,-146.1983169354));
#3248 = CARTESIAN_POINT('',(16.408355787804,8.65E-15,-162.6862309853));
#3249 = CARTESIAN_POINT('',(68.680651883194,35.560571853305,
    32.396633870898));
#3250 = CARTESIAN_POINT('',(64.340325941597,33.313294515644,
    16.198316935449));
#3251 = CARTESIAN_POINT('',(42.583302491977,22.048226778516,-65.));
#3252 = CARTESIAN_POINT('',(20.826279042357,10.783159041389,
    -146.1983169354));
#3253 = CARTESIAN_POINT('',(16.48595310076,8.535881703727,
    -162.3966338708));
#3254 = CARTESIAN_POINT('',(68.708348754011,40.886336773365,32.5));
#3255 = CARTESIAN_POINT('',(64.340325941597,39.077042483708,
    16.198316935449));
#3256 = CARTESIAN_POINT('',(42.583302491977,30.064988294006,-65.));
#3257 = CARTESIAN_POINT('',(20.826279042357,21.052934104304,
    -146.1983169354));
#3258 = CARTESIAN_POINT('',(16.458256229943,19.243639814647,-162.5));
#3259 = ADVANCED_FACE('',(#3260),#3273,.T.);
#3260 = FACE_BOUND('',#3261,.T.);
#3261 = EDGE_LOOP('',(#3262,#3263,#3269,#3270,#3271,#3272));
#3262 = ORIENTED_EDGE('',*,*,#1800,.F.);
#3263 = ORIENTED_EDGE('',*,*,#3264,.F.);
#3264 = EDGE_CURVE('',#1934,#1793,#3265,.T.);
#3265 = LINE('',#3266,#3267);
#3266 = CARTESIAN_POINT('',(-40.5,-20.25,-60.));
#3267 = VECTOR('',#3268,1.);
#3268 = DIRECTION('',(0.,1.,0.));
#3269 = ORIENTED_EDGE('',*,*,#1933,.T.);
#3270 = ORIENTED_EDGE('',*,*,#2772,.T.);
#3271 = ORIENTED_EDGE('',*,*,#2647,.T.);
#3272 = ORIENTED_EDGE('',*,*,#1850,.T.);
#3273 = PLANE('',#3274);
#3274 = AXIS2_PLACEMENT_3D('',#3275,#3276,#3277);
#3275 = CARTESIAN_POINT('',(-2.1E-16,8.2E-16,-60.));
#3276 = DIRECTION('',(0.,0.,1.));
#3277 = DIRECTION('',(1.,0.,0.));
#3278 = ADVANCED_FACE('',(#3279),#3318,.F.);
#3279 = FACE_BOUND('',#3280,.F.);
#3280 = EDGE_LOOP('',(#3281,#3289,#3290,#3298));
#3281 = ORIENTED_EDGE('',*,*,#3282,.T.);
#3282 = EDGE_CURVE('',#3283,#1827,#3285,.T.);
#3283 = VERTEX_POINT('',#3284);
#3284 = CARTESIAN_POINT('',(-45.04964483309,20.25,-51.6));
#3285 = LINE('',#3286,#3287);
#3286 = CARTESIAN_POINT('',(-175.4133390969,20.25,-51.6));
#3287 = VECTOR('',#3288,1.);
#3288 = DIRECTION('',(1.,0.,0.));
#3289 = ORIENTED_EDGE('',*,*,#1834,.T.);
#3290 = ORIENTED_EDGE('',*,*,#3291,.F.);
#3291 = EDGE_CURVE('',#3292,#1793,#3294,.T.);
#3292 = VERTEX_POINT('',#3293);
#3293 = CARTESIAN_POINT('',(-41.8665708246,20.25,-60.));
#3294 = LINE('',#3295,#3296);
#3295 = CARTESIAN_POINT('',(-175.4133390969,20.25,-60.));
#3296 = VECTOR('',#3297,1.);
#3297 = DIRECTION('',(1.,0.,0.));
#3298 = ORIENTED_EDGE('',*,*,#3299,.F.);
#3299 = EDGE_CURVE('',#3283,#3292,#3300,.T.);
#3300 = B_SPLINE_CURVE_WITH_KNOTS('',4,(#3301,#3302,#3303,#3304,#3305,
    #3306,#3307,#3308,#3309,#3310,#3311,#3312,#3313,#3314,#3315,#3316,
    #3317),.UNSPECIFIED.,.F.,.F.,(5,3,3,3,3,5),(0.,0.10850962611,
    0.556682428759,0.773347413076,0.881732448665,1.),.UNSPECIFIED.);
#3301 = CARTESIAN_POINT('',(-45.04964483309,20.25,-51.6));
#3302 = CARTESIAN_POINT('',(-44.96312462971,20.25,-51.82832322038));
#3303 = CARTESIAN_POINT('',(-44.87661631255,20.25,-52.05661507357));
#3304 = CARTESIAN_POINT('',(-44.79012026173,20.25,-52.28487455634));
#3305 = CARTESIAN_POINT('',(-44.34643590633,20.25,-53.45573912796));
#3306 = CARTESIAN_POINT('',(-43.9894448383,20.25,-54.39782371773));
#3307 = CARTESIAN_POINT('',(-43.63267400047,20.25,-55.33932712913));
#3308 = CARTESIAN_POINT('',(-43.10377027861,20.25,-56.7350820666));
#3309 = CARTESIAN_POINT('',(-42.93145935405,20.25,-57.18980343418));
#3310 = CARTESIAN_POINT('',(-42.75920410298,20.25,-57.64437788177));
#3311 = CARTESIAN_POINT('',(-42.50086515362,20.25,-58.32612363094));
#3312 = CARTESIAN_POINT('',(-42.41472445429,20.25,-58.55344535592));
#3313 = CARTESIAN_POINT('',(-42.32858387928,20.25,-58.78076675283));
#3314 = CARTESIAN_POINT('',(-42.1484487183,20.25,-59.25613595512));
#3315 = CARTESIAN_POINT('',(-42.05447092003,20.25,-59.50413945846));
#3316 = CARTESIAN_POINT('',(-41.96051237881,20.25,-59.75209214324));
#3317 = CARTESIAN_POINT('',(-41.8665708246,20.25,-60.));
#3318 = PLANE('',#3319);
#3319 = AXIS2_PLACEMENT_3D('',#3320,#3321,#3322);
#3320 = CARTESIAN_POINT('',(-175.4133390969,20.25,-51.6));
#3321 = DIRECTION('',(0.,1.,0.));
#3322 = DIRECTION('',(0.,0.,-1.));
#3323 = ADVANCED_FACE('',(#3324),#3356,.T.);
#3324 = FACE_BOUND('',#3325,.T.);
#3325 = EDGE_LOOP('',(#3326,#3334,#3335,#3341,#3342,#3350));
#3326 = ORIENTED_EDGE('',*,*,#3327,.F.);
#3327 = EDGE_CURVE('',#2100,#3328,#3330,.T.);
#3328 = VERTEX_POINT('',#3329);
#3329 = CARTESIAN_POINT('',(20.25,-40.5,-32.69669716167));
#3330 = LINE('',#3331,#3332);
#3331 = CARTESIAN_POINT('',(35.4375,-25.3125,-32.69669716167));
#3332 = VECTOR('',#3333,1.);
#3333 = DIRECTION('',(-0.707106781187,-0.707106781187,8.6E-16));
#3334 = ORIENTED_EDGE('',*,*,#2099,.T.);
#3335 = ORIENTED_EDGE('',*,*,#3336,.T.);
#3336 = EDGE_CURVE('',#2092,#686,#3337,.T.);
#3337 = LINE('',#3338,#3339);
#3338 = CARTESIAN_POINT('',(40.5,-20.25,0.));
#3339 = VECTOR('',#3340,1.);
#3340 = DIRECTION('',(-0.,-0.,-1.));
#3341 = ORIENTED_EDGE('',*,*,#1959,.T.);
#3342 = ORIENTED_EDGE('',*,*,#3343,.F.);
#3343 = EDGE_CURVE('',#3344,#1952,#3346,.T.);
#3344 = VERTEX_POINT('',#3345);
#3345 = CARTESIAN_POINT('',(20.25,-40.5,-51.6));
#3346 = LINE('',#3347,#3348);
#3347 = CARTESIAN_POINT('',(20.25,-40.5,0.));
#3348 = VECTOR('',#3349,1.);
#3349 = DIRECTION('',(-0.,-0.,-1.));
#3350 = ORIENTED_EDGE('',*,*,#3351,.F.);
#3351 = EDGE_CURVE('',#3328,#3344,#3352,.T.);
#3352 = LINE('',#3353,#3354);
#3353 = CARTESIAN_POINT('',(20.25,-40.5,0.));
#3354 = VECTOR('',#3355,1.);
#3355 = DIRECTION('',(-0.,-0.,-1.));
#3356 = PLANE('',#3357);
#3357 = AXIS2_PLACEMENT_3D('',#3358,#3359,#3360);
#3358 = CARTESIAN_POINT('',(40.5,-20.25,0.));
#3359 = DIRECTION('',(-0.707106781187,0.707106781187,0.));
#3360 = DIRECTION('',(-0.707106781187,-0.707106781187,0.));
#3361 = ADVANCED_FACE('',(#3362),#3400,.F.);
#3362 = FACE_BOUND('',#3363,.F.);
#3363 = EDGE_LOOP('',(#3364,#3365,#3373,#3380,#3387,#3394));
#3364 = ORIENTED_EDGE('',*,*,#1951,.F.);
#3365 = ORIENTED_EDGE('',*,*,#3366,.T.);
#3366 = EDGE_CURVE('',#1952,#3367,#3369,.T.);
#3367 = VERTEX_POINT('',#3368);
#3368 = CARTESIAN_POINT('',(20.25,-41.8665708246,-60.));
#3369 = LINE('',#3370,#3371);
#3370 = CARTESIAN_POINT('',(20.25,-40.5,-60.));
#3371 = VECTOR('',#3372,1.);
#3372 = DIRECTION('',(0.,-1.,2.2E-16));
#3373 = ORIENTED_EDGE('',*,*,#3374,.T.);
#3374 = EDGE_CURVE('',#3367,#3375,#3377,.T.);
#3375 = VERTEX_POINT('',#3376);
#3376 = CARTESIAN_POINT('',(18.193522370472,-43.92304845413,-60.));
#3377 = B_SPLINE_CURVE_WITH_KNOTS('',1,(#3378,#3379),.UNSPECIFIED.,.F.,
  .F.,(2,2),(0.,1.),.PIECEWISE_BEZIER_KNOTS.);
#3378 = CARTESIAN_POINT('',(20.25,-41.8665708246,-60.));
#3379 = CARTESIAN_POINT('',(18.193522370472,-43.92304845413,-60.));
#3380 = ORIENTED_EDGE('',*,*,#3381,.T.);
#3381 = EDGE_CURVE('',#3375,#3382,#3384,.T.);
#3382 = VERTEX_POINT('',#3383);
#3383 = CARTESIAN_POINT('',(-18.19352237047,-43.92304845413,-60.));
#3384 = B_SPLINE_CURVE_WITH_KNOTS('',1,(#3385,#3386),.UNSPECIFIED.,.F.,
  .F.,(2,2),(0.,1.),.PIECEWISE_BEZIER_KNOTS.);
#3385 = CARTESIAN_POINT('',(18.193522370472,-43.92304845413,-60.));
#3386 = CARTESIAN_POINT('',(-18.19352237047,-43.92304845413,-60.));
#3387 = ORIENTED_EDGE('',*,*,#3388,.T.);
#3388 = EDGE_CURVE('',#3382,#3389,#3391,.T.);
#3389 = VERTEX_POINT('',#3390);
#3390 = CARTESIAN_POINT('',(-20.25,-41.8665708246,-60.));
#3391 = B_SPLINE_CURVE_WITH_KNOTS('',1,(#3392,#3393),.UNSPECIFIED.,.F.,
  .F.,(2,2),(0.,1.),.PIECEWISE_BEZIER_KNOTS.);
#3392 = CARTESIAN_POINT('',(-18.19352237047,-43.92304845413,-60.));
#3393 = CARTESIAN_POINT('',(-20.25,-41.8665708246,-60.));
#3394 = ORIENTED_EDGE('',*,*,#3395,.F.);
#3395 = EDGE_CURVE('',#1944,#3389,#3396,.T.);
#3396 = LINE('',#3397,#3398);
#3397 = CARTESIAN_POINT('',(-20.25,-40.5,-60.));
#3398 = VECTOR('',#3399,1.);
#3399 = DIRECTION('',(0.,-1.,2.2E-16));
#3400 = PLANE('',#3401);
#3401 = AXIS2_PLACEMENT_3D('',#3402,#3403,#3404);
#3402 = CARTESIAN_POINT('',(20.25,-40.5,-60.));
#3403 = DIRECTION('',(-0.,-2.2E-16,-1.));
#3404 = DIRECTION('',(-1.,0.,0.));
#3405 = ADVANCED_FACE('',(#3406),#3440,.T.);
#3406 = FACE_BOUND('',#3407,.T.);
#3407 = EDGE_LOOP('',(#3408,#3418,#3426,#3432,#3433,#3439));
#3408 = ORIENTED_EDGE('',*,*,#3409,.F.);
#3409 = EDGE_CURVE('',#3410,#3076,#3412,.T.);
#3410 = VERTEX_POINT('',#3411);
#3411 = CARTESIAN_POINT('',(-20.25,-40.5,-32.69669716167));
#3412 = B_SPLINE_CURVE_WITH_KNOTS('',4,(#3413,#3414,#3415,#3416,#3417),
  .UNSPECIFIED.,.F.,.F.,(5,5),(0.,1.),.PIECEWISE_BEZIER_KNOTS.);
#3413 = CARTESIAN_POINT('',(-20.25,-40.5,-32.69669716167));
#3414 = CARTESIAN_POINT('',(-25.3125,-35.4375,-32.69669716167));
#3415 = CARTESIAN_POINT('',(-30.375,-30.375,-32.69669716167));
#3416 = CARTESIAN_POINT('',(-35.4375,-25.3125,-32.69669716167));
#3417 = CARTESIAN_POINT('',(-40.5,-20.25,-32.69669716167));
#3418 = ORIENTED_EDGE('',*,*,#3419,.T.);
#3419 = EDGE_CURVE('',#3410,#3420,#3422,.T.);
#3420 = VERTEX_POINT('',#3421);
#3421 = CARTESIAN_POINT('',(-20.25,-40.5,-51.6));
#3422 = LINE('',#3423,#3424);
#3423 = CARTESIAN_POINT('',(-20.25,-40.5,0.));
#3424 = VECTOR('',#3425,1.);
#3425 = DIRECTION('',(-0.,-0.,-1.));
#3426 = ORIENTED_EDGE('',*,*,#3427,.T.);
#3427 = EDGE_CURVE('',#3420,#1944,#3428,.T.);
#3428 = LINE('',#3429,#3430);
#3429 = CARTESIAN_POINT('',(-20.25,-40.5,0.));
#3430 = VECTOR('',#3431,1.);
#3431 = DIRECTION('',(-0.,-0.,-1.));
#3432 = ORIENTED_EDGE('',*,*,#1943,.T.);
#3433 = ORIENTED_EDGE('',*,*,#3434,.F.);
#3434 = EDGE_CURVE('',#3093,#1934,#3435,.T.);
#3435 = LINE('',#3436,#3437);
#3436 = CARTESIAN_POINT('',(-40.5,-20.25,0.));
#3437 = VECTOR('',#3438,1.);
#3438 = DIRECTION('',(-0.,-0.,-1.));
#3439 = ORIENTED_EDGE('',*,*,#3092,.F.);
#3440 = PLANE('',#3441);
#3441 = AXIS2_PLACEMENT_3D('',#3442,#3443,#3444);
#3442 = CARTESIAN_POINT('',(-20.25,-40.5,0.));
#3443 = DIRECTION('',(0.707106781187,0.707106781187,0.));
#3444 = DIRECTION('',(-0.707106781187,0.707106781187,0.));
#3445 = ADVANCED_FACE('',(#3446),#3478,.F.);
#3446 = FACE_BOUND('',#3447,.F.);
#3447 = EDGE_LOOP('',(#3448,#3456,#3457,#3458));
#3448 = ORIENTED_EDGE('',*,*,#3449,.F.);
#3449 = EDGE_CURVE('',#2092,#3450,#3452,.T.);
#3450 = VERTEX_POINT('',#3451);
#3451 = CARTESIAN_POINT('',(45.049644833094,-20.25,-51.6));
#3452 = LINE('',#3453,#3454);
#3453 = CARTESIAN_POINT('',(-175.4133390969,-20.25,-51.6));
#3454 = VECTOR('',#3455,1.);
#3455 = DIRECTION('',(1.,0.,0.));
#3456 = ORIENTED_EDGE('',*,*,#3336,.T.);
#3457 = ORIENTED_EDGE('',*,*,#2075,.T.);
#3458 = ORIENTED_EDGE('',*,*,#3459,.F.);
#3459 = EDGE_CURVE('',#3450,#2069,#3460,.T.);
#3460 = B_SPLINE_CURVE_WITH_KNOTS('',4,(#3461,#3462,#3463,#3464,#3465,
    #3466,#3467,#3468,#3469,#3470,#3471,#3472,#3473,#3474,#3475,#3476,
    #3477),.UNSPECIFIED.,.F.,.F.,(5,3,3,3,3,5),(0.,0.10850962611,
    0.556682428759,0.773347413076,0.881732448665,1.),.UNSPECIFIED.);
#3461 = CARTESIAN_POINT('',(45.049644833094,-20.25,-51.6));
#3462 = CARTESIAN_POINT('',(44.963124629719,-20.25,-51.82832322038));
#3463 = CARTESIAN_POINT('',(44.87661631255,-20.25,-52.05661507357));
#3464 = CARTESIAN_POINT('',(44.790120261739,-20.25,-52.28487455634));
#3465 = CARTESIAN_POINT('',(44.346435906336,-20.25,-53.45573912796));
#3466 = CARTESIAN_POINT('',(43.989444838301,-20.25,-54.39782371773));
#3467 = CARTESIAN_POINT('',(43.632674000476,-20.25,-55.33932712913));
#3468 = CARTESIAN_POINT('',(43.103770278611,-20.25,-56.7350820666));
#3469 = CARTESIAN_POINT('',(42.931459354057,-20.25,-57.18980343418));
#3470 = CARTESIAN_POINT('',(42.759204102981,-20.25,-57.64437788177));
#3471 = CARTESIAN_POINT('',(42.500865153623,-20.25,-58.32612363094));
#3472 = CARTESIAN_POINT('',(42.414724454297,-20.25,-58.55344535592));
#3473 = CARTESIAN_POINT('',(42.328583879287,-20.25,-58.78076675283));
#3474 = CARTESIAN_POINT('',(42.148448718306,-20.25,-59.25613595512));
#3475 = CARTESIAN_POINT('',(42.054470920033,-20.25,-59.50413945846));
#3476 = CARTESIAN_POINT('',(41.960512378813,-20.25,-59.75209214324));
#3477 = CARTESIAN_POINT('',(41.866570824605,-20.25,-60.));
#3478 = PLANE('',#3479);
#3479 = AXIS2_PLACEMENT_3D('',#3480,#3481,#3482);
#3480 = CARTESIAN_POINT('',(-175.4133390969,-20.25,-60.));
#3481 = DIRECTION('',(0.,-1.,0.));
#3482 = DIRECTION('',(0.,0.,1.));
#3483 = ADVANCED_FACE('',(#3484),#3561,.F.);
#3484 = FACE_BOUND('',#3485,.F.);
#3485 = EDGE_LOOP('',(#3486,#3493,#3494,#3501,#3506,#3507,#3508,#3515,
    #3523,#3528,#3529,#3556));
#3486 = ORIENTED_EDGE('',*,*,#3487,.F.);
#3487 = EDGE_CURVE('',#2887,#3488,#3490,.T.);
#3488 = VERTEX_POINT('',#3489);
#3489 = CARTESIAN_POINT('',(19.12582316254,-46.17382167055,-51.6));
#3490 = B_SPLINE_CURVE_WITH_KNOTS('',1,(#3491,#3492),.UNSPECIFIED.,.F.,
  .F.,(2,2),(0.,1.),.PIECEWISE_BEZIER_KNOTS.);
#3491 = CARTESIAN_POINT('',(24.852813742386,-60.,0.));
#3492 = CARTESIAN_POINT('',(10.42434910324,-25.16660498395,-130.));
#3493 = ORIENTED_EDGE('',*,*,#2894,.T.);
#3494 = ORIENTED_EDGE('',*,*,#3495,.T.);
#3495 = EDGE_CURVE('',#2895,#3496,#3498,.T.);
#3496 = VERTEX_POINT('',#3497);
#3497 = CARTESIAN_POINT('',(46.173821670554,-19.12582316254,-51.6));
#3498 = B_SPLINE_CURVE_WITH_KNOTS('',1,(#3499,#3500),.UNSPECIFIED.,.F.,
  .F.,(2,2),(0.,1.),.PIECEWISE_BEZIER_KNOTS.);
#3499 = CARTESIAN_POINT('',(60.,-24.85281374238,0.));
#3500 = CARTESIAN_POINT('',(25.166604983954,-10.42434910324,-130.));
#3501 = ORIENTED_EDGE('',*,*,#3502,.T.);
#3502 = EDGE_CURVE('',#3496,#3450,#3503,.T.);
#3503 = B_SPLINE_CURVE_WITH_KNOTS('',1,(#3504,#3505),.UNSPECIFIED.,.F.,
  .F.,(2,2),(0.,1.),.PIECEWISE_BEZIER_KNOTS.);
#3504 = CARTESIAN_POINT('',(46.173821670554,-19.12582316254,-51.6));
#3505 = CARTESIAN_POINT('',(45.049644833094,-20.25,-51.6));
#3506 = ORIENTED_EDGE('',*,*,#3459,.T.);
#3507 = ORIENTED_EDGE('',*,*,#2068,.F.);
#3508 = ORIENTED_EDGE('',*,*,#3509,.T.);
#3509 = EDGE_CURVE('',#2062,#3510,#3512,.T.);
#3510 = VERTEX_POINT('',#3511);
#3511 = CARTESIAN_POINT('',(25.166604983954,-10.42434910324,-130.));
#3512 = B_SPLINE_CURVE_WITH_KNOTS('',1,(#3513,#3514),.UNSPECIFIED.,.F.,
  .F.,(2,2),(0.,1.),.PIECEWISE_BEZIER_KNOTS.);
#3513 = CARTESIAN_POINT('',(60.,-24.85281374238,0.));
#3514 = CARTESIAN_POINT('',(25.166604983954,-10.42434910324,-130.));
#3515 = ORIENTED_EDGE('',*,*,#3516,.F.);
#3516 = EDGE_CURVE('',#3517,#3510,#3519,.T.);
#3517 = VERTEX_POINT('',#3518);
#3518 = CARTESIAN_POINT('',(10.42434910324,-25.16660498395,-130.));
#3519 = LINE('',#3520,#3521);
#3520 = CARTESIAN_POINT('',(0.22188391479,-35.3690701724,-130.));
#3521 = VECTOR('',#3522,1.);
#3522 = DIRECTION('',(0.707106781187,0.707106781187,0.));
#3523 = ORIENTED_EDGE('',*,*,#3524,.F.);
#3524 = EDGE_CURVE('',#3375,#3517,#3525,.T.);
#3525 = B_SPLINE_CURVE_WITH_KNOTS('',1,(#3526,#3527),.UNSPECIFIED.,.F.,
  .F.,(2,2),(0.,1.),.PIECEWISE_BEZIER_KNOTS.);
#3526 = CARTESIAN_POINT('',(24.852813742386,-60.,0.));
#3527 = CARTESIAN_POINT('',(10.42434910324,-25.16660498395,-130.));
#3528 = ORIENTED_EDGE('',*,*,#3374,.F.);
#3529 = ORIENTED_EDGE('',*,*,#3530,.T.);
#3530 = EDGE_CURVE('',#3367,#3531,#3533,.T.);
#3531 = VERTEX_POINT('',#3532);
#3532 = CARTESIAN_POINT('',(20.25,-45.04964483309,-51.6));
#3533 = B_SPLINE_CURVE_WITH_KNOTS('',5,(#3534,#3535,#3536,#3537,#3538,
    #3539,#3540,#3541,#3542,#3543,#3544,#3545,#3546,#3547,#3548,#3549,
    #3550,#3551,#3552,#3553,#3554,#3555),.UNSPECIFIED.,.F.,.F.,(6,4,4,4,
    4,6),(0.,0.1253649249,0.543806410829,0.775944097615,0.884222903491,
    1.),.UNSPECIFIED.);
#3534 = CARTESIAN_POINT('',(20.25,-41.8665708246,-60.));
#3535 = CARTESIAN_POINT('',(20.25,-41.94620699946,-59.7898434447));
#3536 = CARTESIAN_POINT('',(20.25,-42.02585479493,-59.57965622313));
#3537 = CARTESIAN_POINT('',(20.25,-42.10551560525,-59.36943465591));
#3538 = CARTESIAN_POINT('',(20.25,-42.18518754821,-59.15918371009));
#3539 = CARTESIAN_POINT('',(20.25,-42.53083935507,-58.24702295923));
#3540 = CARTESIAN_POINT('',(20.25,-42.79693822843,-57.54479909316));
#3541 = CARTESIAN_POINT('',(20.25,-43.06316376956,-56.84224095611));
#3542 = CARTESIAN_POINT('',(20.25,-43.32951191053,-56.13935928317));
#3543 = CARTESIAN_POINT('',(20.25,-43.74380595208,-55.04605452817));
#3544 = CARTESIAN_POINT('',(20.25,-43.89166964411,-54.65584839104));
#3545 = CARTESIAN_POINT('',(20.25,-44.03956922835,-54.26554753586));
#3546 = CARTESIAN_POINT('',(20.25,-44.18750406754,-53.87515364434));
#3547 = CARTESIAN_POINT('',(20.25,-44.40449274723,-53.30252953803));
#3548 = CARTESIAN_POINT('',(20.25,-44.47351187988,-53.12039091584));
#3549 = CARTESIAN_POINT('',(20.25,-44.5425309421,-52.93825247951));
#3550 = CARTESIAN_POINT('',(20.25,-44.61154993412,-52.75611422841));
#3551 = CARTESIAN_POINT('',(20.25,-44.75436732803,-52.37922506228));
#3552 = CARTESIAN_POINT('',(20.25,-44.82817393673,-52.18445248979));
#3553 = CARTESIAN_POINT('',(20.25,-44.9019892796,-51.98965686817));
#3554 = CARTESIAN_POINT('',(20.25,-44.97581320915,-51.79483858666));
#3555 = CARTESIAN_POINT('',(20.25,-45.04964483309,-51.6));
#3556 = ORIENTED_EDGE('',*,*,#3557,.T.);
#3557 = EDGE_CURVE('',#3531,#3488,#3558,.T.);
#3558 = B_SPLINE_CURVE_WITH_KNOTS('',1,(#3559,#3560),.UNSPECIFIED.,.F.,
  .F.,(2,2),(0.,1.),.PIECEWISE_BEZIER_KNOTS.);
#3559 = CARTESIAN_POINT('',(20.25,-45.04964483309,-51.6));
#3560 = CARTESIAN_POINT('',(19.12582316254,-46.17382167055,-51.6));
#3561 = B_SPLINE_SURFACE_WITH_KNOTS('',1,1,(
    (#3562,#3563)
    ,(#3564,#3565
    )),.UNSPECIFIED.,.F.,.F.,.F.,(2,2),(2,2),(0.,49.705627484771),(0.,1.
    ),.PIECEWISE_BEZIER_KNOTS.);
#3562 = CARTESIAN_POINT('',(24.852813742386,-60.,0.));
#3563 = CARTESIAN_POINT('',(10.42434910324,-25.16660498395,-130.));
#3564 = CARTESIAN_POINT('',(60.,-24.85281374238,0.));
#3565 = CARTESIAN_POINT('',(25.166604983954,-10.42434910324,-130.));
#3566 = ADVANCED_FACE('',(#3567),#3584,.F.);
#3567 = FACE_BOUND('',#3568,.F.);
#3568 = EDGE_LOOP('',(#3569,#3570,#3571,#3578));
#3569 = ORIENTED_EDGE('',*,*,#3509,.F.);
#3570 = ORIENTED_EDGE('',*,*,#2061,.F.);
#3571 = ORIENTED_EDGE('',*,*,#3572,.T.);
#3572 = EDGE_CURVE('',#2055,#3573,#3575,.T.);
#3573 = VERTEX_POINT('',#3574);
#3574 = CARTESIAN_POINT('',(25.166604983954,10.42434910324,-130.));
#3575 = B_SPLINE_CURVE_WITH_KNOTS('',1,(#3576,#3577),.UNSPECIFIED.,.F.,
  .F.,(2,2),(0.,1.),.PIECEWISE_BEZIER_KNOTS.);
#3576 = CARTESIAN_POINT('',(60.,24.852813742386,0.));
#3577 = CARTESIAN_POINT('',(25.166604983954,10.42434910324,-130.));
#3578 = ORIENTED_EDGE('',*,*,#3579,.F.);
#3579 = EDGE_CURVE('',#3510,#3573,#3580,.T.);
#3580 = LINE('',#3581,#3582);
#3581 = CARTESIAN_POINT('',(25.166604983954,-24.85281374238,-130.));
#3582 = VECTOR('',#3583,1.);
#3583 = DIRECTION('',(0.,1.,0.));
#3584 = B_SPLINE_SURFACE_WITH_KNOTS('',1,1,(
    (#3585,#3586)
    ,(#3587,#3588
    )),.UNSPECIFIED.,.F.,.F.,.F.,(2,2),(2,2),(0.,49.705627484771),(0.,1.
    ),.PIECEWISE_BEZIER_KNOTS.);
#3585 = CARTESIAN_POINT('',(60.,-24.85281374238,0.));
#3586 = CARTESIAN_POINT('',(25.166604983954,-10.42434910324,-130.));
#3587 = CARTESIAN_POINT('',(60.,24.852813742386,0.));
#3588 = CARTESIAN_POINT('',(25.166604983954,10.42434910324,-130.));
#3589 = ADVANCED_FACE('',(#3590),#3621,.F.);
#3590 = FACE_BOUND('',#3591,.F.);
#3591 = EDGE_LOOP('',(#3592,#3599,#3600,#3607,#3613,#3614,#3615,#3616));
#3592 = ORIENTED_EDGE('',*,*,#3593,.F.);
#3593 = EDGE_CURVE('',#2845,#3594,#3596,.T.);
#3594 = VERTEX_POINT('',#3595);
#3595 = CARTESIAN_POINT('',(46.173821670554,19.12582316254,-51.6));
#3596 = B_SPLINE_CURVE_WITH_KNOTS('',1,(#3597,#3598),.UNSPECIFIED.,.F.,
  .F.,(2,2),(0.,1.),.PIECEWISE_BEZIER_KNOTS.);
#3597 = CARTESIAN_POINT('',(60.,24.852813742386,0.));
#3598 = CARTESIAN_POINT('',(25.166604983954,10.42434910324,-130.));
#3599 = ORIENTED_EDGE('',*,*,#2844,.T.);
#3600 = ORIENTED_EDGE('',*,*,#3601,.T.);
#3601 = EDGE_CURVE('',#2847,#3602,#3604,.T.);
#3602 = VERTEX_POINT('',#3603);
#3603 = CARTESIAN_POINT('',(10.42434910324,25.166604983954,-130.));
#3604 = B_SPLINE_CURVE_WITH_KNOTS('',1,(#3605,#3606),.UNSPECIFIED.,.F.,
  .F.,(2,2),(0.,1.),.PIECEWISE_BEZIER_KNOTS.);
#3605 = CARTESIAN_POINT('',(24.852813742386,60.,0.));
#3606 = CARTESIAN_POINT('',(10.42434910324,25.166604983954,-130.));
#3607 = ORIENTED_EDGE('',*,*,#3608,.F.);
#3608 = EDGE_CURVE('',#3573,#3602,#3609,.T.);
#3609 = LINE('',#3610,#3611);
#3610 = CARTESIAN_POINT('',(35.369070172404,0.22188391479,-130.));
#3611 = VECTOR('',#3612,1.);
#3612 = DIRECTION('',(-0.707106781187,0.707106781187,0.));
#3613 = ORIENTED_EDGE('',*,*,#3572,.F.);
#3614 = ORIENTED_EDGE('',*,*,#2054,.F.);
#3615 = ORIENTED_EDGE('',*,*,#2140,.T.);
#3616 = ORIENTED_EDGE('',*,*,#3617,.T.);
#3617 = EDGE_CURVE('',#2133,#3594,#3618,.T.);
#3618 = B_SPLINE_CURVE_WITH_KNOTS('',1,(#3619,#3620),.UNSPECIFIED.,.F.,
  .F.,(2,2),(0.,1.),.PIECEWISE_BEZIER_KNOTS.);
#3619 = CARTESIAN_POINT('',(45.049644833094,20.25,-51.6));
#3620 = CARTESIAN_POINT('',(46.173821670554,19.12582316254,-51.6));
#3621 = B_SPLINE_SURFACE_WITH_KNOTS('',1,1,(
    (#3622,#3623)
    ,(#3624,#3625
    )),.UNSPECIFIED.,.F.,.F.,.F.,(2,2),(2,2),(0.,49.705627484771),(0.,1.
    ),.PIECEWISE_BEZIER_KNOTS.);
#3622 = CARTESIAN_POINT('',(60.,24.852813742386,0.));
#3623 = CARTESIAN_POINT('',(25.166604983954,10.42434910324,-130.));
#3624 = CARTESIAN_POINT('',(24.852813742386,60.,0.));
#3625 = CARTESIAN_POINT('',(10.42434910324,25.166604983954,-130.));
#3626 = ADVANCED_FACE('',(#3627),#3674,.T.);
#3627 = FACE_BOUND('',#3628,.T.);
#3628 = EDGE_LOOP('',(#3629,#3664,#3665,#3666,#3667,#3668));
#3629 = ORIENTED_EDGE('',*,*,#3630,.F.);
#3630 = EDGE_CURVE('',#2949,#3631,#3633,.T.);
#3631 = VERTEX_POINT('',#3632);
#3632 = CARTESIAN_POINT('',(16.77564927611,-40.5,-41.86536430634));
#3633 = B_SPLINE_CURVE_WITH_KNOTS('',8,(#3634,#3635,#3636,#3637,#3638,
    #3639,#3640,#3641,#3642,#3643,#3644,#3645,#3646,#3647,#3648,#3649,
    #3650,#3651,#3652,#3653,#3654,#3655,#3656,#3657,#3658,#3659,#3660,
    #3661,#3662,#3663),.UNSPECIFIED.,.F.,.F.,(9,7,7,7,9),(0.,
    0.266713356438,0.533423250996,0.903158163502,1.),.UNSPECIFIED.);
#3634 = CARTESIAN_POINT('',(21.422210264564,-51.71779055671,7.11E-15));
#3635 = CARTESIAN_POINT('',(20.948557687619,-50.5742920816,
    -4.267594407508));
#3636 = CARTESIAN_POINT('',(20.47490923824,-49.43080357131,
    -8.535151625768));
#3637 = CARTESIAN_POINT('',(20.001265367558,-48.28732611498,
    -12.80266759012));
#3638 = CARTESIAN_POINT('',(19.527626678977,-47.14386116934,
    -17.07013686391));
#3639 = CARTESIAN_POINT('',(19.053993935268,-46.0004105759,
    -21.33755257459));
#3640 = CARTESIAN_POINT('',(18.58036807056,-44.85697658983,
    -25.60490630571));
#3641 = CARTESIAN_POINT('',(18.106750207238,-43.71356192081,
    -29.87218794459));
#3642 = CARTESIAN_POINT('',(17.159539295599,-41.4267924915,
    -38.40652763995));
#3643 = CARTESIAN_POINT('',(16.685946540471,-40.28343843903,
    -42.67358305481));
#3644 = CARTESIAN_POINT('',(16.212364530486,-39.14011032763,
    -46.94054165629));
#3645 = CARTESIAN_POINT('',(15.738794926836,-37.99681216777,
    -51.20738847708));
#3646 = CARTESIAN_POINT('',(15.265239957891,-36.85354933922,
    -55.47410343966));
#3647 = CARTESIAN_POINT('',(14.79170246898,-35.71032871119,
    -59.7406609077));
#3648 = CARTESIAN_POINT('',(14.318185997859,-34.56715882461,
    -64.00702900612));
#3649 = CARTESIAN_POINT('',(13.188303035409,-31.83938005277,
    -74.18723797444));
#3650 = CARTESIAN_POINT('',(12.531972325606,-30.25485755177,
    -80.10075645392));
#3651 = CARTESIAN_POINT('',(11.875701563713,-28.67047977778,
    -86.01373480479));
#3652 = CARTESIAN_POINT('',(11.219503260288,-27.08627693411,
    -91.92606030692));
#3653 = CARTESIAN_POINT('',(10.563404455492,-25.50231430125,
    -97.83748932999));
#3654 = CARTESIAN_POINT('',(9.90744892735,-23.91869756893,
    -103.7476274347));
#3655 = CARTESIAN_POINT('',(9.251699298946,-22.33557792251,
    -109.6559103896));
#3656 = CARTESIAN_POINT('',(8.424568220399,-20.33870685482,
    -117.1083346704));
#3657 = CARTESIAN_POINT('',(8.252911589375,-19.92429108813,
    -118.6549553671));
#3658 = CARTESIAN_POINT('',(8.081278085801,-19.50993115604,
    -120.2013676863));
#3659 = CARTESIAN_POINT('',(7.909670000935,-19.09563259015,
    -121.7475509837));
#3660 = CARTESIAN_POINT('',(7.73809003367,-18.68140190615,
    -123.2934809425));
#3661 = CARTESIAN_POINT('',(7.566541316358,-18.2672466662,
    -124.8391293401));
#3662 = CARTESIAN_POINT('',(7.395027440641,-17.85317554131,
    -126.3844638162));
#3663 = CARTESIAN_POINT('',(7.223552483277,-17.43919837364,
    -127.9294476391));
#3664 = ORIENTED_EDGE('',*,*,#2948,.T.);
#3665 = ORIENTED_EDGE('',*,*,#3200,.T.);
#3666 = ORIENTED_EDGE('',*,*,#2107,.T.);
#3667 = ORIENTED_EDGE('',*,*,#3327,.T.);
#3668 = ORIENTED_EDGE('',*,*,#3669,.T.);
#3669 = EDGE_CURVE('',#3328,#3631,#3670,.T.);
#3670 = LINE('',#3671,#3672);
#3671 = CARTESIAN_POINT('',(20.934263822306,-40.5,-30.89095337688));
#3672 = VECTOR('',#3673,1.);
#3673 = DIRECTION('',(-0.354349320007,0.,-0.935113126531));
#3674 = PLANE('',#3675);
#3675 = AXIS2_PLACEMENT_3D('',#3676,#3677,#3678);
#3676 = CARTESIAN_POINT('',(24.646840342257,-24.64684034225,
    -62.92944763918));
#3677 = DIRECTION('',(-0.683012701892,0.683012701892,0.258819045103));
#3678 = DIRECTION('',(0.707106781187,0.707106781187,-2.775557561563E-17)
  );
#3679 = ADVANCED_FACE('',(#3680),#3692,.F.);
#3680 = FACE_BOUND('',#3681,.F.);
#3681 = EDGE_LOOP('',(#3682,#3683,#3684,#3685,#3690,#3691));
#3682 = ORIENTED_EDGE('',*,*,#2091,.F.);
#3683 = ORIENTED_EDGE('',*,*,#3449,.T.);
#3684 = ORIENTED_EDGE('',*,*,#3502,.F.);
#3685 = ORIENTED_EDGE('',*,*,#3686,.F.);
#3686 = EDGE_CURVE('',#3594,#3496,#3687,.T.);
#3687 = B_SPLINE_CURVE_WITH_KNOTS('',1,(#3688,#3689),.UNSPECIFIED.,.F.,
  .F.,(2,2),(0.,1.),.PIECEWISE_BEZIER_KNOTS.);
#3688 = CARTESIAN_POINT('',(46.173821670554,19.12582316254,-51.6));
#3689 = CARTESIAN_POINT('',(46.173821670554,-19.12582316254,-51.6));
#3690 = ORIENTED_EDGE('',*,*,#3617,.F.);
#3691 = ORIENTED_EDGE('',*,*,#2132,.F.);
#3692 = PLANE('',#3693);
#3693 = AXIS2_PLACEMENT_3D('',#3694,#3695,#3696);
#3694 = CARTESIAN_POINT('',(-175.4133390969,-20.25,-51.6));
#3695 = DIRECTION('',(0.,0.,1.));
#3696 = DIRECTION('',(0.,1.,0.));
#3697 = ADVANCED_FACE('',(#3698),#4028,.F.);
#3698 = FACE_BOUND('',#3699,.T.);
#3699 = EDGE_LOOP('',(#3700,#3798,#3799,#3897));
#3700 = ORIENTED_EDGE('',*,*,#3701,.F.);
#3701 = EDGE_CURVE('',#2175,#3702,#3704,.T.);
#3702 = VERTEX_POINT('',#3703);
#3703 = CARTESIAN_POINT('',(-2.532858237931,34.859952268877,
    -93.82393543725));
#3704 = B_SPLINE_CURVE_WITH_KNOTS('',8,(#3705,#3706,#3707,#3708,#3709,
    #3710,#3711,#3712,#3713,#3714,#3715,#3716,#3717,#3718,#3719,#3720,
    #3721,#3722,#3723,#3724,#3725,#3726,#3727,#3728,#3729,#3730,#3731,
    #3732,#3733,#3734,#3735,#3736,#3737,#3738,#3739,#3740,#3741,#3742,
    #3743,#3744,#3745,#3746,#3747,#3748,#3749,#3750,#3751,#3752,#3753,
    #3754,#3755,#3756,#3757,#3758,#3759,#3760,#3761,#3762,#3763,#3764,
    #3765,#3766,#3767,#3768,#3769,#3770,#3771,#3772,#3773,#3774,#3775,
    #3776,#3777,#3778,#3779,#3780,#3781,#3782,#3783,#3784,#3785,#3786,
    #3787,#3788,#3789,#3790,#3791,#3792,#3793,#3794,#3795,#3796,#3797),
  .UNSPECIFIED.,.F.,.F.,(9,7,7,7,7,7,7,7,7,7,7,7,7,9),(0.,
    4.489539826081E-02,0.133738024262,0.219610072102,0.271492587191,
    0.376845937666,0.501086299291,0.529087630031,0.627086826185,
    0.734793839375,0.785367557539,0.867645988808,0.954631705958,1.),
  .UNSPECIFIED.);
#3705 = CARTESIAN_POINT('',(4.265999999998,33.031426737471,
    -96.88776938603));
#3706 = CARTESIAN_POINT('',(4.265999999998,33.000627503452,
    -97.0352335701));
#3707 = CARTESIAN_POINT('',(4.259939104873,32.969828907891,
    -97.18269915645));
#3708 = CARTESIAN_POINT('',(4.247817463439,32.939104589072,
    -97.32988884665));
#3709 = CARTESIAN_POINT('',(4.229651184566,32.908527982725,
    -97.47652725564));
#3710 = CARTESIAN_POINT('',(4.205472319193,32.878172184515,
    -97.62234105232));
#3711 = CARTESIAN_POINT('',(4.175328842334,32.848109812539,
    -97.76705910028));
#3712 = CARTESIAN_POINT('',(4.139284635089,32.818412869811,
    -97.9104125984));
#3713 = CARTESIAN_POINT('',(4.014573303229,32.731250044177,
    -98.33258735008));
#3714 = CARTESIAN_POINT('',(3.908918603496,32.675047585429,
    -98.60670080723));
#3715 = CARTESIAN_POINT('',(3.781077335538,32.621108490588,
    -98.87236040396));
#3716 = CARTESIAN_POINT('',(3.631916112755,32.569963371029,
    -99.12758704103));
#3717 = CARTESIAN_POINT('',(3.462509657589,32.522112234822,
    -99.37052176707));
#3718 = CARTESIAN_POINT('',(3.274126579733,32.478023208566,
    -99.59942332786));
#3719 = CARTESIAN_POINT('',(3.068237468813,32.43812793566,
    -99.81267920672));
#3720 = CARTESIAN_POINT('',(2.632265723763,32.368680149166,
    -100.1984225226));
#3721 = CARTESIAN_POINT('',(2.403162444966,32.338816797089,
    -100.3720875897));
#3722 = CARTESIAN_POINT('',(2.160756513998,32.313576616721,
    -100.5284957838));
#3723 = CARTESIAN_POINT('',(1.906685931379,32.293259843583,
    -100.6665251713));
#3724 = CARTESIAN_POINT('',(1.642687023171,32.27811957945,
    -100.7852352134));
#3725 = CARTESIAN_POINT('',(1.370585394834,32.26836242728,
    -100.8838591377));
#3726 = CARTESIAN_POINT('',(1.092296465064,32.2641441084,-100.9618149283
    ));
#3727 = CARTESIAN_POINT('',(0.639177239491,32.266415558412,
    -101.0531250876));
#3728 = CARTESIAN_POINT('',(0.466979407371,32.269327900002,
    -101.0798395149));
#3729 = CARTESIAN_POINT('',(0.293678043536,32.274318618903,
    -101.0987969939));
#3730 = CARTESIAN_POINT('',(0.119710664434,32.281402037627,
    -101.109944064));
#3731 = CARTESIAN_POINT('',(-5.448403360329E-02,32.29058515847,
    -101.1132550059));
#3732 = CARTESIAN_POINT('',(-0.228466550689,32.301867552958,
    -101.1087318225));
#3733 = CARTESIAN_POINT('',(-0.401796959697,32.315241251292,
    -101.09640422));
#3734 = CARTESIAN_POINT('',(-0.923784795798,32.36206235685,
    -101.0355657663));
#3735 = CARTESIAN_POINT('',(-1.269147373093,32.402003082134,
    -100.9628447949));
#3736 = CARTESIAN_POINT('',(-1.60631147462,32.450379182896,
    -100.8586334518));
#3737 = CARTESIAN_POINT('',(-1.931700539582,32.506925953731,
    -100.7239169936));
#3738 = CARTESIAN_POINT('',(-2.241938171772,32.571270584092,
    -100.5600986308));
#3739 = CARTESIAN_POINT('',(-2.533845549591,32.642938557467,
    -100.3689609879));
#3740 = CARTESIAN_POINT('',(-2.804471060538,32.721343474237,
    -100.1526895477));
#3741 = CARTESIAN_POINT('',(-3.342056520507,32.90531077942,
    -99.63242850768));
#3742 = CARTESIAN_POINT('',(-3.599930331659,33.01331335394,
    -99.31940499317));
#3743 = CARTESIAN_POINT('',(-3.820230353988,33.1285789917,
    -98.97924575939));
#3744 = CARTESIAN_POINT('',(-3.999513759661,33.249798597698,
    -98.61684335227));
#3745 = CARTESIAN_POINT('',(-4.13512068295,33.37557908616,
    -98.23741969223));
#3746 = CARTESIAN_POINT('',(-4.225215705868,33.504441103154,
    -97.8465179755));
#3747 = CARTESIAN_POINT('',(-4.268763046735,33.634824313372,
    -97.44996890208));
#3748 = CARTESIAN_POINT('',(-4.265253513654,33.79440156843,
    -96.96470056939));
#3749 = CARTESIAN_POINT('',(-4.262250399507,33.823747988598,
    -96.87546218915));
#3750 = CARTESIAN_POINT('',(-4.256890155725,33.853072329869,
    -96.78630631405));
#3751 = CARTESIAN_POINT('',(-4.249175691806,33.882356693199,
    -96.69729973406));
#3752 = CARTESIAN_POINT('',(-4.239112339502,33.911583242087,
    -96.60850900637));
#3753 = CARTESIAN_POINT('',(-4.226707852813,33.940734202576,
    -96.52000045531));
#3754 = CARTESIAN_POINT('',(-4.211972407997,33.969791863251,
    -96.43184017241));
#3755 = CARTESIAN_POINT('',(-4.13523361424,34.100046421391,
    -96.03699958432));
#3756 = CARTESIAN_POINT('',(-4.04713804867,34.20001825767,
    -95.73490752703));
#3757 = CARTESIAN_POINT('',(-3.931170265515,34.297864926528,
    -95.44074026685));
#3758 = CARTESIAN_POINT('',(-3.788255176595,34.392849964058,
    -95.15724408228));
#3759 = CARTESIAN_POINT('',(-3.619637465268,34.484280769058,
    -94.88701190311));
#3760 = CARTESIAN_POINT('',(-3.426856174718,34.571505481324,
    -94.63248475729));
#3761 = CARTESIAN_POINT('',(-3.211760666159,34.653915569177,
    -94.39593186917));
#3762 = CARTESIAN_POINT('',(-2.718076996987,34.815624135805,
    -93.94143819805));
#3763 = CARTESIAN_POINT('',(-2.435163139204,34.893853662982,
    -93.72752727882));
#3764 = CARTESIAN_POINT('',(-2.130744928338,34.964884079846,
    -93.54046994129));
#3765 = CARTESIAN_POINT('',(-1.808049235131,35.0281127037,
    -93.38251757431));
#3766 = CARTESIAN_POINT('',(-1.470529849143,35.083060212308,
    -93.2554712102));
#3767 = CARTESIAN_POINT('',(-1.12184163846,35.129359546377,
    -93.16071262472));
#3768 = CARTESIAN_POINT('',(-0.7658489593,35.16676397854,-93.09916408727
    ));
#3769 = CARTESIAN_POINT('',(-0.237984099012,35.208510998836,
    -93.05801931419));
#3770 = CARTESIAN_POINT('',(-6.858540813527E-02,35.219868681686,
    -93.05226773378));
#3771 = CARTESIAN_POINT('',(0.101139831729,35.229234776049,
    -93.05394869463));
#3772 = CARTESIAN_POINT('',(0.270783398824,35.236605874635,
    -93.06307478859));
#3773 = CARTESIAN_POINT('',(0.439938404814,35.241985364453,
    -93.07963361938));
#3774 = CARTESIAN_POINT('',(0.608199617607,35.245383327778,
    -93.10358780302));
#3775 = CARTESIAN_POINT('',(0.775163784179,35.246816443109,
    -93.13487496822));
#3776 = CARTESIAN_POINT('',(1.20930164482,35.245480514298,
    -93.23609678816));
#3777 = CARTESIAN_POINT('',(1.47371584457,35.239513895313,
    -93.31797169067));
#3778 = CARTESIAN_POINT('',(1.731915418109,35.228506407417,
    -93.41865569791));
#3779 = CARTESIAN_POINT('',(1.982230718809,35.212606293876,
    -93.53759486024));
#3780 = CARTESIAN_POINT('',(2.223071357807,35.19200438842,
    -93.67408094635));
#3781 = CARTESIAN_POINT('',(2.452925670431,35.166930649645,
    -93.8272599834));
#3782 = CARTESIAN_POINT('',(2.670367879164,35.137654504368,
    -93.99612643582));
#3783 = CARTESIAN_POINT('',(3.089432333219,35.069426041852,
    -94.37337088888));
#3784 = CARTESIAN_POINT('',(3.289493147503,35.030006881486,
    -94.5835065544));
#3785 = CARTESIAN_POINT('',(3.472671936299,34.986598467738,
    -94.80852845003));
#3786 = CARTESIAN_POINT('',(3.6375982032,34.939608280021,-95.04691557781
    ));
#3787 = CARTESIAN_POINT('',(3.783087638193,34.889476585106,
    -95.29702910003));
#3788 = CARTESIAN_POINT('',(3.908134999157,34.83667218097,
    -95.55712209515));
#3789 = CARTESIAN_POINT('',(4.011926651764,34.781691627682,
    -95.82533748051));
#3790 = CARTESIAN_POINT('',(4.136612606105,34.695526183353,
    -96.24278761507));
#3791 = CARTESIAN_POINT('',(4.173413380547,34.66553933653,
    -96.38756358719));
#3792 = CARTESIAN_POINT('',(4.204191908913,34.635174849335,-96.533747355
    ));
#3793 = CARTESIAN_POINT('',(4.228881567673,34.604506974031,
    -96.68106166267));
#3794 = CARTESIAN_POINT('',(4.247432317153,34.573610752295,
    -96.82922682209));
#3795 = CARTESIAN_POINT('',(4.259810726726,34.542561976884,
    -96.97796087325));
#3796 = CARTESIAN_POINT('',(4.265999999998,34.511437153289,
    -97.12697974465));
#3797 = CARTESIAN_POINT('',(4.265999999998,34.480313461398,
    -97.27599741363));
#3798 = ORIENTED_EDGE('',*,*,#2371,.T.);
#3799 = ORIENTED_EDGE('',*,*,#3800,.T.);
#3800 = EDGE_CURVE('',#2274,#3801,#3803,.T.);
#3801 = VERTEX_POINT('',#3802);
#3802 = CARTESIAN_POINT('',(-2.533176914042,33.083120155743,
    -100.4551631599));
#3803 = B_SPLINE_CURVE_WITH_KNOTS('',8,(#3804,#3805,#3806,#3807,#3808,
    #3809,#3810,#3811,#3812,#3813,#3814,#3815,#3816,#3817,#3818,#3819,
    #3820,#3821,#3822,#3823,#3824,#3825,#3826,#3827,#3828,#3829,#3830,
    #3831,#3832,#3833,#3834,#3835,#3836,#3837,#3838,#3839,#3840,#3841,
    #3842,#3843,#3844,#3845,#3846,#3847,#3848,#3849,#3850,#3851,#3852,
    #3853,#3854,#3855,#3856,#3857,#3858,#3859,#3860,#3861,#3862,#3863,
    #3864,#3865,#3866,#3867,#3868,#3869,#3870,#3871,#3872,#3873,#3874,
    #3875,#3876,#3877,#3878,#3879,#3880,#3881,#3882,#3883,#3884,#3885,
    #3886,#3887,#3888,#3889,#3890,#3891,#3892,#3893,#3894,#3895,#3896),
  .UNSPECIFIED.,.F.,.F.,(9,7,7,7,7,7,7,7,7,7,7,7,7,9),(0.,
    4.760707688844E-02,0.132228051964,0.226001156926,0.287272569963,
    0.380840816095,0.478658713313,0.505022613991,0.631004195399,
    0.745703553136,0.803841527508,0.868807351029,0.958014060895,1.),
  .UNSPECIFIED.);
#3804 = CARTESIAN_POINT('',(4.265999999998,33.462677414736,
    -97.00332278145));
#3805 = CARTESIAN_POINT('',(4.265999999998,33.43001769174,-97.1596936856
    ));
#3806 = CARTESIAN_POINT('',(4.259184811886,33.397356429783,
    -97.31606608474));
#3807 = CARTESIAN_POINT('',(4.245554613886,33.364783037723,
    -97.47210931527));
#3808 = CARTESIAN_POINT('',(4.225129773443,33.332386015024,
    -97.62749515429));
#3809 = CARTESIAN_POINT('',(4.197950812314,33.300252916806,
    -97.7818980398));
#3810 = CARTESIAN_POINT('',(4.164078371675,33.268470318896,
    -97.93499529089));
#3811 = CARTESIAN_POINT('',(4.123593177209,33.237123782881,
    -98.08646732785));
#3812 = CARTESIAN_POINT('',(3.99305912556,33.151505065356,
    -98.50178657332));
#3813 = CARTESIAN_POINT('',(3.888936002751,33.098348944011,
    -98.76148030998));
#3814 = CARTESIAN_POINT('',(3.764795920367,33.047311834516,
    -99.01326584804));
#3815 = CARTESIAN_POINT('',(3.62140644197,32.998848499731,
    -99.25544183135));
#3816 = CARTESIAN_POINT('',(3.459706096546,32.953388480441,
    -99.48640690363));
#3817 = CARTESIAN_POINT('',(3.28079371084,32.911335455549,
    -99.70465793039));
#3818 = CARTESIAN_POINT('',(3.085934387551,32.873063570025,
    -99.90879834098));
#3819 = CARTESIAN_POINT('',(2.644587505637,32.801064111712,
    -100.3067298739));
#3820 = CARTESIAN_POINT('',(2.394719965809,32.768263324403,
    -100.497081714));
#3821 = CARTESIAN_POINT('',(2.12895144531,32.740975793315,-100.666850523
    ));
#3822 = CARTESIAN_POINT('',(1.849420717393,32.719592258091,
    -100.8145780856));
#3823 = CARTESIAN_POINT('',(1.558402805993,32.704436296851,
    -100.939064938));
#3824 = CARTESIAN_POINT('',(1.2582941176,32.695765493174,-101.0393572861
    ));
#3825 = CARTESIAN_POINT('',(0.951613292219,32.693764246599,
    -101.1147654625));
#3826 = CARTESIAN_POINT('',(0.438074441955,32.701641014588,
    -101.197680963));
#3827 = CARTESIAN_POINT('',(0.233427823212,32.70764253737,
    -101.2196690422));
#3828 = CARTESIAN_POINT('',(2.780408763679E-02,32.716561126991,
    -101.2307700954));
#3829 = CARTESIAN_POINT('',(-0.178071593847,32.728410179042,
    -101.2309338214));
#3830 = CARTESIAN_POINT('',(-0.383475614528,32.743189038643,
    -101.2201633697));
#3831 = CARTESIAN_POINT('',(-0.587686612173,32.760883134986,
    -101.1985138371));
#3832 = CARTESIAN_POINT('',(-0.789986264911,32.781463364476,
    -101.1660935781));
#3833 = CARTESIAN_POINT('',(-1.294584460739,32.840651734926,
    -101.0573639929));
#3834 = CARTESIAN_POINT('',(-1.593458116678,32.88305296137,
    -100.9669122311));
#3835 = CARTESIAN_POINT('',(-1.883682943648,32.931927769101,
    -100.8522945094));
#3836 = CARTESIAN_POINT('',(-2.162824196496,32.987039248903,
    -100.7143937603));
#3837 = CARTESIAN_POINT('',(-2.428590308174,33.048085116087,
    -100.5543453696));
#3838 = CARTESIAN_POINT('',(-2.678830569714,33.114700616879,
    -100.3735179583));
#3839 = CARTESIAN_POINT('',(-2.911550793811,33.186453440212,
    -100.173523955));
#3840 = CARTESIAN_POINT('',(-3.348035085504,33.342676703307,
    -99.7291283454));
#3841 = CARTESIAN_POINT('',(-3.550096768847,33.427609819391,
    -99.48302779619));
#3842 = CARTESIAN_POINT('',(-3.729035798977,33.517048524722,
    -99.22010629829));
#3843 = CARTESIAN_POINT('',(-3.883130985287,33.610364864584,
    -98.94270558045));
#3844 = CARTESIAN_POINT('',(-4.010977481676,33.706891855702,
    -98.65332304926));
#3845 = CARTESIAN_POINT('',(-4.111470054121,33.805925833031,
    -98.35459286942));
#3846 = CARTESIAN_POINT('',(-4.18382829378,33.906723675609,
    -98.04928619095));
#3847 = CARTESIAN_POINT('',(-4.239478324083,34.035924316831,
    -97.65706072535));
#3848 = CARTESIAN_POINT('',(-4.249221681801,34.063426086984,
    -97.57352079787));
#3849 = CARTESIAN_POINT('',(-4.256886114712,34.090985384132,
    -97.48976611119));
#3850 = CARTESIAN_POINT('',(-4.262465798656,34.118587341808,
    -97.40585214172));
#3851 = CARTESIAN_POINT('',(-4.265956819353,34.146217064882,
    -97.32183447191));
#3852 = CARTESIAN_POINT('',(-4.267357172407,34.173859629559,
    -97.23776879028));
#3853 = CARTESIAN_POINT('',(-4.266666763305,34.201500083377,
    -97.15371089139));
#3854 = CARTESIAN_POINT('',(-4.250606077977,34.361123442105,
    -96.66834495803));
#3855 = CARTESIAN_POINT('',(-4.189616315915,34.492813854089,
    -96.26818164233));
#3856 = CARTESIAN_POINT('',(-4.081028534054,34.622441767542,
    -95.87568374348));
#3857 = CARTESIAN_POINT('',(-3.926183155494,34.748392854889,
    -95.49688405542));
#3858 = CARTESIAN_POINT('',(-3.727247643302,34.869147494503,
    -95.13747773644));
#3859 = CARTESIAN_POINT('',(-3.487245385031,34.983287072111,
    -94.80278345674));
#3860 = CARTESIAN_POINT('',(-3.210007167843,35.089490716196,
    -94.49773852472));
#3861 = CARTESIAN_POINT('',(-2.618724756518,35.274972097235,
    -93.97985859986));
#3862 = CARTESIAN_POINT('',(-2.309928622232,35.355894360171,
    -93.76097515045));
#3863 = CARTESIAN_POINT('',(-1.977743888646,35.42844364527,
    -93.57332348867));
#3864 = CARTESIAN_POINT('',(-1.626171583259,35.491927315732,
    -93.4194905603));
#3865 = CARTESIAN_POINT('',(-1.259475448153,35.545814089129,
    -93.30147353072));
#3866 = CARTESIAN_POINT('',(-0.882148310333,35.589718080723,
    -93.22072710261));
#3867 = CARTESIAN_POINT('',(-0.498922901556,35.623411033938,
    -93.17810554246));
#3868 = CARTESIAN_POINT('',(7.991380446189E-02,35.658744112196,
    -93.17144207852));
#3869 = CARTESIAN_POINT('',(0.274898387318,35.667999963062,
    -93.17901420076));
#3870 = CARTESIAN_POINT('',(0.469535433906,35.674621489506,
    -93.19641698619));
#3871 = CARTESIAN_POINT('',(0.663204758618,35.678616392557,
    -93.22362164457));
#3872 = CARTESIAN_POINT('',(0.855292595157,35.6800040674,-93.26055655526
    ));
#3873 = CARTESIAN_POINT('',(1.045191985139,35.678815099824,
    -93.30710831712));
#3874 = CARTESIAN_POINT('',(1.232303486092,35.675091314542,
    -93.36312076343));
#3875 = CARTESIAN_POINT('',(1.621346877871,35.661952714769,
    -93.50132870778));
#3876 = CARTESIAN_POINT('',(1.82245395134,35.651920365451,
    -93.58583211625));
#3877 = CARTESIAN_POINT('',(2.018529201364,35.638863515398,
    -93.68162238281));
#3878 = CARTESIAN_POINT('',(2.208781892606,35.622874134923,
    -93.7883560327));
#3879 = CARTESIAN_POINT('',(2.39245644835,35.604060127839,
    -93.90563143332));
#3880 = CARTESIAN_POINT('',(2.568832255681,35.582544400821,
    -94.03299091557));
#3881 = CARTESIAN_POINT('',(2.737225599785,35.558464850975,
    -94.16991948382));
#3882 = CARTESIAN_POINT('',(3.116376600293,35.495601558576,
    -94.51620853371));
#3883 = CARTESIAN_POINT('',(3.319543489603,35.454675889107,
    -94.73357431731));
#3884 = CARTESIAN_POINT('',(3.504794688045,35.409597415286,
    -94.96643358521));
#3885 = CARTESIAN_POINT('',(3.67066951474,35.360809440095,
    -95.21313029501));
#3886 = CARTESIAN_POINT('',(3.815914821264,35.308791367985,
    -95.47188091804));
#3887 = CARTESIAN_POINT('',(3.939476541512,35.254054023402,
    -95.74078563649));
#3888 = CARTESIAN_POINT('',(4.040514285348,35.197138337263,
    -96.01782606175));
#3889 = CARTESIAN_POINT('',(4.155114931531,35.111073997362,
    -96.43405698414));
#3890 = CARTESIAN_POINT('',(4.186673792245,35.083172774005,
    -96.56860054148));
#3891 = CARTESIAN_POINT('',(4.213054467628,35.054972261518,
    -96.70426136752));
#3892 = CARTESIAN_POINT('',(4.234208047798,35.026531522581,
    -96.84081893029));
#3893 = CARTESIAN_POINT('',(4.25009781173,34.997910064329,
    -96.97805104243));
#3894 = CARTESIAN_POINT('',(4.260699235409,34.969167750323,
    -97.11573395968));
#3895 = CARTESIAN_POINT('',(4.265999999998,34.940364712536,
    -97.25364247932));
#3896 = CARTESIAN_POINT('',(4.265999999998,34.911561263332,
    -97.39155003861));
#3897 = ORIENTED_EDGE('',*,*,#3898,.T.);
#3898 = EDGE_CURVE('',#3801,#3702,#3899,.T.);
#3899 = B_SPLINE_CURVE_WITH_KNOTS('',8,(#3900,#3901,#3902,#3903,#3904,
    #3905,#3906,#3907,#3908,#3909,#3910,#3911,#3912,#3913,#3914,#3915,
    #3916,#3917,#3918,#3919,#3920,#3921,#3922,#3923,#3924,#3925,#3926,
    #3927,#3928,#3929,#3930,#3931,#3932,#3933,#3934,#3935,#3936,#3937,
    #3938,#3939,#3940,#3941,#3942,#3943,#3944,#3945,#3946,#3947,#3948,
    #3949,#3950,#3951,#3952,#3953,#3954,#3955,#3956,#3957,#3958,#3959,
    #3960,#3961,#3962,#3963,#3964,#3965,#3966,#3967,#3968,#3969,#3970,
    #3971,#3972,#3973,#3974,#3975,#3976,#3977,#3978,#3979,#3980,#3981,
    #3982,#3983,#3984,#3985,#3986,#3987,#3988,#3989,#3990,#3991,#3992,
    #3993,#3994,#3995,#3996,#3997,#3998,#3999,#4000,#4001,#4002,#4003,
    #4004,#4005,#4006,#4007,#4008,#4009,#4010,#4011,#4012,#4013,#4014,
    #4015,#4016,#4017,#4018,#4019,#4020,#4021,#4022,#4023,#4024,#4025,
    #4026,#4027),.UNSPECIFIED.,.F.,.F.,(9,7,7,7,7,7,7,7,7,7,7,7,7,7,7,7,
    7,7,9),(0.,3.351488980298E-02,8.563683246201E-02,0.118448809161,
    0.150725449498,0.268818392668,0.389898909432,0.422405430621,
    0.455731908499,0.480567679858,0.517653298162,0.550224166563,
    0.611004564655,0.644945106248,0.678071665089,0.801528079084,
    0.930420927906,0.963834632377,1.),.UNSPECIFIED.);
#3900 = CARTESIAN_POINT('',(4.266,33.971505859166,-97.1396625781));
#3901 = CARTESIAN_POINT('',(4.266,33.929626850553,-97.29595716601));
#3902 = CARTESIAN_POINT('',(4.258985770966,33.887542253358,
    -97.45301902096));
#3903 = CARTESIAN_POINT('',(4.244837511283,33.845686089409,
    -97.60922835143));
#3904 = CARTESIAN_POINT('',(4.223775171404,33.804417558937,
    -97.7632446039));
#3905 = CARTESIAN_POINT('',(4.196254973605,33.764030675642,
    -97.91397050432));
#3906 = CARTESIAN_POINT('',(4.162886851833,33.724762282602,
    -98.06052214228));
#3907 = CARTESIAN_POINT('',(4.124372811641,33.686798449064,
    -98.20220509789));
#3908 = CARTESIAN_POINT('',(4.014738393596,33.593485037803,
    -98.55045548974));
#3909 = CARTESIAN_POINT('',(3.937347799152,33.540152654764,
    -98.74949465293));
#3910 = CARTESIAN_POINT('',(3.851480111355,33.490286741014,
    -98.93559677661));
#3911 = CARTESIAN_POINT('',(3.759022706729,33.443783348409,
    -99.10914980054));
#3912 = CARTESIAN_POINT('',(3.661505616149,33.400467634828,
    -99.27080624439));
#3913 = CARTESIAN_POINT('',(3.560074771032,33.360115495499,
    -99.42140247856));
#3914 = CARTESIAN_POINT('',(3.455476392425,33.322468517789,
    -99.56190291213));
#3915 = CARTESIAN_POINT('',(3.280392245858,33.265081807978,
    -99.77607302882));
#3916 = CARTESIAN_POINT('',(3.211695661658,33.243898138581,
    -99.8551315593));
#3917 = CARTESIAN_POINT('',(3.142079353972,33.223646100528,
    -99.93071319427));
#3918 = CARTESIAN_POINT('',(3.071660709626,33.204278203215,
    -100.002995171));
#3919 = CARTESIAN_POINT('',(3.000539055408,33.185751901296,
    -100.0721362711));
#3920 = CARTESIAN_POINT('',(2.928797220933,33.168028168967,
    -100.1382821406));
#3921 = CARTESIAN_POINT('',(2.856502386693,33.151070751701,
    -100.2015680834));
#3922 = CARTESIAN_POINT('',(2.71209773729,33.118886148922,
    -100.3216826562));
#3923 = CARTESIAN_POINT('',(2.640010529681,33.103636585482,
    -100.3785948018));
#3924 = CARTESIAN_POINT('',(2.56749782687,33.089066264316,
    -100.4329719806));
#3925 = CARTESIAN_POINT('',(2.494606331826,33.075147511639,
    -100.4849174728));
#3926 = CARTESIAN_POINT('',(2.421376578065,33.061855626209,
    -100.5345234646));
#3927 = CARTESIAN_POINT('',(2.347843289623,33.049168384821,
    -100.581872894));
#3928 = CARTESIAN_POINT('',(2.274035741034,33.037065547814,
    -100.6270412967));
#3929 = CARTESIAN_POINT('',(1.929017984528,32.983316414649,
    -100.8276357925));
#3930 = CARTESIAN_POINT('',(1.654883599294,32.948704197259,
    -100.9568103464));
#3931 = CARTESIAN_POINT('',(1.378560440371,32.920734093177,
    -101.0611961959));
#3932 = CARTESIAN_POINT('',(1.100779798,32.898898245429,-101.1426886891)
  );
#3933 = CARTESIAN_POINT('',(0.822109213641,32.882817901896,
    -101.2027013482));
#3934 = CARTESIAN_POINT('',(0.54294520488,32.872267421509,-101.242076277
    ));
#3935 = CARTESIAN_POINT('',(0.263534200231,32.867119489268,
    -101.2612886217));
#3936 = CARTESIAN_POINT('',(-0.302694009403,32.867670636878,
    -101.2592317108));
#3937 = CARTESIAN_POINT('',(-0.589113520488,32.873647075658,
    -101.2369273376));
#3938 = CARTESIAN_POINT('',(-0.875242334347,32.885309220992,
    -101.1934036187));
#3939 = CARTESIAN_POINT('',(-1.160820305454,32.9028093652,
    -101.1280921914));
#3940 = CARTESIAN_POINT('',(-1.445407772768,32.926405529923,
    -101.0400301058));
#3941 = CARTESIAN_POINT('',(-1.728356023189,32.956534750325,
    -100.9275863245));
#3942 = CARTESIAN_POINT('',(-2.00882040698,32.993769955184,
    -100.7886226481));
#3943 = CARTESIAN_POINT('',(-2.359953429753,33.051437003428,
    -100.5734062941));
#3944 = CARTESIAN_POINT('',(-2.433992205225,33.0642325804,
    -100.5256525508));
#3945 = CARTESIAN_POINT('',(-2.507725648798,33.077639284699,
    -100.4756180491));
#3946 = CARTESIAN_POINT('',(-2.581120568154,33.09167942859,
    -100.4232195188));
#3947 = CARTESIAN_POINT('',(-2.654137336151,33.106377495221,
    -100.3683655874));
#3948 = CARTESIAN_POINT('',(-2.726729444234,33.121760712497,
    -100.3109546389));
#3949 = CARTESIAN_POINT('',(-2.798843055845,33.137859626954,
    -100.2508726722));
#3950 = CARTESIAN_POINT('',(-2.943795460738,33.171982735106,
    -100.1235234989));
#3951 = CARTESIAN_POINT('',(-3.01659818942,33.190043366376,
    -100.0561203054));
#3952 = CARTESIAN_POINT('',(-3.088764077722,33.208928849564,
    -99.98563872261));
#3953 = CARTESIAN_POINT('',(-3.160212822672,33.228680365794,
    -99.91192506052));
#3954 = CARTESIAN_POINT('',(-3.23084440532,33.249341992733,
    -99.83481481901));
#3955 = CARTESIAN_POINT('',(-3.300538047823,33.270961542727,-99.75412956
    ));
#3956 = CARTESIAN_POINT('',(-3.369150208773,33.293592245531,
    -99.66967062733));
#3957 = CARTESIAN_POINT('',(-3.486711116809,33.334959399588,
    -99.51528630662));
#3958 = CARTESIAN_POINT('',(-3.536208536283,33.353216406707,
    -99.44715022846));
#3959 = CARTESIAN_POINT('',(-3.584935290355,33.372091891193,
    -99.37670596134));
#3960 = CARTESIAN_POINT('',(-3.632806750357,33.39161103809,
    -99.3038595134));
#3961 = CARTESIAN_POINT('',(-3.679722009167,33.411798630784,
    -99.22851839178));
#3962 = CARTESIAN_POINT('',(-3.72556364659,33.432679058489,
    -99.1505915747));
#3963 = CARTESIAN_POINT('',(-3.770197494732,33.454276323746,
    -99.06998948346));
#3964 = CARTESIAN_POINT('',(-3.878091968483,33.5099695022,
    -98.86213971183));
#3965 = CARTESIAN_POINT('',(-3.939677253866,33.54497407512,
    -98.7315008672));
#3966 = CARTESIAN_POINT('',(-3.997729274053,33.581708003138,
    -98.59440798147));
#3967 = CARTESIAN_POINT('',(-4.051579361671,33.62021072742,
    -98.45071385823));
#3968 = CARTESIAN_POINT('',(-4.100432195631,33.660467340232,
    -98.30047413387));
#3969 = CARTESIAN_POINT('',(-4.143400913201,33.702395623007,
    -98.14399565228));
#3970 = CARTESIAN_POINT('',(-4.179584254516,33.745820588068,
    -97.98193147636));
#3971 = CARTESIAN_POINT('',(-4.233399137247,33.829596393582,
    -97.66927591373));
#3972 = CARTESIAN_POINT('',(-4.25277279143,33.869708529757,
    -97.51957538353));
#3973 = CARTESIAN_POINT('',(-4.265755863395,33.910422056081,
    -97.36763043473));
#3974 = CARTESIAN_POINT('',(-4.272015380256,33.951407937539,
    -97.21466904274));
#3975 = CARTESIAN_POINT('',(-4.271463923511,33.992346272155,
    -97.06188509797));
#3976 = CARTESIAN_POINT('',(-4.264241858699,34.032926677033,
    -96.91043696517));
#3977 = CARTESIAN_POINT('',(-4.250704054675,34.072848678814,
    -96.76144602619));
#3978 = CARTESIAN_POINT('',(-4.195408554676,34.184550306888,
    -96.34456987493));
#3979 = CARTESIAN_POINT('',(-4.139469804162,34.253761566001,
    -96.08626993946));
#3980 = CARTESIAN_POINT('',(-4.066853696067,34.318803318389,
    -95.84353081494));
#3981 = CARTESIAN_POINT('',(-3.981039383418,34.379496452911,
    -95.61702095323));
#3982 = CARTESIAN_POINT('',(-3.884958211082,34.435877903533,
    -95.40660251491));
#3983 = CARTESIAN_POINT('',(-3.780960359558,34.488180965925,
    -95.21140482866));
#3984 = CARTESIAN_POINT('',(-3.670573947403,34.536760999142,
    -95.03010167647));
#3985 = CARTESIAN_POINT('',(-3.489567899958,34.607349449685,
    -94.76666199261));
#3986 = CARTESIAN_POINT('',(-3.423000026477,34.631584531566,
    -94.67621543571));
#3987 = CARTESIAN_POINT('',(-3.354910841515,34.654814473765,
    -94.58952011116));
#3988 = CARTESIAN_POINT('',(-3.285462678997,34.677085397739,
    -94.50640389136));
#3989 = CARTESIAN_POINT('',(-3.214795129643,34.698438823645,
    -94.42671182096));
#3990 = CARTESIAN_POINT('',(-3.143027083785,34.718913259215,
    -94.35030018716));
#3991 = CARTESIAN_POINT('',(-3.07025767603,34.738544967991,
    -94.27703365257));
#3992 = CARTESIAN_POINT('',(-2.924641903036,34.775739442449,
    -94.13822198413));
#3993 = CARTESIAN_POINT('',(-2.851846748009,34.793338724184,
    -94.07254057052));
#3994 = CARTESIAN_POINT('',(-2.778259288972,34.81019626122,
    -94.00962738581));
#3995 = CARTESIAN_POINT('',(-2.703949649168,34.826339137536,
    -93.94938135122));
#3996 = CARTESIAN_POINT('',(-2.628979955522,34.841791541599,
    -93.89171219416));
#3997 = CARTESIAN_POINT('',(-2.55340484137,34.856575285959,
    -93.83653850908));
#3998 = CARTESIAN_POINT('',(-2.477271949185,34.870710326843,
    -93.78378581833));
#3999 = CARTESIAN_POINT('',(-2.114964197216,34.934545701639,
    -93.54554895627));
#4000 = CARTESIAN_POINT('',(-1.822346128617,34.976086212813,
    -93.390517658));
#4001 = CARTESIAN_POINT('',(-1.524652541107,35.009857489172,
    -93.26448153879));
#4002 = CARTESIAN_POINT('',(-1.223319553153,35.03637103043,
    -93.16553165573));
#4003 = CARTESIAN_POINT('',(-0.91954987466,35.056023238952,
    -93.09218861504));
#4004 = CARTESIAN_POINT('',(-0.614287572497,35.069049474261,
    -93.04357404304));
#4005 = CARTESIAN_POINT('',(-0.308269580975,35.075590363844,
    -93.01916311079));
#4006 = CARTESIAN_POINT('',(0.317727912081,35.075666848989,
    -93.01887766434));
#4007 = CARTESIAN_POINT('',(0.637166762666,35.068616911461,
    -93.04518838938));
#4008 = CARTESIAN_POINT('',(0.955760293011,35.054504474746,
    -93.09785672024));
#4009 = CARTESIAN_POINT('',(1.272684202599,35.033159009001,
    -93.17751908288));
#4010 = CARTESIAN_POINT('',(1.586855236894,35.004305257855,
    -93.28520274817));
#4011 = CARTESIAN_POINT('',(1.896851731974,34.967462721337,
    -93.42270096632));
#4012 = CARTESIAN_POINT('',(2.200965979389,34.922034591902,
    -93.59224105347));
#4013 = CARTESIAN_POINT('',(2.573599357691,34.852414789422,
    -93.85206569354));
#4014 = CARTESIAN_POINT('',(2.64974305117,34.837423311216,
    -93.90801465189));
#4015 = CARTESIAN_POINT('',(2.725271285108,34.821752034894,
    -93.96650065134));
#4016 = CARTESIAN_POINT('',(2.800130423434,34.80537873933,
    -94.02760662227));
#4017 = CARTESIAN_POINT('',(2.87425848252,34.788279168655,
    -94.09142308882));
#4018 = CARTESIAN_POINT('',(2.947584506681,34.770426418252,
    -94.15805046038));
#4019 = CARTESIAN_POINT('',(3.020027943691,34.751790320754,
    -94.2276013231));
#4020 = CARTESIAN_POINT('',(3.168853753049,34.711281322579,
    -94.37878296245));
#4021 = CARTESIAN_POINT('',(3.245056178531,34.689271626561,
    -94.46092426625));
#4022 = CARTESIAN_POINT('',(3.320000372265,34.666262313955,
    -94.54679618994));
#4023 = CARTESIAN_POINT('',(3.393549636043,34.642205210157,
    -94.63657852359));
#4024 = CARTESIAN_POINT('',(3.465536191236,34.617049757477,
    -94.73045995108));
#4025 = CARTESIAN_POINT('',(3.535759843855,34.590741985446,
    -94.82864189294));
#4026 = CARTESIAN_POINT('',(3.603984621351,34.563222089934,
    -94.93134754121));
#4027 = CARTESIAN_POINT('',(3.66993338115,34.534420621087,
    -95.03883608628));
#4028 = CYLINDRICAL_SURFACE('',#4029,4.266);
#4029 = AXIS2_PLACEMENT_3D('',#4030,#4031,#4032);
#4030 = CARTESIAN_POINT('',(-7.E-15,30.349284010582,-96.16909115896));
#4031 = DIRECTION('',(0.,0.965925826289,-0.258819045103));
#4032 = DIRECTION('',(1.,0.,0.));
#4033 = ADVANCED_FACE('',(#4034),#4069,.F.);
#4034 = FACE_BOUND('',#4035,.F.);
#4035 = EDGE_LOOP('',(#4036,#4062,#4063,#4064));
#4036 = ORIENTED_EDGE('',*,*,#4037,.F.);
#4037 = EDGE_CURVE('',#2386,#4038,#4040,.T.);
#4038 = VERTEX_POINT('',#4039);
#4039 = CARTESIAN_POINT('',(5.016008700282,33.880950474396,
    -97.11539832772));
#4040 = B_SPLINE_CURVE_WITH_KNOTS('',11,(#4041,#4042,#4043,#4044,#4045,
    #4046,#4047,#4048,#4049,#4050,#4051,#4052,#4053,#4054,#4055,#4056,
    #4057,#4058,#4059,#4060,#4061),.UNSPECIFIED.,.F.,.F.,(12,9,12),(0.,
    3.229876839926,6.459753679852),.UNSPECIFIED.);
#4041 = CARTESIAN_POINT('',(5.016005800188,32.432061681137,
    -96.72716974836));
#4042 = CARTESIAN_POINT('',(5.016007618543,32.127144583608,
    -98.12857029786));
#4043 = CARTESIAN_POINT('',(4.566065814309,31.822230654935,
    -99.5299600478));
#4044 = CARTESIAN_POINT('',(3.665630431449,31.557955319111,
    -100.7796799768));
#4045 = CARTESIAN_POINT('',(2.377460622209,31.375057578983,
    -101.7257005728));
#4046 = CARTESIAN_POINT('',(0.823976235513,31.306885570873,
    -102.2435574693));
#4047 = CARTESIAN_POINT('',(-0.823937420648,31.372780112052,
    -102.2610672978));
#4048 = CARTESIAN_POINT('',(-2.377382077401,31.572603504351,
    -101.778751758));
#4049 = CARTESIAN_POINT('',(-3.665861023381,31.887263531969,
    -100.8678586895));
#4050 = CARTESIAN_POINT('',(-4.565954686766,32.283237396324,
    -99.65349852963));
#4051 = CARTESIAN_POINT('',(-5.4660495516,33.156506100195,
    -96.92128395433));
#4052 = CARTESIAN_POINT('',(-4.565953679756,34.029774722186,
    -94.18906968461));
#4053 = CARTESIAN_POINT('',(-3.665856364833,34.425749861164,
    -92.97470476757));
#4054 = CARTESIAN_POINT('',(-2.377409963407,34.740401217967,
    -92.06384405984));
#4055 = CARTESIAN_POINT('',(-0.823900427033,34.940256454539,
    -91.58140967341));
#4056 = CARTESIAN_POINT('',(0.823970899749,35.006088879936,
    -91.59915132471));
#4057 = CARTESIAN_POINT('',(2.377412028504,34.937980291329,
    -92.11677153264));
#4058 = CARTESIAN_POINT('',(3.665698702722,34.755050972384,
    -93.06290998496));
#4059 = CARTESIAN_POINT('',(4.566033682203,34.490781204849,
    -94.31260913184));
#4060 = CARTESIAN_POINT('',(5.016006881177,34.185867571919,
    -95.71399777822));
#4061 = CARTESIAN_POINT('',(5.016008700282,33.880950474396,
    -97.11539832772));
#4062 = ORIENTED_EDGE('',*,*,#2413,.T.);
#4063 = ORIENTED_EDGE('',*,*,#2273,.T.);
#4064 = ORIENTED_EDGE('',*,*,#4065,.F.);
#4065 = EDGE_CURVE('',#4038,#2274,#4066,.T.);
#4066 = B_SPLINE_CURVE_WITH_KNOTS('',1,(#4067,#4068),.UNSPECIFIED.,.F.,
  .F.,(2,2),(0.,0.9375),.PIECEWISE_BEZIER_KNOTS.);
#4067 = CARTESIAN_POINT('',(5.016008700282,33.880950474396,
    -97.11539832772));
#4068 = CARTESIAN_POINT('',(4.204114717768,33.428164553303,
    -96.99407511964));
#4069 = B_SPLINE_SURFACE_WITH_KNOTS('',1,9,(
    (#4070,#4071,#4072,#4073,#4074,#4075,#4076,#4077,#4078,#4079,#4080
      ,#4081,#4082,#4083,#4084,#4085,#4086,#4087,#4088,#4089,#4090,#4091
      ,#4092,#4093,#4094,#4095,#4096,#4097,#4098,#4099,#4100)
    ,(#4101,#4102,#4103,#4104,#4105,#4106,#4107,#4108,#4109,#4110,#4111
      ,#4112,#4113,#4114,#4115,#4116,#4117,#4118,#4119,#4120,#4121,#4122
      ,#4123,#4124,#4125,#4126,#4127,#4128,#4129,#4130,#4131
  )),.UNSPECIFIED.,.F.,.F.,.F.,(2,2),(10,7,7,7,10),(0.,0.9375),(0.,
    1.614938419963,3.229876839926,4.844815259889,6.459753679852),
  .UNSPECIFIED.);
#4070 = CARTESIAN_POINT('',(5.016005800188,32.432061681137,
    -96.72716974836));
#4071 = CARTESIAN_POINT('',(5.016006911405,32.245723454869,
    -97.58358119528));
#4072 = CARTESIAN_POINT('',(4.844154555661,32.059386438929,
    -98.43998851736));
#4073 = CARTESIAN_POINT('',(4.500314791588,31.883028078869,
    -99.2591540302));
#4074 = CARTESIAN_POINT('',(3.994710077404,31.726642564117,
    -100.0037801155));
#4075 = CARTESIAN_POINT('',(3.347525878761,31.599383961416,
    -100.6397034471));
#4076 = CARTESIAN_POINT('',(2.587797455793,31.508775046258,
    -101.1388482818));
#4077 = CARTESIAN_POINT('',(1.750920220643,31.460041894329,
    -101.4817106032));
#4078 = CARTESIAN_POINT('',(9.31723107192E-06,31.451555579734,
    -101.835357277));
#4079 = CARTESIAN_POINT('',(-1.750915613216,31.621029206946,
    -101.524848263));
#4080 = CARTESIAN_POINT('',(-2.587806314598,31.750255897612,
    -101.2035552614));
#4081 = CARTESIAN_POINT('',(-3.347551578229,31.92135955364,
    -100.7259753572));
#4082 = CARTESIAN_POINT('',(-3.994737143255,32.129110872302,
    -100.1116245682));
#4083 = CARTESIAN_POINT('',(-4.50032309535,32.365993384107,
    -99.38855468094));
#4084 = CARTESIAN_POINT('',(-4.844108962425,32.622841889004,
    -98.59097065144));
#4085 = CARTESIAN_POINT('',(-5.187895080134,33.156506087543,
    -96.92128400155));
#4086 = CARTESIAN_POINT('',(-4.844108347029,33.690170254809,
    -95.25159746837));
#4087 = CARTESIAN_POINT('',(-4.500322486155,33.947018710107,
    -94.45401362398));
#4088 = CARTESIAN_POINT('',(-3.994738017382,34.183901304145,
    -93.73094342976));
#4089 = CARTESIAN_POINT('',(-3.347553185406,34.391652943811,
    -93.11659144276));
#4090 = CARTESIAN_POINT('',(-2.587807090966,34.562756723089,
    -92.6390110786));
#4091 = CARTESIAN_POINT('',(-1.750915756114,34.691982972974,
    -92.31771972206));
#4092 = CARTESIAN_POINT('',(9.33350331886E-06,34.861455913456,
    -92.00721327097));
#4093 = CARTESIAN_POINT('',(1.750920077744,34.852969865966,
    -92.36085894788));
#4094 = CARTESIAN_POINT('',(2.587797923797,34.804237299928,
    -92.70371908258));
#4095 = CARTESIAN_POINT('',(3.347526081206,34.713629066699,
    -93.20286137275));
#4096 = CARTESIAN_POINT('',(3.994717769106,34.586371557511,
    -93.83878062257));
#4097 = CARTESIAN_POINT('',(4.500316440937,34.429982495831,
    -94.5834199459));
#4098 = CARTESIAN_POINT('',(4.844142408232,34.253625603641,
    -95.40257998022));
#4099 = CARTESIAN_POINT('',(5.016007588607,34.06728870066,-96.2589868808
    ));
#4100 = CARTESIAN_POINT('',(5.016008700282,33.880950474396,
    -97.11539832772));
#4101 = CARTESIAN_POINT('',(4.204110206487,31.979278490046,
    -96.60584713385));
#4102 = CARTESIAN_POINT('',(4.204111888045,31.82960660298,
    -97.32541381202));
#4103 = CARTESIAN_POINT('',(4.060074255862,31.679952774484,
    -98.04489359444));
#4104 = CARTESIAN_POINT('',(3.77191113539,31.538659253991,
    -98.73321995105));
#4105 = CARTESIAN_POINT('',(3.348118914342,31.414095231045,
    -99.35909871706));
#4106 = CARTESIAN_POINT('',(2.805684076197,31.313952167847,
    -99.89381926289));
#4107 = CARTESIAN_POINT('',(2.168931313095,31.244520847392,
    -100.3139220376));
#4108 = CARTESIAN_POINT('',(1.467514405226,31.21018923568,
    -100.6030327883));
#4109 = CARTESIAN_POINT('',(9.19799667203E-06,31.216104701434,
    -100.9029292017));
#4110 = CARTESIAN_POINT('',(-1.467512846794,31.371177590554,
    -100.6461696543));
#4111 = CARTESIAN_POINT('',(-2.16894617496,31.486003138751,
    -100.3786256948));
#4112 = CARTESIAN_POINT('',(-2.805715956649,31.635926581965,
    -99.98009163588));
#4113 = CARTESIAN_POINT('',(-3.348144216782,31.816564060167,
    -99.46692854743));
#4114 = CARTESIAN_POINT('',(-3.771895418755,32.021617301578,
    -98.8626448604));
#4115 = CARTESIAN_POINT('',(-4.060036835992,32.243406680699,
    -98.19590312188));
#4116 = CARTESIAN_POINT('',(-4.348177918841,32.703721714185,
    -96.79996040828));
#4117 = CARTESIAN_POINT('',(-4.060035643611,33.164036687077,
    -95.40401792082));
#4118 = CARTESIAN_POINT('',(-3.771894123651,33.385825977096,
    -94.73727651483));
#4119 = CARTESIAN_POINT('',(-3.348145127064,33.590879328854,
    -94.13299241598));
#4120 = CARTESIAN_POINT('',(-2.805717920337,33.77151728391,
    -93.61982754789));
#4121 = CARTESIAN_POINT('',(-2.168946778387,33.921440892442,
    -93.22129287193));
#4122 = CARTESIAN_POINT('',(-1.467512418656,34.036265725894,
    -92.95375157988));
#4123 = CARTESIAN_POINT('',(9.91989452426E-06,34.191337485913,
    -92.69699624636));
#4124 = CARTESIAN_POINT('',(1.467514833361,34.197253306319,
    -92.99689133622));
#4125 = CARTESIAN_POINT('',(2.168932645367,34.162922576916,
    -93.28599879386));
#4126 = CARTESIAN_POINT('',(2.805684927493,34.093492290839,
    -93.70609770898));
#4127 = CARTESIAN_POINT('',(3.34813132874,33.993350906181,
    -94.24081198928));
#4128 = CARTESIAN_POINT('',(3.771914048543,33.868781348196,
    -94.8667114134));
#4129 = CARTESIAN_POINT('',(4.060055594877,33.727490099115,
    -95.55502929244));
#4130 = CARTESIAN_POINT('',(4.204113058998,33.577836440363,
    -96.27450844147));
#4131 = CARTESIAN_POINT('',(4.204114717768,33.428164553303,
    -96.99407511964));
#4132 = ADVANCED_FACE('',(#4133),#4218,.F.);
#4133 = FACE_BOUND('',#4134,.F.);
#4134 = EDGE_LOOP('',(#4135,#4136,#4137,#4173));
#4135 = ORIENTED_EDGE('',*,*,#3701,.F.);
#4136 = ORIENTED_EDGE('',*,*,#2522,.T.);
#4137 = ORIENTED_EDGE('',*,*,#4138,.T.);
#4138 = EDGE_CURVE('',#2487,#4139,#4141,.T.);
#4139 = VERTEX_POINT('',#4140);
#4140 = CARTESIAN_POINT('',(4.634190858168,34.468320345982,
    -95.28552567136));
#4141 = B_SPLINE_CURVE_WITH_KNOTS('',9,(#4142,#4143,#4144,#4145,#4146,
    #4147,#4148,#4149,#4150,#4151,#4152,#4153,#4154,#4155,#4156,#4157,
    #4158,#4159,#4160,#4161,#4162,#4163,#4164,#4165,#4166,#4167,#4168,
    #4169,#4170,#4171,#4172),.UNSPECIFIED.,.F.,.F.,(10,7,7,7,10),(0.,
    1.614938419963,3.229876839926,4.844815259889,6.459753679852),
  .UNSPECIFIED.);
#4142 = CARTESIAN_POINT('',(5.016004511257,32.613172773562,
    -96.77569831932));
#4143 = CARTESIAN_POINT('',(5.016005375741,32.426834620057,
    -97.63210949468));
#4144 = CARTESIAN_POINT('',(4.844151650482,32.24049768945,
    -98.48851649825));
#4145 = CARTESIAN_POINT('',(4.500313530123,32.064139562047,
    -99.30768114281));
#4146 = CARTESIAN_POINT('',(3.994709649889,31.9077537163,-100.0523084635
    ));
#4147 = CARTESIAN_POINT('',(3.34752482716,31.780495288861,
    -100.6882311409));
#4148 = CARTESIAN_POINT('',(2.587796677885,31.689886491443,
    -101.1873755363));
#4149 = CARTESIAN_POINT('',(1.75091964377,31.641153433129,
    -101.5302375082));
#4150 = CARTESIAN_POINT('',(9.32054838774E-06,31.63266717666,
    -101.8838839651));
#4151 = CARTESIAN_POINT('',(-1.750915065286,31.802140698859,
    -101.573375343));
#4152 = CARTESIAN_POINT('',(-2.587805568345,31.931367311907,
    -101.2520826311));
#4153 = CARTESIAN_POINT('',(-3.347550680398,32.102470939542,
    -100.7745028329));
#4154 = CARTESIAN_POINT('',(-3.994735956276,32.310222240016,
    -100.1601521118));
#4155 = CARTESIAN_POINT('',(-4.500321581381,32.547104697757,
    -99.43708242626));
#4156 = CARTESIAN_POINT('',(-4.844107337587,32.803953127544,
    -98.63949867708));
#4157 = CARTESIAN_POINT('',(-5.187893413759,33.337617177025,
    -96.96981258348));
#4158 = CARTESIAN_POINT('',(-4.844106859964,33.871281202234,
    -95.30012658047));
#4159 = CARTESIAN_POINT('',(-4.500321109068,34.128129593495,
    -94.50254297506));
#4160 = CARTESIAN_POINT('',(-3.9947366381,34.36501211527,-93.77947305053
    ));
#4161 = CARTESIAN_POINT('',(-3.347551932747,34.572763665513,
    -93.16512139725));
#4162 = CARTESIAN_POINT('',(-2.587806174805,34.743867389123,
    -92.68754124086));
#4163 = CARTESIAN_POINT('',(-1.750915179246,34.873093659468,
    -92.36624980796));
#4164 = CARTESIAN_POINT('',(9.33018694255E-06,35.042566647807,
    -92.05574317828));
#4165 = CARTESIAN_POINT('',(1.750919529809,35.03408059935,
    -92.40938885879));
#4166 = CARTESIAN_POINT('',(2.58779703927,34.985347996855,
    -92.75224912955));
#4167 = CARTESIAN_POINT('',(3.347524982295,34.89473972994,
    -93.25139154539));
#4168 = CARTESIAN_POINT('',(3.994715630376,34.767482153108,
    -93.88731104772));
#4169 = CARTESIAN_POINT('',(4.500314811445,34.611093548716,
    -94.63194866438));
#4170 = CARTESIAN_POINT('',(4.844142201463,34.434736563041,
    -95.45110904767));
#4171 = CARTESIAN_POINT('',(5.016005901944,34.248399720317,
    -96.30751572332));
#4172 = CARTESIAN_POINT('',(5.016006766886,34.062061566815,
    -97.16392689867));
#4173 = ORIENTED_EDGE('',*,*,#4174,.F.);
#4174 = EDGE_CURVE('',#3702,#4139,#4175,.T.);
#4175 = B_SPLINE_CURVE_WITH_KNOTS('',6,(#4176,#4177,#4178,#4179,#4180,
    #4181,#4182,#4183,#4184,#4185,#4186,#4187,#4188,#4189,#4190,#4191,
    #4192,#4193,#4194,#4195,#4196,#4197,#4198,#4199,#4200,#4201,#4202,
    #4203,#4204,#4205,#4206,#4207,#4208,#4209,#4210,#4211,#4212,#4213,
    #4214,#4215,#4216,#4217),.UNSPECIFIED.,.F.,.F.,(7,5,5,5,5,5,5,5,7),(
    0.,9.047897624914E-02,0.253219091278,0.428489841479,0.572234099352,
    0.712424632886,0.802163444948,0.900581458201,1.),.UNSPECIFIED.);
#4176 = CARTESIAN_POINT('',(-2.535793684413,34.859268542253,
    -93.82648713975));
#4177 = CARTESIAN_POINT('',(-2.433164168802,34.88319545334,
    -93.73719069191));
#4178 = CARTESIAN_POINT('',(-2.328944182362,34.905615067694,
    -93.65351955205));
#4179 = CARTESIAN_POINT('',(-2.22335969731,34.926621200643,
    -93.57512359662));
#4180 = CARTESIAN_POINT('',(-2.116594632704,34.946289104695,
    -93.50172197942));
#4181 = CARTESIAN_POINT('',(-2.008796206452,34.964681221122,
    -93.43308166645));
#4182 = CARTESIAN_POINT('',(-1.704538273909,35.012738848301,
    -93.25372816013));
#4183 = CARTESIAN_POINT('',(-1.50605718379,35.039671680471,
    -93.15321346208));
#4184 = CARTESIAN_POINT('',(-1.305305494528,35.062971990666,
    -93.0662555206));
#4185 = CARTESIAN_POINT('',(-1.102799241977,35.082844494842,
    -92.99209032534));
#4186 = CARTESIAN_POINT('',(-0.898946624471,35.099450958099,
    -92.93011416073));
#4187 = CARTESIAN_POINT('',(-0.473369274536,35.127395555159,
    -92.82582350471));
#4188 = CARTESIAN_POINT('',(-0.251510057055,35.138227599916,
    -92.78539776332));
#4189 = CARTESIAN_POINT('',(-2.88703432763E-02,35.145544728038,
    -92.75808986941));
#4190 = CARTESIAN_POINT('',(0.194186049906,35.149427588412,
    -92.74359883721));
#4191 = CARTESIAN_POINT('',(0.417324570024,35.149920820207,
    -92.74175807109));
#4192 = CARTESIAN_POINT('',(0.823055056252,35.144652012314,
    -92.76142152985));
#4193 = CARTESIAN_POINT('',(1.005710983664,35.139999439928,
    -92.77878516638));
#4194 = CARTESIAN_POINT('',(1.188031583614,35.133069278124,
    -92.80464888233));
#4195 = CARTESIAN_POINT('',(1.369832362056,35.123845725842,
    -92.83907164807));
#4196 = CARTESIAN_POINT('',(1.550916534648,35.11229415897,
    -92.88218268255));
#4197 = CARTESIAN_POINT('',(1.906775867465,35.084768414835,
    -92.98491015818));
#4198 = CARTESIAN_POINT('',(2.081587593801,35.068911163568,
    -93.04409022557));
#4199 = CARTESIAN_POINT('',(2.255317749939,35.050735296645,
    -93.1119234844));
#4200 = CARTESIAN_POINT('',(2.427735972276,35.03016921274,
    -93.18867715445));
#4201 = CARTESIAN_POINT('',(2.598571313146,35.007121463539,
    -93.27469252546));
#4202 = CARTESIAN_POINT('',(2.87563850635,34.965040959443,
    -93.43173910476));
#4203 = CARTESIAN_POINT('',(2.982990795771,34.947548861983,
    -93.49702050121));
#4204 = CARTESIAN_POINT('',(3.089474434785,34.928954713825,
    -93.56641480686));
#4205 = CARTESIAN_POINT('',(3.194988683997,34.909220606337,
    -93.64006349865));
#4206 = CARTESIAN_POINT('',(3.299414963943,34.888302040103,
    -93.71813265065));
#4207 = CARTESIAN_POINT('',(3.51579614202,34.841846579827,
    -93.89150678869));
#4208 = CARTESIAN_POINT('',(3.627494728734,34.816060246822,
    -93.98774269361));
#4209 = CARTESIAN_POINT('',(3.737536053876,34.788715051123,
    -94.0897963533));
#4210 = CARTESIAN_POINT('',(3.845691076757,34.759729635398,
    -94.19797139747));
#4211 = CARTESIAN_POINT('',(3.951675738328,34.729012106067,
    -94.31261077761));
#4212 = CARTESIAN_POINT('',(4.159649402773,34.663550891451,
    -94.55691535648));
#4213 = CARTESIAN_POINT('',(4.261563250474,34.628776784984,
    -94.68669408861));
#4214 = CARTESIAN_POINT('',(4.360539021125,34.592000321091,
    -94.82394572038));
#4215 = CARTESIAN_POINT('',(4.456086963111,34.553091267414,
    -94.96915628557));
#4216 = CARTESIAN_POINT('',(4.547574204427,34.511917013881,
    -95.12282069173));
#4217 = CARTESIAN_POINT('',(4.634190858167,34.468320345982,
    -95.28552567136));
#4218 = B_SPLINE_SURFACE_WITH_KNOTS('',1,9,(
    (#4219,#4220,#4221,#4222,#4223,#4224,#4225,#4226,#4227,#4228,#4229
      ,#4230,#4231,#4232,#4233,#4234,#4235,#4236,#4237,#4238,#4239,#4240
      ,#4241,#4242,#4243,#4244,#4245,#4246,#4247,#4248,#4249)
    ,(#4250,#4251,#4252,#4253,#4254,#4255,#4256,#4257,#4258,#4259,#4260
      ,#4261,#4262,#4263,#4264,#4265,#4266,#4267,#4268,#4269,#4270,#4271
      ,#4272,#4273,#4274,#4275,#4276,#4277,#4278,#4279,#4280
  )),.UNSPECIFIED.,.F.,.F.,.F.,(2,2),(10,7,7,7,10),(0.,0.9375),(0.,
    1.614938419963,3.229876839926,4.844815259889,6.459753679852),
  .UNSPECIFIED.);
#4219 = CARTESIAN_POINT('',(4.204102472902,33.065945044595,
    -96.89701855958));
#4220 = CARTESIAN_POINT('',(4.204102674059,32.916273594107,
    -97.61658360839));
#4221 = CARTESIAN_POINT('',(4.060056824789,32.766620277615,
    -98.33606147974));
#4222 = CARTESIAN_POINT('',(3.771903566601,32.625328153058,
    -99.02438262671));
#4223 = CARTESIAN_POINT('',(3.348116349251,32.500762144141,
    -99.65026880505));
#4224 = CARTESIAN_POINT('',(2.805677766592,32.40062013252,
    -100.1849854257));
#4225 = CARTESIAN_POINT('',(2.168926645646,32.331189518497,
    -100.6050855643));
#4226 = CARTESIAN_POINT('',(1.46751094399,32.296858468479,
    -100.8941942186));
#4227 = CARTESIAN_POINT('',(9.21790026473E-06,32.30277428299,
    -101.1940893304));
#4228 = CARTESIAN_POINT('',(-1.467509559214,32.457846542031,
    -100.9373321346));
#4229 = CARTESIAN_POINT('',(-2.168941697446,32.572671624525,
    -100.6697899131));
#4230 = CARTESIAN_POINT('',(-2.805710569663,32.722594897376,
    -100.2712564899));
#4231 = CARTESIAN_POINT('',(-3.348137094909,32.903232266454,
    -99.75809380875));
#4232 = CARTESIAN_POINT('',(-3.771886334941,33.108285183477,
    -99.15381133233));
#4233 = CARTESIAN_POINT('',(-4.060027086964,33.330074111938,
    -98.48707127569));
#4234 = CARTESIAN_POINT('',(-4.348167920588,33.790388251074,
    -97.09113189986));
#4235 = CARTESIAN_POINT('',(-4.060026721221,34.250702371624,
    -95.6951925934));
#4236 = CARTESIAN_POINT('',(-3.771885861128,34.472491277426,
    -95.02845262133));
#4237 = CARTESIAN_POINT('',(-3.348136851372,34.67754419561,
    -94.42417014057));
#4238 = CARTESIAN_POINT('',(-2.805710404388,34.858181614118,
    -93.91100727488));
#4239 = CARTESIAN_POINT('',(-2.168941281421,35.008104888642,
    -93.51247384546));
#4240 = CARTESIAN_POINT('',(-1.467508957451,35.122929844854,
    -93.2449320953));
#4241 = CARTESIAN_POINT('',(9.89999654669E-06,35.278001892016,
    -92.9881756902));
#4242 = CARTESIAN_POINT('',(1.467511545752,35.283917706621,
    -93.28807080169));
#4243 = CARTESIAN_POINT('',(2.168927338206,35.249586758478,
    -93.5771790757));
#4244 = CARTESIAN_POINT('',(2.805678334019,35.180156270283,
    -93.99727874477));
#4245 = CARTESIAN_POINT('',(3.348118496363,35.080014479769,
    -94.53199454017));
#4246 = CARTESIAN_POINT('',(3.771904271591,34.955447665506,
    -95.15788372425));
#4247 = CARTESIAN_POINT('',(4.060054354268,34.814155855512,
    -95.84620369718));
#4248 = CARTESIAN_POINT('',(4.204102939022,34.664502558307,
    -96.56568149657));
#4249 = CARTESIAN_POINT('',(4.204103117391,34.514831107819,
    -97.28524654537));
#4250 = CARTESIAN_POINT('',(5.016004511257,32.613172773562,
    -96.77569831932));
#4251 = CARTESIAN_POINT('',(5.016005375741,32.426834620057,
    -97.63210949468));
#4252 = CARTESIAN_POINT('',(4.844151650482,32.24049768945,
    -98.48851649825));
#4253 = CARTESIAN_POINT('',(4.500313530123,32.064139562047,
    -99.30768114281));
#4254 = CARTESIAN_POINT('',(3.994709649889,31.9077537163,-100.0523084635
    ));
#4255 = CARTESIAN_POINT('',(3.34752482716,31.780495288861,
    -100.6882311409));
#4256 = CARTESIAN_POINT('',(2.587796677885,31.689886491443,
    -101.1873755363));
#4257 = CARTESIAN_POINT('',(1.75091964377,31.641153433129,
    -101.5302375082));
#4258 = CARTESIAN_POINT('',(9.32054838774E-06,31.63266717666,
    -101.8838839651));
#4259 = CARTESIAN_POINT('',(-1.750915065286,31.802140698859,
    -101.573375343));
#4260 = CARTESIAN_POINT('',(-2.587805568345,31.931367311907,
    -101.2520826311));
#4261 = CARTESIAN_POINT('',(-3.347550680398,32.102470939542,
    -100.7745028329));
#4262 = CARTESIAN_POINT('',(-3.994735956276,32.310222240016,
    -100.1601521118));
#4263 = CARTESIAN_POINT('',(-4.500321581381,32.547104697757,
    -99.43708242626));
#4264 = CARTESIAN_POINT('',(-4.844107337587,32.803953127544,
    -98.63949867708));
#4265 = CARTESIAN_POINT('',(-5.187893413759,33.337617177025,
    -96.96981258348));
#4266 = CARTESIAN_POINT('',(-4.844106859964,33.871281202234,
    -95.30012658047));
#4267 = CARTESIAN_POINT('',(-4.500321109068,34.128129593495,
    -94.50254297506));
#4268 = CARTESIAN_POINT('',(-3.9947366381,34.36501211527,-93.77947305053
    ));
#4269 = CARTESIAN_POINT('',(-3.347551932747,34.572763665513,
    -93.16512139725));
#4270 = CARTESIAN_POINT('',(-2.587806174805,34.743867389123,
    -92.68754124086));
#4271 = CARTESIAN_POINT('',(-1.750915179246,34.873093659468,
    -92.36624980796));
#4272 = CARTESIAN_POINT('',(9.33018694255E-06,35.042566647807,
    -92.05574317828));
#4273 = CARTESIAN_POINT('',(1.750919529809,35.03408059935,
    -92.40938885879));
#4274 = CARTESIAN_POINT('',(2.58779703927,34.985347996855,
    -92.75224912955));
#4275 = CARTESIAN_POINT('',(3.347524982295,34.89473972994,
    -93.25139154539));
#4276 = CARTESIAN_POINT('',(3.994715630376,34.767482153108,
    -93.88731104772));
#4277 = CARTESIAN_POINT('',(4.500314811445,34.611093548716,
    -94.63194866438));
#4278 = CARTESIAN_POINT('',(4.844142201463,34.434736563041,
    -95.45110904767));
#4279 = CARTESIAN_POINT('',(5.016005901944,34.248399720317,
    -96.30751572332));
#4280 = CARTESIAN_POINT('',(5.016006766886,34.062061566815,
    -97.16392689867));
#4281 = ADVANCED_FACE('',(#4282),#4309,.F.);
#4282 = FACE_BOUND('',#4283,.F.);
#4283 = EDGE_LOOP('',(#4284,#4285,#4286,#4287,#4294));
#4284 = ORIENTED_EDGE('',*,*,#4138,.F.);
#4285 = ORIENTED_EDGE('',*,*,#2596,.T.);
#4286 = ORIENTED_EDGE('',*,*,#4037,.T.);
#4287 = ORIENTED_EDGE('',*,*,#4288,.F.);
#4288 = EDGE_CURVE('',#4289,#4038,#4291,.T.);
#4289 = VERTEX_POINT('',#4290);
#4290 = CARTESIAN_POINT('',(5.016007733586,33.971505861205,
    -97.13966257049));
#4291 = B_SPLINE_CURVE_WITH_KNOTS('',1,(#4292,#4293),.UNSPECIFIED.,.F.,
  .F.,(2,2),(0.,0.1875),.PIECEWISE_BEZIER_KNOTS.);
#4292 = CARTESIAN_POINT('',(5.016006766886,34.062061566815,
    -97.16392689867));
#4293 = CARTESIAN_POINT('',(5.016008700282,33.880950474396,
    -97.11539832772));
#4294 = ORIENTED_EDGE('',*,*,#4295,.F.);
#4295 = EDGE_CURVE('',#4139,#4289,#4296,.T.);
#4296 = B_SPLINE_CURVE_WITH_KNOTS('',6,(#4297,#4298,#4299,#4300,#4301,
    #4302,#4303,#4304,#4305,#4306,#4307,#4308),.UNSPECIFIED.,.F.,.F.,(7,
    5,7),(0.,0.473016760686,1.),.UNSPECIFIED.);
#4297 = CARTESIAN_POINT('',(4.634190896003,34.468320347604,
    -95.28552566531));
#4298 = CARTESIAN_POINT('',(4.687018332329,34.435312061361,
    -95.40871426664));
#4299 = CARTESIAN_POINT('',(4.736860842238,34.401084782294,
    -95.53645221112));
#4300 = CARTESIAN_POINT('',(4.783361062816,34.365595576396,
    -95.66889973065));
#4301 = CARTESIAN_POINT('',(4.826056767197,34.328826679568,
    -95.80612312175));
#4302 = CARTESIAN_POINT('',(4.864420245081,34.290797961658,
    -95.94804822914));
#4303 = CARTESIAN_POINT('',(4.935194766572,34.207886384542,
    -96.25747844747));
#4304 = CARTESIAN_POINT('',(4.966431914019,34.162713483493,
    -96.42606600931));
#4305 = CARTESIAN_POINT('',(4.99081949383,34.116187964738,
    -96.59970160916));
#4306 = CARTESIAN_POINT('',(5.007561972429,34.068542889786,
    -96.77751544961));
#4307 = CARTESIAN_POINT('',(5.01600748454,34.020137875956,
    -96.95816542056));
#4308 = CARTESIAN_POINT('',(5.016007733586,33.971505861205,
    -97.13966257049));
#4309 = B_SPLINE_SURFACE_WITH_KNOTS('',1,11,(
    (#4310,#4311,#4312,#4313,#4314,#4315,#4316,#4317,#4318,#4319,#4320
      ,#4321,#4322,#4323,#4324,#4325,#4326,#4327,#4328,#4329,#4330)
    ,(#4331,#4332,#4333,#4334,#4335,#4336,#4337,#4338,#4339,#4340,#4341
      ,#4342,#4343,#4344,#4345,#4346,#4347,#4348,#4349,#4350,#4351
  )),.UNSPECIFIED.,.F.,.F.,.F.,(2,2),(12,9,12),(0.,0.1875),(0.,
    3.229876839926,6.459753679852),.UNSPECIFIED.);
#4310 = CARTESIAN_POINT('',(5.016004511257,32.613172773562,
    -96.77569831932));
#4311 = CARTESIAN_POINT('',(5.016005925867,32.308255795099,
    -98.17709842445));
#4312 = CARTESIAN_POINT('',(4.566060778242,32.003342018407,
    -99.57848760709));
#4313 = CARTESIAN_POINT('',(3.665636841176,31.739067407232,
    -100.8282048319));
#4314 = CARTESIAN_POINT('',(2.377454460181,31.556166238092,
    -101.7742382252));
#4315 = CARTESIAN_POINT('',(0.823975380245,31.488001319639,
    -102.2920686622));
#4316 = CARTESIAN_POINT('',(-0.823933044327,31.553888958785,
    -102.30960425));
#4317 = CARTESIAN_POINT('',(-2.377384410647,31.753715846327,
    -101.8272756655));
#4318 = CARTESIAN_POINT('',(-3.665859327075,32.06837483044,
    -100.9163864915));
#4319 = CARTESIAN_POINT('',(-4.565953107435,32.464348730324,
    -99.70202619901));
#4320 = CARTESIAN_POINT('',(-5.466047795881,33.337617186844,
    -96.96981254683));
#4321 = CARTESIAN_POINT('',(-4.565952325871,34.210885579816,
    -94.23759913183));
#4322 = CARTESIAN_POINT('',(-3.665855706169,34.606860471207,
    -93.02323513879));
#4323 = CARTESIAN_POINT('',(-2.37740610273,34.921512711549,
    -92.11237113359));
#4324 = CARTESIAN_POINT('',(-0.823904274786,35.121364367089,
    -91.62995011187));
#4325 = CARTESIAN_POINT('',(0.823971226939,35.187203694214,
    -91.64766600545));
#4326 = CARTESIAN_POINT('',(2.377416662111,35.11908810227,
    -92.16531235048));
#4327 = CARTESIAN_POINT('',(3.665689938645,34.936162372025,
    -93.11143740905));
#4328 = CARTESIAN_POINT('',(4.566035784938,34.671892091875,
    -94.36113846948));
#4329 = CARTESIAN_POINT('',(5.016005351527,34.366978545273,
    -95.76252679355));
#4330 = CARTESIAN_POINT('',(5.016006766886,34.062061566815,
    -97.16392689867));
#4331 = CARTESIAN_POINT('',(5.016005800188,32.432061681137,
    -96.72716974836));
#4332 = CARTESIAN_POINT('',(5.016007618543,32.127144583608,
    -98.12857029786));
#4333 = CARTESIAN_POINT('',(4.566065814309,31.822230654935,
    -99.5299600478));
#4334 = CARTESIAN_POINT('',(3.665630431449,31.557955319111,
    -100.7796799768));
#4335 = CARTESIAN_POINT('',(2.377460622209,31.375057578983,
    -101.7257005728));
#4336 = CARTESIAN_POINT('',(0.823976235513,31.306885570873,
    -102.2435574693));
#4337 = CARTESIAN_POINT('',(-0.823937420648,31.372780112052,
    -102.2610672978));
#4338 = CARTESIAN_POINT('',(-2.377382077401,31.572603504351,
    -101.778751758));
#4339 = CARTESIAN_POINT('',(-3.665861023381,31.887263531969,
    -100.8678586895));
#4340 = CARTESIAN_POINT('',(-4.565954686766,32.283237396324,
    -99.65349852963));
#4341 = CARTESIAN_POINT('',(-5.4660495516,33.156506100195,
    -96.92128395433));
#4342 = CARTESIAN_POINT('',(-4.565953679756,34.029774722186,
    -94.18906968461));
#4343 = CARTESIAN_POINT('',(-3.665856364833,34.425749861164,
    -92.97470476757));
#4344 = CARTESIAN_POINT('',(-2.377409963407,34.740401217967,
    -92.06384405984));
#4345 = CARTESIAN_POINT('',(-0.823900427033,34.940256454539,
    -91.58140967341));
#4346 = CARTESIAN_POINT('',(0.823970899749,35.006088879936,
    -91.59915132471));
#4347 = CARTESIAN_POINT('',(2.377412028504,34.937980291329,
    -92.11677153264));
#4348 = CARTESIAN_POINT('',(3.665698702722,34.755050972384,
    -93.06290998496));
#4349 = CARTESIAN_POINT('',(4.566033682203,34.490781204849,
    -94.31260913184));
#4350 = CARTESIAN_POINT('',(5.016006881177,34.185867571919,
    -95.71399777822));
#4351 = CARTESIAN_POINT('',(5.016008700282,33.880950474396,
    -97.11539832772));
#4352 = ADVANCED_FACE('',(#4353,#4370),#4444,.F.);
#4353 = FACE_BOUND('',#4354,.F.);
#4354 = EDGE_LOOP('',(#4355,#4356,#4363,#4369));
#4355 = ORIENTED_EDGE('',*,*,#2854,.T.);
#4356 = ORIENTED_EDGE('',*,*,#4357,.T.);
#4357 = EDGE_CURVE('',#2855,#4358,#4360,.T.);
#4358 = VERTEX_POINT('',#4359);
#4359 = CARTESIAN_POINT('',(-10.42434910324,25.166604983954,-130.));
#4360 = B_SPLINE_CURVE_WITH_KNOTS('',1,(#4361,#4362),.UNSPECIFIED.,.F.,
  .F.,(2,2),(0.,1.),.PIECEWISE_BEZIER_KNOTS.);
#4361 = CARTESIAN_POINT('',(-24.85281374238,60.,0.));
#4362 = CARTESIAN_POINT('',(-10.42434910324,25.166604983954,-130.));
#4363 = ORIENTED_EDGE('',*,*,#4364,.F.);
#4364 = EDGE_CURVE('',#3602,#4358,#4365,.T.);
#4365 = LINE('',#4366,#4367);
#4366 = CARTESIAN_POINT('',(24.852813742386,25.166604983954,-130.));
#4367 = VECTOR('',#4368,1.);
#4368 = DIRECTION('',(-1.,-1.4E-16,0.));
#4369 = ORIENTED_EDGE('',*,*,#3601,.F.);
#4370 = FACE_BOUND('',#4371,.F.);
#4371 = EDGE_LOOP('',(#4372,#4373,#4374,#4375,#4397));
#4372 = ORIENTED_EDGE('',*,*,#3898,.T.);
#4373 = ORIENTED_EDGE('',*,*,#4174,.T.);
#4374 = ORIENTED_EDGE('',*,*,#4295,.T.);
#4375 = ORIENTED_EDGE('',*,*,#4376,.T.);
#4376 = EDGE_CURVE('',#4289,#4377,#4379,.T.);
#4377 = VERTEX_POINT('',#4378);
#4378 = CARTESIAN_POINT('',(4.634199390378,33.474692470145,
    -98.9937953878));
#4379 = B_SPLINE_CURVE_WITH_KNOTS('',6,(#4380,#4381,#4382,#4383,#4384,
    #4385,#4386,#4387,#4388,#4389,#4390,#4391,#4392,#4393,#4394,#4395,
    #4396),.UNSPECIFIED.,.F.,.F.,(7,5,5,7),(0.,0.116062296744,
    0.656898499422,1.),.UNSPECIFIED.);
#4380 = CARTESIAN_POINT('',(5.016007733586,33.971505861205,
    -97.13966257049));
#4381 = CARTESIAN_POINT('',(5.016007796153,33.961133390297,
    -97.17837315891));
#4382 = CARTESIAN_POINT('',(5.015623727167,33.950749630614,
    -97.21712587763));
#4383 = CARTESIAN_POINT('',(5.014853924574,33.940359259079,
    -97.2559032721));
#4384 = CARTESIAN_POINT('',(5.013697747035,33.929967006529,
    -97.29468768663));
#4385 = CARTESIAN_POINT('',(5.012155513927,33.919577657716,
    -97.33346126426));
#4386 = CARTESIAN_POINT('',(5.001248914223,33.860819026236,
    -97.55275146232));
#4387 = CARTESIAN_POINT('',(4.983907923986,33.812576569708,
    -97.73279476116));
#4388 = CARTESIAN_POINT('',(4.958330025459,33.765034551716,
    -97.9102239878));
#4389 = CARTESIAN_POINT('',(4.925158023732,33.718602252533,
    -98.08351168747));
#4390 = CARTESIAN_POINT('',(4.885241731015,33.673567974241,
    -98.25158190214));
#4391 = CARTESIAN_POINT('',(4.810463546685,33.602556920537,
    -98.51659876246));
#4392 = CARTESIAN_POINT('',(4.779080805925,33.575624565831,
    -98.61711167859));
#4393 = CARTESIAN_POINT('',(4.74555895832,33.549360482516,
    -98.71513057194));
#4394 = CARTESIAN_POINT('',(4.710111580328,33.523783181433,
    -98.8105863591));
#4395 = CARTESIAN_POINT('',(4.672935583663,33.498896242547,
    -98.90346567946));
#4396 = CARTESIAN_POINT('',(4.634199390378,33.474692470145,
    -98.9937953878));
#4397 = ORIENTED_EDGE('',*,*,#4398,.T.);
#4398 = EDGE_CURVE('',#4377,#3801,#4399,.T.);
#4399 = B_SPLINE_CURVE_WITH_KNOTS('',7,(#4400,#4401,#4402,#4403,#4404,
    #4405,#4406,#4407,#4408,#4409,#4410,#4411,#4412,#4413,#4414,#4415,
    #4416,#4417,#4418,#4419,#4420,#4421,#4422,#4423,#4424,#4425,#4426,
    #4427,#4428,#4429,#4430,#4431,#4432,#4433,#4434,#4435,#4436,#4437,
    #4438,#4439,#4440,#4441,#4442,#4443),.UNSPECIFIED.,.F.,.F.,(8,6,6,6,
    6,6,6,8),(0.,9.510722929352E-02,0.190139728013,0.376730652384,
    0.577053200322,0.752511205911,0.912967918396,1.),.UNSPECIFIED.);
#4400 = CARTESIAN_POINT('',(4.634199443823,33.474692464668,
    -98.99379540824));
#4401 = CARTESIAN_POINT('',(4.558148629566,33.436413677062,
    -99.13665378844));
#4402 = CARTESIAN_POINT('',(4.478696051521,33.400075111194,
    -99.27227116254));
#4403 = CARTESIAN_POINT('',(4.396417915661,33.365578563698,
    -99.40101403048));
#4404 = CARTESIAN_POINT('',(4.311792742213,33.332826969233,
    -99.52324464505));
#4405 = CARTESIAN_POINT('',(4.225204348234,33.301723788479,
    -99.6393232959));
#4406 = CARTESIAN_POINT('',(4.136944830195,33.272172396141,
    -99.74961059354));
#4407 = CARTESIAN_POINT('',(3.957560344936,33.216000709052,
    -99.9592461837));
#4408 = CARTESIAN_POINT('',(3.866463616171,33.189386254909,
    -100.0585726787));
#4409 = CARTESIAN_POINT('',(3.774148254469,33.164141180435,
    -100.1527885793));
#4410 = CARTESIAN_POINT('',(3.680797407694,33.140187041805,
    -100.2421866417));
#4411 = CARTESIAN_POINT('',(3.586559378648,33.117455099345,
    -100.3270234059));
#4412 = CARTESIAN_POINT('',(3.49155052635,33.095883539428,
    -100.4075295636));
#4413 = CARTESIAN_POINT('',(3.207971279116,33.035225397765,
    -100.6339088301));
#4414 = CARTESIAN_POINT('',(3.017520115835,32.999303556168,
    -100.7679709681));
#4415 = CARTESIAN_POINT('',(2.825143052822,32.967209079651,
    -100.8877491851));
#4416 = CARTESIAN_POINT('',(2.631313840769,32.93864647938,
    -100.9943462605));
#4417 = CARTESIAN_POINT('',(2.436387224795,32.913376825016,
    -101.0886538945));
#4418 = CARTESIAN_POINT('',(2.240602034056,32.891213803299,
    -101.1713674176));
#4419 = CARTESIAN_POINT('',(1.833110805505,32.851396269836,
    -101.3199684755));
#4420 = CARTESIAN_POINT('',(1.621353113075,32.834199389522,
    -101.3841481065));
#4421 = CARTESIAN_POINT('',(1.409018058116,32.820242605886,
    -101.4362355322));
#4422 = CARTESIAN_POINT('',(1.196281242432,32.809409939011,
    -101.4766635953));
#4423 = CARTESIAN_POINT('',(0.983292487032,32.801627240759,
    -101.5057090206));
#4424 = CARTESIAN_POINT('',(0.770176163433,32.796855093541,
    -101.5235189165));
#4425 = CARTESIAN_POINT('',(0.370339175422,32.793553595313,
    -101.5358402756));
#4426 = CARTESIAN_POINT('',(0.18364395847,32.794323012961,
    -101.5329687699));
#4427 = CARTESIAN_POINT('',(-2.987031231492E-03,32.797403258164,
    -101.5214731383));
#4428 = CARTESIAN_POINT('',(-0.189471282087,32.802818261132,
    -101.5012640721));
#4429 = CARTESIAN_POINT('',(-0.37571354475,32.810613603187,
    -101.4721714595));
#4430 = CARTESIAN_POINT('',(-0.561605819542,32.820860613399,
    -101.4339290967));
#4431 = CARTESIAN_POINT('',(-0.916594440048,32.84537837332,
    -101.342427571));
#4432 = CARTESIAN_POINT('',(-1.085745853542,32.859228992428,
    -101.2907363568));
#4433 = CARTESIAN_POINT('',(-1.254400892745,32.87530035822,
    -101.2307572031));
#4434 = CARTESIAN_POINT('',(-1.422431098081,32.893700680468,
    -101.1620862656));
#4435 = CARTESIAN_POINT('',(-1.589660264702,32.914563154831,
    -101.0842264513));
#4436 = CARTESIAN_POINT('',(-1.755858921303,32.938059773523,
    -100.9965358766));
#4437 = CARTESIAN_POINT('',(-2.010160280339,32.978734314401,
    -100.8447364234));
#4438 = CARTESIAN_POINT('',(-2.099189789706,32.993882135162,
    -100.7882039867));
#4439 = CARTESIAN_POINT('',(-2.187772733971,33.009912662521,
    -100.7283772441));
#4440 = CARTESIAN_POINT('',(-2.275846351992,33.026868204146,
    -100.6650983013));
#4441 = CARTESIAN_POINT('',(-2.363331891542,33.044796951777,
    -100.5981873043));
#4442 = CARTESIAN_POINT('',(-2.450133003744,33.063755120237,
    -100.5274344563));
#4443 = CARTESIAN_POINT('',(-2.53613413751,33.083809086434,
    -100.4525920356));
#4444 = B_SPLINE_SURFACE_WITH_KNOTS('',1,1,(
    (#4445,#4446)
    ,(#4447,#4448
    )),.UNSPECIFIED.,.F.,.F.,.F.,(2,2),(2,2),(0.,49.705627484771),(0.,1.
    ),.PIECEWISE_BEZIER_KNOTS.);
#4445 = CARTESIAN_POINT('',(24.852813742386,60.,0.));
#4446 = CARTESIAN_POINT('',(10.42434910324,25.166604983954,-130.));
#4447 = CARTESIAN_POINT('',(-24.85281374238,60.,0.));
#4448 = CARTESIAN_POINT('',(-10.42434910324,25.166604983954,-130.));
#4449 = ADVANCED_FACE('',(#4450),#4487,.F.);
#4450 = FACE_BOUND('',#4451,.F.);
#4451 = EDGE_LOOP('',(#4452,#4453,#4454,#4461,#4466,#4467,#4474,#4481));
#4452 = ORIENTED_EDGE('',*,*,#4357,.F.);
#4453 = ORIENTED_EDGE('',*,*,#2862,.T.);
#4454 = ORIENTED_EDGE('',*,*,#4455,.T.);
#4455 = EDGE_CURVE('',#2863,#4456,#4458,.T.);
#4456 = VERTEX_POINT('',#4457);
#4457 = CARTESIAN_POINT('',(-46.17382167055,19.12582316254,-51.6));
#4458 = B_SPLINE_CURVE_WITH_KNOTS('',1,(#4459,#4460),.UNSPECIFIED.,.F.,
  .F.,(2,2),(0.,1.),.PIECEWISE_BEZIER_KNOTS.);
#4459 = CARTESIAN_POINT('',(-60.,24.852813742386,0.));
#4460 = CARTESIAN_POINT('',(-25.16660498395,10.42434910324,-130.));
#4461 = ORIENTED_EDGE('',*,*,#4462,.T.);
#4462 = EDGE_CURVE('',#4456,#3283,#4463,.T.);
#4463 = B_SPLINE_CURVE_WITH_KNOTS('',1,(#4464,#4465),.UNSPECIFIED.,.F.,
  .F.,(2,2),(0.,1.),.PIECEWISE_BEZIER_KNOTS.);
#4464 = CARTESIAN_POINT('',(-46.17382167055,19.12582316254,-51.6));
#4465 = CARTESIAN_POINT('',(-45.04964483309,20.25,-51.6));
#4466 = ORIENTED_EDGE('',*,*,#3299,.T.);
#4467 = ORIENTED_EDGE('',*,*,#4468,.F.);
#4468 = EDGE_CURVE('',#4469,#3292,#4471,.T.);
#4469 = VERTEX_POINT('',#4470);
#4470 = CARTESIAN_POINT('',(-43.92304845413,18.193522370472,-60.));
#4471 = B_SPLINE_CURVE_WITH_KNOTS('',1,(#4472,#4473),.UNSPECIFIED.,.F.,
  .F.,(2,2),(0.,1.),.PIECEWISE_BEZIER_KNOTS.);
#4472 = CARTESIAN_POINT('',(-43.92304845413,18.193522370472,-60.));
#4473 = CARTESIAN_POINT('',(-41.8665708246,20.25,-60.));
#4474 = ORIENTED_EDGE('',*,*,#4475,.T.);
#4475 = EDGE_CURVE('',#4469,#4476,#4478,.T.);
#4476 = VERTEX_POINT('',#4477);
#4477 = CARTESIAN_POINT('',(-25.16660498395,10.42434910324,-130.));
#4478 = B_SPLINE_CURVE_WITH_KNOTS('',1,(#4479,#4480),.UNSPECIFIED.,.F.,
  .F.,(2,2),(0.,1.),.PIECEWISE_BEZIER_KNOTS.);
#4479 = CARTESIAN_POINT('',(-60.,24.852813742386,0.));
#4480 = CARTESIAN_POINT('',(-25.16660498395,10.42434910324,-130.));
#4481 = ORIENTED_EDGE('',*,*,#4482,.F.);
#4482 = EDGE_CURVE('',#4358,#4476,#4483,.T.);
#4483 = LINE('',#4484,#4485);
#4484 = CARTESIAN_POINT('',(-0.22188391479,35.369070172404,-130.));
#4485 = VECTOR('',#4486,1.);
#4486 = DIRECTION('',(-0.707106781187,-0.707106781187,0.));
#4487 = B_SPLINE_SURFACE_WITH_KNOTS('',1,1,(
    (#4488,#4489)
    ,(#4490,#4491
    )),.UNSPECIFIED.,.F.,.F.,.F.,(2,2),(2,2),(0.,49.705627484771),(0.,1.
    ),.PIECEWISE_BEZIER_KNOTS.);
#4488 = CARTESIAN_POINT('',(-24.85281374238,60.,0.));
#4489 = CARTESIAN_POINT('',(-10.42434910324,25.166604983954,-130.));
#4490 = CARTESIAN_POINT('',(-60.,24.852813742386,0.));
#4491 = CARTESIAN_POINT('',(-25.16660498395,10.42434910324,-130.));
#4492 = ADVANCED_FACE('',(#4493),#4509,.F.);
#4493 = FACE_BOUND('',#4494,.F.);
#4494 = EDGE_LOOP('',(#4495,#4496,#4497,#4504));
#4495 = ORIENTED_EDGE('',*,*,#4455,.F.);
#4496 = ORIENTED_EDGE('',*,*,#2870,.T.);
#4497 = ORIENTED_EDGE('',*,*,#4498,.T.);
#4498 = EDGE_CURVE('',#2871,#4499,#4501,.T.);
#4499 = VERTEX_POINT('',#4500);
#4500 = CARTESIAN_POINT('',(-46.17382167055,-19.12582316254,-51.6));
#4501 = B_SPLINE_CURVE_WITH_KNOTS('',1,(#4502,#4503),.UNSPECIFIED.,.F.,
  .F.,(2,2),(0.,1.),.PIECEWISE_BEZIER_KNOTS.);
#4502 = CARTESIAN_POINT('',(-60.,-24.85281374238,0.));
#4503 = CARTESIAN_POINT('',(-25.16660498395,-10.42434910324,-130.));
#4504 = ORIENTED_EDGE('',*,*,#4505,.T.);
#4505 = EDGE_CURVE('',#4499,#4456,#4506,.T.);
#4506 = B_SPLINE_CURVE_WITH_KNOTS('',1,(#4507,#4508),.UNSPECIFIED.,.F.,
  .F.,(2,2),(0.,1.),.PIECEWISE_BEZIER_KNOTS.);
#4507 = CARTESIAN_POINT('',(-46.17382167055,-19.12582316254,-51.6));
#4508 = CARTESIAN_POINT('',(-46.17382167055,19.12582316254,-51.6));
#4509 = B_SPLINE_SURFACE_WITH_KNOTS('',1,1,(
    (#4510,#4511)
    ,(#4512,#4513
    )),.UNSPECIFIED.,.F.,.F.,.F.,(2,2),(2,2),(0.,49.705627484771),(0.,1.
    ),.PIECEWISE_BEZIER_KNOTS.);
#4510 = CARTESIAN_POINT('',(-60.,24.852813742386,0.));
#4511 = CARTESIAN_POINT('',(-25.16660498395,10.42434910324,-130.));
#4512 = CARTESIAN_POINT('',(-60.,-24.85281374238,0.));
#4513 = CARTESIAN_POINT('',(-25.16660498395,-10.42434910324,-130.));
#4514 = ADVANCED_FACE('',(#4515),#4615,.F.);
#4515 = FACE_BOUND('',#4516,.F.);
#4516 = EDGE_LOOP('',(#4517,#4518,#4519,#4526,#4533,#4553,#4554,#4561,
    #4569,#4576,#4583,#4610));
#4517 = ORIENTED_EDGE('',*,*,#4498,.F.);
#4518 = ORIENTED_EDGE('',*,*,#2878,.T.);
#4519 = ORIENTED_EDGE('',*,*,#4520,.T.);
#4520 = EDGE_CURVE('',#2879,#4521,#4523,.T.);
#4521 = VERTEX_POINT('',#4522);
#4522 = CARTESIAN_POINT('',(-19.12582316254,-46.17382167055,-51.6));
#4523 = B_SPLINE_CURVE_WITH_KNOTS('',1,(#4524,#4525),.UNSPECIFIED.,.F.,
  .F.,(2,2),(0.,1.),.PIECEWISE_BEZIER_KNOTS.);
#4524 = CARTESIAN_POINT('',(-24.85281374238,-60.,0.));
#4525 = CARTESIAN_POINT('',(-10.42434910324,-25.16660498395,-130.));
#4526 = ORIENTED_EDGE('',*,*,#4527,.T.);
#4527 = EDGE_CURVE('',#4521,#4528,#4530,.T.);
#4528 = VERTEX_POINT('',#4529);
#4529 = CARTESIAN_POINT('',(-20.25,-45.04964483309,-51.6));
#4530 = B_SPLINE_CURVE_WITH_KNOTS('',1,(#4531,#4532),.UNSPECIFIED.,.F.,
  .F.,(2,2),(0.,1.),.PIECEWISE_BEZIER_KNOTS.);
#4531 = CARTESIAN_POINT('',(-19.12582316254,-46.17382167055,-51.6));
#4532 = CARTESIAN_POINT('',(-20.25,-45.04964483309,-51.6));
#4533 = ORIENTED_EDGE('',*,*,#4534,.T.);
#4534 = EDGE_CURVE('',#4528,#3389,#4535,.T.);
#4535 = B_SPLINE_CURVE_WITH_KNOTS('',4,(#4536,#4537,#4538,#4539,#4540,
    #4541,#4542,#4543,#4544,#4545,#4546,#4547,#4548,#4549,#4550,#4551,
    #4552),.UNSPECIFIED.,.F.,.F.,(5,3,3,3,3,5),(0.,0.10850962611,
    0.556682428759,0.773347413075,0.881732448665,1.),.UNSPECIFIED.);
#4536 = CARTESIAN_POINT('',(-20.25,-45.04964483309,-51.6));
#4537 = CARTESIAN_POINT('',(-20.25,-44.96312462971,-51.82832322038));
#4538 = CARTESIAN_POINT('',(-20.25,-44.87661631255,-52.05661507357));
#4539 = CARTESIAN_POINT('',(-20.25,-44.79012026173,-52.28487455634));
#4540 = CARTESIAN_POINT('',(-20.25,-44.34643590633,-53.45573912796));
#4541 = CARTESIAN_POINT('',(-20.25,-43.9894448383,-54.39782371773));
#4542 = CARTESIAN_POINT('',(-20.25,-43.63267400047,-55.33932712913));
#4543 = CARTESIAN_POINT('',(-20.25,-43.10377027861,-56.7350820666));
#4544 = CARTESIAN_POINT('',(-20.25,-42.93145935405,-57.18980343418));
#4545 = CARTESIAN_POINT('',(-20.25,-42.75920410298,-57.64437788177));
#4546 = CARTESIAN_POINT('',(-20.25,-42.50086515362,-58.32612363094));
#4547 = CARTESIAN_POINT('',(-20.25,-42.41472445429,-58.55344535592));
#4548 = CARTESIAN_POINT('',(-20.25,-42.32858387928,-58.78076675283));
#4549 = CARTESIAN_POINT('',(-20.25,-42.1484487183,-59.25613595512));
#4550 = CARTESIAN_POINT('',(-20.25,-42.05447092003,-59.50413945846));
#4551 = CARTESIAN_POINT('',(-20.25,-41.96051237881,-59.75209214324));
#4552 = CARTESIAN_POINT('',(-20.25,-41.8665708246,-60.));
#4553 = ORIENTED_EDGE('',*,*,#3388,.F.);
#4554 = ORIENTED_EDGE('',*,*,#4555,.T.);
#4555 = EDGE_CURVE('',#3382,#4556,#4558,.T.);
#4556 = VERTEX_POINT('',#4557);
#4557 = CARTESIAN_POINT('',(-10.42434910324,-25.16660498395,-130.));
#4558 = B_SPLINE_CURVE_WITH_KNOTS('',1,(#4559,#4560),.UNSPECIFIED.,.F.,
  .F.,(2,2),(0.,1.),.PIECEWISE_BEZIER_KNOTS.);
#4559 = CARTESIAN_POINT('',(-24.85281374238,-60.,0.));
#4560 = CARTESIAN_POINT('',(-10.42434910324,-25.16660498395,-130.));
#4561 = ORIENTED_EDGE('',*,*,#4562,.F.);
#4562 = EDGE_CURVE('',#4563,#4556,#4565,.T.);
#4563 = VERTEX_POINT('',#4564);
#4564 = CARTESIAN_POINT('',(-25.16660498395,-10.42434910324,-130.));
#4565 = LINE('',#4566,#4567);
#4566 = CARTESIAN_POINT('',(-35.3690701724,-0.22188391479,-130.));
#4567 = VECTOR('',#4568,1.);
#4568 = DIRECTION('',(0.707106781187,-0.707106781187,0.));
#4569 = ORIENTED_EDGE('',*,*,#4570,.F.);
#4570 = EDGE_CURVE('',#4571,#4563,#4573,.T.);
#4571 = VERTEX_POINT('',#4572);
#4572 = CARTESIAN_POINT('',(-43.92304845413,-18.19352237047,-60.));
#4573 = B_SPLINE_CURVE_WITH_KNOTS('',1,(#4574,#4575),.UNSPECIFIED.,.F.,
  .F.,(2,2),(0.,1.),.PIECEWISE_BEZIER_KNOTS.);
#4574 = CARTESIAN_POINT('',(-60.,-24.85281374238,0.));
#4575 = CARTESIAN_POINT('',(-25.16660498395,-10.42434910324,-130.));
#4576 = ORIENTED_EDGE('',*,*,#4577,.F.);
#4577 = EDGE_CURVE('',#4578,#4571,#4580,.T.);
#4578 = VERTEX_POINT('',#4579);
#4579 = CARTESIAN_POINT('',(-41.8665708246,-20.25,-60.));
#4580 = B_SPLINE_CURVE_WITH_KNOTS('',1,(#4581,#4582),.UNSPECIFIED.,.F.,
  .F.,(2,2),(0.,1.),.PIECEWISE_BEZIER_KNOTS.);
#4581 = CARTESIAN_POINT('',(-41.8665708246,-20.25,-60.));
#4582 = CARTESIAN_POINT('',(-43.92304845413,-18.19352237047,-60.));
#4583 = ORIENTED_EDGE('',*,*,#4584,.T.);
#4584 = EDGE_CURVE('',#4578,#4585,#4587,.T.);
#4585 = VERTEX_POINT('',#4586);
#4586 = CARTESIAN_POINT('',(-45.04964483309,-20.25,-51.6));
#4587 = B_SPLINE_CURVE_WITH_KNOTS('',5,(#4588,#4589,#4590,#4591,#4592,
    #4593,#4594,#4595,#4596,#4597,#4598,#4599,#4600,#4601,#4602,#4603,
    #4604,#4605,#4606,#4607,#4608,#4609),.UNSPECIFIED.,.F.,.F.,(6,4,4,4,
    4,6),(0.,0.1253649249,0.543806410829,0.775944097615,0.884222903491,
    1.),.UNSPECIFIED.);
#4588 = CARTESIAN_POINT('',(-41.8665708246,-20.25,-60.));
#4589 = CARTESIAN_POINT('',(-41.94620699946,-20.25,-59.7898434447));
#4590 = CARTESIAN_POINT('',(-42.02585479493,-20.25,-59.57965622313));
#4591 = CARTESIAN_POINT('',(-42.10551560525,-20.25,-59.36943465591));
#4592 = CARTESIAN_POINT('',(-42.18518754821,-20.25,-59.15918371009));
#4593 = CARTESIAN_POINT('',(-42.53083935507,-20.25,-58.24702295923));
#4594 = CARTESIAN_POINT('',(-42.79693822843,-20.25,-57.54479909316));
#4595 = CARTESIAN_POINT('',(-43.06316376956,-20.25,-56.84224095611));
#4596 = CARTESIAN_POINT('',(-43.32951191053,-20.25,-56.13935928317));
#4597 = CARTESIAN_POINT('',(-43.74380595208,-20.25,-55.04605452817));
#4598 = CARTESIAN_POINT('',(-43.89166964411,-20.25,-54.65584839104));
#4599 = CARTESIAN_POINT('',(-44.03956922835,-20.25,-54.26554753586));
#4600 = CARTESIAN_POINT('',(-44.18750406754,-20.25,-53.87515364434));
#4601 = CARTESIAN_POINT('',(-44.40449274723,-20.25,-53.30252953803));
#4602 = CARTESIAN_POINT('',(-44.47351187988,-20.25,-53.12039091584));
#4603 = CARTESIAN_POINT('',(-44.5425309421,-20.25,-52.93825247951));
#4604 = CARTESIAN_POINT('',(-44.61154993412,-20.25,-52.75611422841));
#4605 = CARTESIAN_POINT('',(-44.75436732803,-20.25,-52.37922506228));
#4606 = CARTESIAN_POINT('',(-44.82817393673,-20.25,-52.18445248979));
#4607 = CARTESIAN_POINT('',(-44.9019892796,-20.25,-51.98965686817));
#4608 = CARTESIAN_POINT('',(-44.97581320915,-20.25,-51.79483858666));
#4609 = CARTESIAN_POINT('',(-45.04964483309,-20.25,-51.6));
#4610 = ORIENTED_EDGE('',*,*,#4611,.T.);
#4611 = EDGE_CURVE('',#4585,#4499,#4612,.T.);
#4612 = B_SPLINE_CURVE_WITH_KNOTS('',1,(#4613,#4614),.UNSPECIFIED.,.F.,
  .F.,(2,2),(0.,1.),.PIECEWISE_BEZIER_KNOTS.);
#4613 = CARTESIAN_POINT('',(-45.04964483309,-20.25,-51.6));
#4614 = CARTESIAN_POINT('',(-46.17382167055,-19.12582316254,-51.6));
#4615 = B_SPLINE_SURFACE_WITH_KNOTS('',1,1,(
    (#4616,#4617)
    ,(#4618,#4619
    )),.UNSPECIFIED.,.F.,.F.,.F.,(2,2),(2,2),(0.,49.705627484771),(0.,1.
    ),.PIECEWISE_BEZIER_KNOTS.);
#4616 = CARTESIAN_POINT('',(-60.,-24.85281374238,0.));
#4617 = CARTESIAN_POINT('',(-25.16660498395,-10.42434910324,-130.));
#4618 = CARTESIAN_POINT('',(-24.85281374238,-60.,0.));
#4619 = CARTESIAN_POINT('',(-10.42434910324,-25.16660498395,-130.));
#4620 = ADVANCED_FACE('',(#4621),#4631,.F.);
#4621 = FACE_BOUND('',#4622,.F.);
#4622 = EDGE_LOOP('',(#4623,#4624,#4625,#4626));
#4623 = ORIENTED_EDGE('',*,*,#4520,.F.);
#4624 = ORIENTED_EDGE('',*,*,#2886,.T.);
#4625 = ORIENTED_EDGE('',*,*,#3487,.T.);
#4626 = ORIENTED_EDGE('',*,*,#4627,.T.);
#4627 = EDGE_CURVE('',#3488,#4521,#4628,.T.);
#4628 = B_SPLINE_CURVE_WITH_KNOTS('',1,(#4629,#4630),.UNSPECIFIED.,.F.,
  .F.,(2,2),(0.,1.),.PIECEWISE_BEZIER_KNOTS.);
#4629 = CARTESIAN_POINT('',(19.12582316254,-46.17382167055,-51.6));
#4630 = CARTESIAN_POINT('',(-19.12582316254,-46.17382167055,-51.6));
#4631 = B_SPLINE_SURFACE_WITH_KNOTS('',1,1,(
    (#4632,#4633)
    ,(#4634,#4635
    )),.UNSPECIFIED.,.F.,.F.,.F.,(2,2),(2,2),(0.,49.705627484771),(0.,1.
    ),.PIECEWISE_BEZIER_KNOTS.);
#4632 = CARTESIAN_POINT('',(-24.85281374238,-60.,0.));
#4633 = CARTESIAN_POINT('',(-10.42434910324,-25.16660498395,-130.));
#4634 = CARTESIAN_POINT('',(24.852813742386,-60.,0.));
#4635 = CARTESIAN_POINT('',(10.42434910324,-25.16660498395,-130.));
#4636 = ADVANCED_FACE('',(#4637),#4643,.F.);
#4637 = FACE_BOUND('',#4638,.F.);
#4638 = EDGE_LOOP('',(#4639,#4640,#4641,#4642));
#4639 = ORIENTED_EDGE('',*,*,#3495,.F.);
#4640 = ORIENTED_EDGE('',*,*,#2902,.T.);
#4641 = ORIENTED_EDGE('',*,*,#3593,.T.);
#4642 = ORIENTED_EDGE('',*,*,#3686,.T.);
#4643 = B_SPLINE_SURFACE_WITH_KNOTS('',1,1,(
    (#4644,#4645)
    ,(#4646,#4647
    )),.UNSPECIFIED.,.F.,.F.,.F.,(2,2),(2,2),(0.,49.705627484771),(0.,1.
    ),.PIECEWISE_BEZIER_KNOTS.);
#4644 = CARTESIAN_POINT('',(60.,-24.85281374238,0.));
#4645 = CARTESIAN_POINT('',(25.166604983954,-10.42434910324,-130.));
#4646 = CARTESIAN_POINT('',(60.,24.852813742386,0.));
#4647 = CARTESIAN_POINT('',(25.166604983954,10.42434910324,-130.));
#4648 = ADVANCED_FACE('',(#4649),#4703,.T.);
#4649 = FACE_BOUND('',#4650,.T.);
#4650 = EDGE_LOOP('',(#4651,#4652,#4653,#4663));
#4651 = ORIENTED_EDGE('',*,*,#2956,.F.);
#4652 = ORIENTED_EDGE('',*,*,#3630,.T.);
#4653 = ORIENTED_EDGE('',*,*,#4654,.T.);
#4654 = EDGE_CURVE('',#3631,#4655,#4657,.T.);
#4655 = VERTEX_POINT('',#4656);
#4656 = CARTESIAN_POINT('',(-16.77564927611,-40.5,-41.86536430634));
#4657 = B_SPLINE_CURVE_WITH_KNOTS('',4,(#4658,#4659,#4660,#4661,#4662),
  .UNSPECIFIED.,.F.,.F.,(5,5),(0.,1.),.PIECEWISE_BEZIER_KNOTS.);
#4658 = CARTESIAN_POINT('',(17.379665543337,-40.5,-41.86536430634));
#4659 = CARTESIAN_POINT('',(8.689832771677,-40.5,-41.86536430634));
#4660 = CARTESIAN_POINT('',(1.735501E-11,-40.5,-41.86536430634));
#4661 = CARTESIAN_POINT('',(-8.689832771643,-40.5,-41.86536430634));
#4662 = CARTESIAN_POINT('',(-17.3796655433,-40.5,-41.86536430634));
#4663 = ORIENTED_EDGE('',*,*,#4664,.F.);
#4664 = EDGE_CURVE('',#2957,#4655,#4665,.T.);
#4665 = B_SPLINE_CURVE_WITH_KNOTS('',6,(#4666,#4667,#4668,#4669,#4670,
    #4671,#4672,#4673,#4674,#4675,#4676,#4677,#4678,#4679,#4680,#4681,
    #4682,#4683,#4684,#4685,#4686,#4687,#4688,#4689,#4690,#4691,#4692,
    #4693,#4694,#4695,#4696,#4697,#4698,#4699,#4700,#4701,#4702),
  .UNSPECIFIED.,.F.,.F.,(7,5,5,5,5,5,5,7),(0.,0.133398979937,
    0.266578639652,0.399777145593,0.532736265389,0.718383866094,
    0.903836221459,1.),.UNSPECIFIED.);
#4666 = CARTESIAN_POINT('',(-21.42221026456,-51.71779055671,0.));
#4667 = CARTESIAN_POINT('',(-21.1061567573,-50.95476989306,
    -2.84763188399));
#4668 = CARTESIAN_POINT('',(-20.79010706151,-50.1917584311,
    -5.695229426782));
#4669 = CARTESIAN_POINT('',(-20.47406153447,-49.42875703339,
    -8.542789409267));
#4670 = CARTESIAN_POINT('',(-20.15802060223,-48.66576672852,
    -11.39030799274));
#4671 = CARTESIAN_POINT('',(-19.8419847656,-47.90278872553,
    -14.23778066495));
#4672 = CARTESIAN_POINT('',(-19.2104440294,-46.378114515,-19.92794228362
    ));
#4673 = CARTESIAN_POINT('',(-18.89493912424,-45.61641829397,
    -22.77063128045));
#4674 = CARTESIAN_POINT('',(-18.57944046256,-44.85473714601,
    -25.61326402379));
#4675 = CARTESIAN_POINT('',(-18.26394873784,-44.09307274538,
    -28.45583426526));
#4676 = CARTESIAN_POINT('',(-17.94846477676,-43.33142708784,
    -31.29833455658));
#4677 = CARTESIAN_POINT('',(-17.31746968189,-41.80807017201,
    -36.98357996453));
#4678 = CARTESIAN_POINT('',(-17.00195857699,-41.04635898348,
    -39.82632482079));
#4679 = CARTESIAN_POINT('',(-16.6864571929,-40.28467126307,
    -42.66898209289));
#4680 = CARTESIAN_POINT('',(-16.37096671433,-39.52300987089,
    -45.51154110665));
#4681 = CARTESIAN_POINT('',(-16.05548857775,-38.76137827493,
    -48.35398891942));
#4682 = CARTESIAN_POINT('',(-15.42512736922,-37.23955169611,
    -54.03352303189));
#4683 = CARTESIAN_POINT('',(-15.11024430365,-36.47935672865,
    -56.87060927411));
#4684 = CARTESIAN_POINT('',(-14.79537696681,-35.71919973369,
    -59.70755380103));
#4685 = CARTESIAN_POINT('',(-14.48052747701,-34.95908582531,
    -62.54433752664));
#4686 = CARTESIAN_POINT('',(-14.16569845522,-34.19902133108,
    -65.38093683615));
#4687 = CARTESIAN_POINT('',(-13.41133794854,-32.37783396493,
    -72.1777006167));
#4688 = CARTESIAN_POINT('',(-12.97182961703,-31.31676699024,
    -76.13765647648));
#4689 = CARTESIAN_POINT('',(-12.53237577497,-30.25583156469,
    -80.09712138817));
#4690 = CARTESIAN_POINT('',(-12.09298844617,-29.19505671638,
    -84.05598701749));
#4691 = CARTESIAN_POINT('',(-11.65368438694,-28.13448289857,
    -88.01410239071));
#4692 = CARTESIAN_POINT('',(-10.77575011854,-26.01496208092,
    -95.92426176988));
#4693 = CARTESIAN_POINT('',(-10.33712295552,-24.95602243513,
    -99.87627833012));
#4694 = CARTESIAN_POINT('',(-9.898623893059,-23.89739205145,
    -103.8271407084));
#4695 = CARTESIAN_POINT('',(-9.460287257207,-22.83915380029,
    -107.7765396282));
#4696 = CARTESIAN_POINT('',(-9.022163974184,-21.78143062843,
    -111.724016246));
#4697 = CARTESIAN_POINT('',(-8.357292533275,-20.17628897855,
    -117.7144864367));
#4698 = CARTESIAN_POINT('',(-8.13033613808,-19.6283677712,
    -119.7593562211));
#4699 = CARTESIAN_POINT('',(-7.903468169704,-19.08066004508,
    -121.8034292826));
#4700 = CARTESIAN_POINT('',(-7.676702440902,-18.53319914712,
    -123.846581169));
#4701 = CARTESIAN_POINT('',(-7.450056584597,-17.98602764698,
    -125.888653008));
#4702 = CARTESIAN_POINT('',(-7.223552483277,-17.43919837364,
    -127.9294476391));
#4703 = OFFSET_SURFACE('',#4704,8.,.F.);
#4704 = B_SPLINE_SURFACE_WITH_KNOTS('',2,2,(
    (#4705,#4706,#4707,#4708,#4709)
    ,(#4710,#4711,#4712,#4713,#4714)
    ,(#4715,#4716,#4717,#4718,#4719)
    ,(#4720,#4721,#4722,#4723,#4724)
    ,(#4725,#4726,#4727,#4728,#4729
    )),.UNSPECIFIED.,.F.,.F.,.F.,(3,1,1,3),(3,1,1,3),(-12.42640687119,0.
    ,49.705627484771,62.132034355964),(-0.24920487593,0.,1.,
    1.24920487593),.UNSPECIFIED.);
#4705 = CARTESIAN_POINT('',(-40.88633677336,-68.70834875401,32.5));
#4706 = CARTESIAN_POINT('',(-39.0770424837,-64.34032594159,
    16.198316935449));
#4707 = CARTESIAN_POINT('',(-30.064988294,-42.58330249197,-65.));
#4708 = CARTESIAN_POINT('',(-21.0529341043,-20.82627904235,
    -146.1983169354));
#4709 = CARTESIAN_POINT('',(-19.24363981464,-16.45825622994,-162.5));
#4710 = CARTESIAN_POINT('',(-35.5605718533,-68.68065188319,
    32.396633870898));
#4711 = CARTESIAN_POINT('',(-33.31329451564,-64.34032594159,
    16.198316935449));
#4712 = CARTESIAN_POINT('',(-22.04822677851,-42.58330249197,-65.));
#4713 = CARTESIAN_POINT('',(-10.78315904138,-20.82627904235,
    -146.1983169354));
#4714 = CARTESIAN_POINT('',(-8.535881703727,-16.48595310076,
    -162.3966338708));
#4715 = CARTESIAN_POINT('',(4.E-15,-68.75824919615,32.686230985383));
#4716 = CARTESIAN_POINT('',(3.77E-15,-64.34032594159,16.198316935449));
#4717 = CARTESIAN_POINT('',(2.66E-15,-42.58330249197,-65.));
#4718 = CARTESIAN_POINT('',(1.56E-15,-20.82627904235,-146.1983169354));
#4719 = CARTESIAN_POINT('',(1.33E-15,-16.4083557878,-162.6862309853));
#4720 = CARTESIAN_POINT('',(35.560571853305,-68.68065188319,
    32.396633870898));
#4721 = CARTESIAN_POINT('',(33.313294515644,-64.34032594159,
    16.198316935449));
#4722 = CARTESIAN_POINT('',(22.048226778516,-42.58330249197,-65.));
#4723 = CARTESIAN_POINT('',(10.783159041389,-20.82627904235,
    -146.1983169354));
#4724 = CARTESIAN_POINT('',(8.535881703727,-16.48595310076,
    -162.3966338708));
#4725 = CARTESIAN_POINT('',(40.886336773365,-68.70834875401,32.5));
#4726 = CARTESIAN_POINT('',(39.077042483708,-64.34032594159,
    16.198316935449));
#4727 = CARTESIAN_POINT('',(30.064988294006,-42.58330249197,-65.));
#4728 = CARTESIAN_POINT('',(21.052934104304,-20.82627904235,
    -146.1983169354));
#4729 = CARTESIAN_POINT('',(19.243639814647,-16.45825622994,-162.5));
#4730 = ADVANCED_FACE('',(#4731),#4751,.T.);
#4731 = FACE_BOUND('',#4732,.T.);
#4732 = EDGE_LOOP('',(#4733,#4734,#4735,#4748,#4749,#4750));
#4733 = ORIENTED_EDGE('',*,*,#2993,.F.);
#4734 = ORIENTED_EDGE('',*,*,#4664,.T.);
#4735 = ORIENTED_EDGE('',*,*,#4736,.F.);
#4736 = EDGE_CURVE('',#3410,#4655,#4737,.T.);
#4737 = B_SPLINE_CURVE_WITH_KNOTS('',5,(#4738,#4739,#4740,#4741,#4742,
    #4743,#4744,#4745,#4746,#4747),.UNSPECIFIED.,.F.,.F.,(6,4,6),(0.,
    4.879406003065E-02,1.),.UNSPECIFIED.);
#4738 = CARTESIAN_POINT('',(-20.25,-40.5,-32.69669716167));
#4739 = CARTESIAN_POINT('',(-20.209648554,-40.5,-32.80318295041));
#4740 = CARTESIAN_POINT('',(-20.16930420864,-40.5,-32.90965000084));
#4741 = CARTESIAN_POINT('',(-20.12896712423,-40.5,-33.01609788993));
#4742 = CARTESIAN_POINT('',(-20.08863733969,-40.5,-33.12252651497));
#4743 = CARTESIAN_POINT('',(-19.26225463783,-40.5,-35.30331611557));
#4744 = CARTESIAN_POINT('',(-18.47895385554,-40.5,-37.37041432116));
#4745 = CARTESIAN_POINT('',(-17.69861271572,-40.5,-39.42970215331));
#4746 = CARTESIAN_POINT('',(-16.92145487079,-40.5,-41.48058940255));
#4747 = CARTESIAN_POINT('',(-16.14772556226,-40.5,-43.52242888676));
#4748 = ORIENTED_EDGE('',*,*,#3409,.T.);
#4749 = ORIENTED_EDGE('',*,*,#3075,.T.);
#4750 = ORIENTED_EDGE('',*,*,#3125,.F.);
#4751 = OFFSET_SURFACE('',#4752,8.,.F.);
#4752 = B_SPLINE_SURFACE_WITH_KNOTS('',2,2,(
    (#4753,#4754,#4755,#4756,#4757)
    ,(#4758,#4759,#4760,#4761,#4762)
    ,(#4763,#4764,#4765,#4766,#4767)
    ,(#4768,#4769,#4770,#4771,#4772)
    ,(#4773,#4774,#4775,#4776,#4777
    )),.UNSPECIFIED.,.F.,.F.,.F.,(3,1,1,3),(3,1,1,3),(-12.42640687119,0.
    ,49.705627484771,62.132034355964),(-0.24920487593,0.,1.,
    1.24920487593),.UNSPECIFIED.);
#4753 = CARTESIAN_POINT('',(-77.49514531841,-19.67313333776,32.5));
#4754 = CARTESIAN_POINT('',(-73.127122506,-17.86383904811,
    16.198316935449));
#4755 = CARTESIAN_POINT('',(-51.37009905638,-8.851784858409,-65.));
#4756 = CARTESIAN_POINT('',(-29.61307560676,0.160269331293,
    -146.1983169354));
#4757 = CARTESIAN_POINT('',(-25.24505279434,1.96956362095,-162.5));
#4758 = CARTESIAN_POINT('',(-73.70967618326,-23.41943318257,
    32.396633870898));
#4759 = CARTESIAN_POINT('',(-69.05153723273,-21.93942432138,
    16.198316935449));
#4760 = CARTESIAN_POINT('',(-45.70139262562,-14.52049128916,-65.));
#4761 = CARTESIAN_POINT('',(-22.35124801851,-7.101558256955,
    -146.1983169354));
#4762 = CARTESIAN_POINT('',(-17.69310906798,-5.621549395759,
    -162.3966338708));
#4763 = CARTESIAN_POINT('',(-48.61942426911,-48.61942426911,
    32.686230985383));
#4764 = CARTESIAN_POINT('',(-45.49548077705,-45.49548077705,
    16.198316935449));
#4765 = CARTESIAN_POINT('',(-30.11094195739,-30.11094195739,-65.));
#4766 = CARTESIAN_POINT('',(-14.72640313773,-14.72640313773,
    -146.1983169354));
#4767 = CARTESIAN_POINT('',(-11.60245964567,-11.60245964567,
    -162.6862309853));
#4768 = CARTESIAN_POINT('',(-23.41943318257,-73.70967618326,
    32.396633870898));
#4769 = CARTESIAN_POINT('',(-21.93942432138,-69.05153723273,
    16.198316935449));
#4770 = CARTESIAN_POINT('',(-14.52049128916,-45.70139262562,-65.));
#4771 = CARTESIAN_POINT('',(-7.101558256955,-22.35124801851,
    -146.1983169354));
#4772 = CARTESIAN_POINT('',(-5.621549395759,-17.69310906798,
    -162.3966338708));
#4773 = CARTESIAN_POINT('',(-19.67313333776,-77.49514531841,32.5));
#4774 = CARTESIAN_POINT('',(-17.86383904811,-73.127122506,
    16.198316935449));
#4775 = CARTESIAN_POINT('',(-8.851784858409,-51.37009905638,-65.));
#4776 = CARTESIAN_POINT('',(0.160269331293,-29.61307560676,
    -146.1983169354));
#4777 = CARTESIAN_POINT('',(1.96956362095,-25.24505279434,-162.5));
#4778 = ADVANCED_FACE('',(#4779),#4792,.F.);
#4779 = FACE_BOUND('',#4780,.F.);
#4780 = EDGE_LOOP('',(#4781,#4787,#4788,#4789,#4790,#4791));
#4781 = ORIENTED_EDGE('',*,*,#4782,.T.);
#4782 = EDGE_CURVE('',#4585,#3093,#4783,.T.);
#4783 = LINE('',#4784,#4785);
#4784 = CARTESIAN_POINT('',(-175.4133390969,-20.25,-51.6));
#4785 = VECTOR('',#4786,1.);
#4786 = DIRECTION('',(1.,0.,0.));
#4787 = ORIENTED_EDGE('',*,*,#3100,.F.);
#4788 = ORIENTED_EDGE('',*,*,#3282,.F.);
#4789 = ORIENTED_EDGE('',*,*,#4462,.F.);
#4790 = ORIENTED_EDGE('',*,*,#4505,.F.);
#4791 = ORIENTED_EDGE('',*,*,#4611,.F.);
#4792 = PLANE('',#4793);
#4793 = AXIS2_PLACEMENT_3D('',#4794,#4795,#4796);
#4794 = CARTESIAN_POINT('',(-175.4133390969,-20.25,-51.6));
#4795 = DIRECTION('',(0.,0.,1.));
#4796 = DIRECTION('',(0.,1.,0.));
#4797 = ADVANCED_FACE('',(#4798),#4815,.F.);
#4798 = FACE_BOUND('',#4799,.F.);
#4799 = EDGE_LOOP('',(#4800,#4801,#4802,#4808,#4809,#4814));
#4800 = ORIENTED_EDGE('',*,*,#3291,.T.);
#4801 = ORIENTED_EDGE('',*,*,#3264,.F.);
#4802 = ORIENTED_EDGE('',*,*,#4803,.F.);
#4803 = EDGE_CURVE('',#4578,#1934,#4804,.T.);
#4804 = LINE('',#4805,#4806);
#4805 = CARTESIAN_POINT('',(-175.4133390969,-20.25,-60.));
#4806 = VECTOR('',#4807,1.);
#4807 = DIRECTION('',(1.,0.,0.));
#4808 = ORIENTED_EDGE('',*,*,#4577,.T.);
#4809 = ORIENTED_EDGE('',*,*,#4810,.T.);
#4810 = EDGE_CURVE('',#4571,#4469,#4811,.T.);
#4811 = B_SPLINE_CURVE_WITH_KNOTS('',1,(#4812,#4813),.UNSPECIFIED.,.F.,
  .F.,(2,2),(0.,1.),.PIECEWISE_BEZIER_KNOTS.);
#4812 = CARTESIAN_POINT('',(-43.92304845413,-18.19352237047,-60.));
#4813 = CARTESIAN_POINT('',(-43.92304845413,18.193522370472,-60.));
#4814 = ORIENTED_EDGE('',*,*,#4468,.T.);
#4815 = PLANE('',#4816);
#4816 = AXIS2_PLACEMENT_3D('',#4817,#4818,#4819);
#4817 = CARTESIAN_POINT('',(-175.4133390969,20.25,-60.));
#4818 = DIRECTION('',(0.,0.,-1.));
#4819 = DIRECTION('',(0.,-1.,0.));
#4820 = ADVANCED_FACE('',(#4821),#4834,.T.);
#4821 = FACE_BOUND('',#4822,.T.);
#4822 = EDGE_LOOP('',(#4823,#4824,#4825,#4831,#4832,#4833));
#4823 = ORIENTED_EDGE('',*,*,#3669,.F.);
#4824 = ORIENTED_EDGE('',*,*,#3351,.T.);
#4825 = ORIENTED_EDGE('',*,*,#4826,.F.);
#4826 = EDGE_CURVE('',#3420,#3344,#4827,.T.);
#4827 = LINE('',#4828,#4829);
#4828 = CARTESIAN_POINT('',(-20.25,-40.5,-51.6));
#4829 = VECTOR('',#4830,1.);
#4830 = DIRECTION('',(1.,0.,0.));
#4831 = ORIENTED_EDGE('',*,*,#3419,.F.);
#4832 = ORIENTED_EDGE('',*,*,#4736,.T.);
#4833 = ORIENTED_EDGE('',*,*,#4654,.F.);
#4834 = PLANE('',#4835);
#4835 = AXIS2_PLACEMENT_3D('',#4836,#4837,#4838);
#4836 = CARTESIAN_POINT('',(20.25,-40.5,0.));
#4837 = DIRECTION('',(0.,1.,0.));
#4838 = DIRECTION('',(-1.,0.,0.));
#4839 = ADVANCED_FACE('',(#4840),#4851,.F.);
#4840 = FACE_BOUND('',#4841,.F.);
#4841 = EDGE_LOOP('',(#4842,#4843,#4849,#4850));
#4842 = ORIENTED_EDGE('',*,*,#3343,.F.);
#4843 = ORIENTED_EDGE('',*,*,#4844,.T.);
#4844 = EDGE_CURVE('',#3344,#3531,#4845,.T.);
#4845 = LINE('',#4846,#4847);
#4846 = CARTESIAN_POINT('',(20.25,-40.5,-51.6));
#4847 = VECTOR('',#4848,1.);
#4848 = DIRECTION('',(0.,-1.,2.2E-16));
#4849 = ORIENTED_EDGE('',*,*,#3530,.F.);
#4850 = ORIENTED_EDGE('',*,*,#3366,.F.);
#4851 = PLANE('',#4852);
#4852 = AXIS2_PLACEMENT_3D('',#4853,#4854,#4855);
#4853 = CARTESIAN_POINT('',(20.25,-40.5,-51.6));
#4854 = DIRECTION('',(1.,0.,0.));
#4855 = DIRECTION('',(0.,-2.2E-16,-1.));
#4856 = ADVANCED_FACE('',(#4857),#4868,.F.);
#4857 = FACE_BOUND('',#4858,.F.);
#4858 = EDGE_LOOP('',(#4859,#4860,#4861,#4862));
#4859 = ORIENTED_EDGE('',*,*,#3427,.T.);
#4860 = ORIENTED_EDGE('',*,*,#3395,.T.);
#4861 = ORIENTED_EDGE('',*,*,#4534,.F.);
#4862 = ORIENTED_EDGE('',*,*,#4863,.F.);
#4863 = EDGE_CURVE('',#3420,#4528,#4864,.T.);
#4864 = LINE('',#4865,#4866);
#4865 = CARTESIAN_POINT('',(-20.25,-40.5,-51.6));
#4866 = VECTOR('',#4867,1.);
#4867 = DIRECTION('',(0.,-1.,2.2E-16));
#4868 = PLANE('',#4869);
#4869 = AXIS2_PLACEMENT_3D('',#4870,#4871,#4872);
#4870 = CARTESIAN_POINT('',(-20.25,-40.5,-60.));
#4871 = DIRECTION('',(-1.,0.,0.));
#4872 = DIRECTION('',(0.,2.2E-16,1.));
#4873 = ADVANCED_FACE('',(#4874),#4885,.F.);
#4874 = FACE_BOUND('',#4875,.F.);
#4875 = EDGE_LOOP('',(#4876,#4877,#4878,#4879));
#4876 = ORIENTED_EDGE('',*,*,#4555,.F.);
#4877 = ORIENTED_EDGE('',*,*,#3381,.F.);
#4878 = ORIENTED_EDGE('',*,*,#3524,.T.);
#4879 = ORIENTED_EDGE('',*,*,#4880,.F.);
#4880 = EDGE_CURVE('',#4556,#3517,#4881,.T.);
#4881 = LINE('',#4882,#4883);
#4882 = CARTESIAN_POINT('',(-24.85281374238,-25.16660498395,-130.));
#4883 = VECTOR('',#4884,1.);
#4884 = DIRECTION('',(1.,0.,0.));
#4885 = B_SPLINE_SURFACE_WITH_KNOTS('',1,1,(
    (#4886,#4887)
    ,(#4888,#4889
    )),.UNSPECIFIED.,.F.,.F.,.F.,(2,2),(2,2),(0.,49.705627484771),(0.,1.
    ),.PIECEWISE_BEZIER_KNOTS.);
#4886 = CARTESIAN_POINT('',(-24.85281374238,-60.,0.));
#4887 = CARTESIAN_POINT('',(-10.42434910324,-25.16660498395,-130.));
#4888 = CARTESIAN_POINT('',(24.852813742386,-60.,0.));
#4889 = CARTESIAN_POINT('',(10.42434910324,-25.16660498395,-130.));
#4890 = ADVANCED_FACE('',(#4891),#4897,.F.);
#4891 = FACE_BOUND('',#4892,.F.);
#4892 = EDGE_LOOP('',(#4893,#4894,#4895,#4896));
#4893 = ORIENTED_EDGE('',*,*,#4803,.T.);
#4894 = ORIENTED_EDGE('',*,*,#3434,.F.);
#4895 = ORIENTED_EDGE('',*,*,#4782,.F.);
#4896 = ORIENTED_EDGE('',*,*,#4584,.F.);
#4897 = PLANE('',#4898);
#4898 = AXIS2_PLACEMENT_3D('',#4899,#4900,#4901);
#4899 = CARTESIAN_POINT('',(-175.4133390969,-20.25,-60.));
#4900 = DIRECTION('',(0.,-1.,0.));
#4901 = DIRECTION('',(0.,0.,1.));
#4902 = ADVANCED_FACE('',(#4903),#4911,.F.);
#4903 = FACE_BOUND('',#4904,.F.);
#4904 = EDGE_LOOP('',(#4905,#4906,#4907,#4908,#4909,#4910));
#4905 = ORIENTED_EDGE('',*,*,#4826,.F.);
#4906 = ORIENTED_EDGE('',*,*,#4863,.T.);
#4907 = ORIENTED_EDGE('',*,*,#4527,.F.);
#4908 = ORIENTED_EDGE('',*,*,#4627,.F.);
#4909 = ORIENTED_EDGE('',*,*,#3557,.F.);
#4910 = ORIENTED_EDGE('',*,*,#4844,.F.);
#4911 = PLANE('',#4912);
#4912 = AXIS2_PLACEMENT_3D('',#4913,#4914,#4915);
#4913 = CARTESIAN_POINT('',(-20.25,-40.5,-51.6));
#4914 = DIRECTION('',(0.,2.2E-16,1.));
#4915 = DIRECTION('',(1.,0.,-0.));
#4916 = ADVANCED_FACE('',(#4917),#4932,.F.);
#4917 = FACE_BOUND('',#4918,.F.);
#4918 = EDGE_LOOP('',(#4919,#4920,#4921,#4922,#4928,#4929,#4930,#4931));
#4919 = ORIENTED_EDGE('',*,*,#3608,.T.);
#4920 = ORIENTED_EDGE('',*,*,#4364,.T.);
#4921 = ORIENTED_EDGE('',*,*,#4482,.T.);
#4922 = ORIENTED_EDGE('',*,*,#4923,.T.);
#4923 = EDGE_CURVE('',#4476,#4563,#4924,.T.);
#4924 = LINE('',#4925,#4926);
#4925 = CARTESIAN_POINT('',(-25.16660498395,24.852813742386,-130.));
#4926 = VECTOR('',#4927,1.);
#4927 = DIRECTION('',(0.,-1.,0.));
#4928 = ORIENTED_EDGE('',*,*,#4562,.T.);
#4929 = ORIENTED_EDGE('',*,*,#4880,.T.);
#4930 = ORIENTED_EDGE('',*,*,#3516,.T.);
#4931 = ORIENTED_EDGE('',*,*,#3579,.T.);
#4932 = PLANE('',#4933);
#4933 = AXIS2_PLACEMENT_3D('',#4934,#4935,#4936);
#4934 = CARTESIAN_POINT('',(25.166604983954,10.42434910324,-130.));
#4935 = DIRECTION('',(0.,0.,1.));
#4936 = DIRECTION('',(-0.923879532511,-0.382683432365,0.));
#4937 = ADVANCED_FACE('',(#4938),#4967,.F.);
#4938 = FACE_BOUND('',#4939,.F.);
#4939 = EDGE_LOOP('',(#4940,#4964,#4965,#4966));
#4940 = ORIENTED_EDGE('',*,*,#4941,.F.);
#4941 = EDGE_CURVE('',#4038,#4377,#4942,.T.);
#4942 = B_SPLINE_CURVE_WITH_KNOTS('',11,(#4943,#4944,#4945,#4946,#4947,
    #4948,#4949,#4950,#4951,#4952,#4953,#4954,#4955,#4956,#4957,#4958,
    #4959,#4960,#4961,#4962,#4963),.UNSPECIFIED.,.F.,.F.,(12,9,12),(0.,
    3.229876839926,6.459753679852),.UNSPECIFIED.);
#4943 = CARTESIAN_POINT('',(5.016008700282,33.880950474396,
    -97.11539832772));
#4944 = CARTESIAN_POINT('',(5.016010519386,33.576033162548,
    -98.51679967709));
#4945 = CARTESIAN_POINT('',(4.566068455807,33.271119019338,
    -99.9181902279));
#4946 = CARTESIAN_POINT('',(3.665632552536,33.00684349256,-101.167910869
    ));
#4947 = CARTESIAN_POINT('',(2.377462000456,32.823945608538,
    -102.1139320024));
#4948 = CARTESIAN_POINT('',(0.823976713729,32.755773522528,
    -102.6317891899));
#4949 = CARTESIAN_POINT('',(-0.823937893416,32.821668063759,
    -102.6492990176));
#4950 = CARTESIAN_POINT('',(-2.377383449415,33.021491533057,
    -102.1669831908));
#4951 = CARTESIAN_POINT('',(-3.665863140686,33.336151704471,
    -101.2560895856));
#4952 = CARTESIAN_POINT('',(-4.565957325159,33.732125759555,
    -100.0417287139));
#4953 = CARTESIAN_POINT('',(-5.466052711892,34.605394892037,
    -97.30951253899));
#4954 = CARTESIAN_POINT('',(-4.56595632115,35.478663942883,
    -94.57729666876));
#4955 = CARTESIAN_POINT('',(-3.665858486476,35.874639272834,
    -93.36293103901));
#4956 = CARTESIAN_POINT('',(-2.377411340764,36.189290773783,
    -92.45206979329));
#4957 = CARTESIAN_POINT('',(-0.823900905693,36.389146087772,
    -91.96963511816));
#4958 = CARTESIAN_POINT('',(0.823971372081,36.454978513673,
    -91.98737676708));
#4959 = CARTESIAN_POINT('',(2.377413401408,36.386869847584,
    -92.5049972644));
#4960 = CARTESIAN_POINT('',(3.665700819467,36.203940385096,
    -93.45113625289));
#4961 = CARTESIAN_POINT('',(4.566036320701,35.939670426851,
    -94.70083611091));
#4962 = CARTESIAN_POINT('',(5.016009780521,35.634756579505,
    -96.1022255577));
#4963 = CARTESIAN_POINT('',(5.016011600374,35.329839267663,
    -97.50362690708));
#4964 = ORIENTED_EDGE('',*,*,#4065,.T.);
#4965 = ORIENTED_EDGE('',*,*,#3800,.T.);
#4966 = ORIENTED_EDGE('',*,*,#4398,.F.);
#4967 = B_SPLINE_SURFACE_WITH_KNOTS('',1,9,(
    (#4968,#4969,#4970,#4971,#4972,#4973,#4974,#4975,#4976,#4977,#4978
      ,#4979,#4980,#4981,#4982,#4983,#4984,#4985,#4986,#4987,#4988,#4989
      ,#4990,#4991,#4992,#4993,#4994,#4995,#4996,#4997,#4998)
    ,(#4999,#5000,#5001,#5002,#5003,#5004,#5005,#5006,#5007,#5008,#5009
      ,#5010,#5011,#5012,#5013,#5014,#5015,#5016,#5017,#5018,#5019,#5020
      ,#5021,#5022,#5023,#5024,#5025,#5026,#5027,#5028,#5029
  )),.UNSPECIFIED.,.F.,.F.,.F.,(2,2),(10,7,7,7,10),(0.,0.9375),(0.,
    1.614938419963,3.229876839926,4.844815259889,6.459753679852),
  .UNSPECIFIED.);
#4968 = CARTESIAN_POINT('',(5.016008700282,33.880950474396,
    -97.11539832772));
#4969 = CARTESIAN_POINT('',(5.016009811957,33.694612117155,
    -97.97181026345));
#4970 = CARTESIAN_POINT('',(4.844157357328,33.508274970158,
    -98.82821807472));
#4971 = CARTESIAN_POINT('',(4.500317394803,33.331916484799,
    -99.6473840551));
#4972 = CARTESIAN_POINT('',(3.994712388776,33.175530856316,
    -100.3920105648));
#4973 = CARTESIAN_POINT('',(3.347527816315,33.048272156668,
    -101.0279342582));
#4974 = CARTESIAN_POINT('',(2.587798954341,32.957663165761,
    -101.5270793757));
#4975 = CARTESIAN_POINT('',(1.750921235506,32.908929962275,
    -101.8699418895));
#4976 = CARTESIAN_POINT('',(9.31994759064E-06,32.900443595999,
    -102.2235887561));
#4977 = CARTESIAN_POINT('',(-1.750916622996,33.069917274414,
    -101.913079551));
#4978 = CARTESIAN_POINT('',(-2.587807808412,33.199144016408,
    -101.5917863579));
#4979 = CARTESIAN_POINT('',(-3.347553511576,33.37024774799,
    -101.1142061717));
#4980 = CARTESIAN_POINT('',(-3.994739451135,33.577999163413,
    -100.4998550216));
#4981 = CARTESIAN_POINT('',(-4.500325695944,33.814881788845,
    -99.7767847103));
#4982 = CARTESIAN_POINT('',(-4.844111762219,34.071730418927,
    -98.9792002136));
#4983 = CARTESIAN_POINT('',(-5.187898079609,34.605394879423,
    -97.30951258607));
#4984 = CARTESIAN_POINT('',(-4.844111148658,35.139059308739,
    -95.6398250749));
#4985 = CARTESIAN_POINT('',(-4.50032508946,35.395907889315,
    -94.84224076297));
#4986 = CARTESIAN_POINT('',(-3.994740328769,35.632790597115,
    -94.11917014419));
#4987 = CARTESIAN_POINT('',(-3.347555122937,35.840542333721,
    -93.50481779541));
#4988 = CARTESIAN_POINT('',(-2.587808589494,36.011646188757,
    -93.02723714852));
#4989 = CARTESIAN_POINT('',(-1.750916770969,36.140872490197,
    -92.70594559956));
#4990 = CARTESIAN_POINT('',(9.33078513216E-06,36.310345482356,
    -92.3954389556));
#4991 = CARTESIAN_POINT('',(1.750921087533,36.301859383661,
    -92.74908482362));
#4992 = CARTESIAN_POINT('',(2.58779941763,36.253126766293,
    -93.09194514989));
#4993 = CARTESIAN_POINT('',(3.347528014576,36.16251845752,
    -93.59108772202));
#4994 = CARTESIAN_POINT('',(3.994720076969,36.035260851561,
    -94.22700733301));
#4995 = CARTESIAN_POINT('',(4.500319041442,35.878871676288,
    -94.97164708024));
#4996 = CARTESIAN_POINT('',(4.844145208066,35.702514658891,
    -95.79080758174));
#4997 = CARTESIAN_POINT('',(5.016010488241,35.5161776249,-96.64721497135
    ));
#4998 = CARTESIAN_POINT('',(5.016011600374,35.329839267663,
    -97.50362690708));
#4999 = CARTESIAN_POINT('',(4.204114717768,33.428164553303,
    -96.99407511964));
#5000 = CARTESIAN_POINT('',(4.204116376537,33.278492462502,
    -97.71364255819));
#5001 = CARTESIAN_POINT('',(4.060078567037,33.128838431334,
    -98.43312309713));
#5002 = CARTESIAN_POINT('',(3.771915115362,32.987544718317,
    -99.12145017211));
#5003 = CARTESIAN_POINT('',(3.348122419928,32.862980521972,
    -99.74732958518));
#5004 = CARTESIAN_POINT('',(2.805686982912,32.762837312466,
    -100.282050677));
#5005 = CARTESIAN_POINT('',(2.168933523332,32.693405879456,
    -100.7021538719));
#5006 = CARTESIAN_POINT('',(1.467515853828,32.659074193361,
    -100.9912649002));
#5007 = CARTESIAN_POINT('',(9.0629053076E-06,32.664989590891,
    -101.2911615683));
#5008 = CARTESIAN_POINT('',(-1.467514547658,32.820062571831,
    -101.0344016782));
#5009 = CARTESIAN_POINT('',(-2.168948619537,32.934888205689,
    -100.7668573989));
#5010 = CARTESIAN_POINT('',(-2.805719071371,33.084811771711,
    -100.3683228816));
#5011 = CARTESIAN_POINT('',(-3.348147896735,33.265449404932,
    -99.8551592147));
#5012 = CARTESIAN_POINT('',(-3.771899533643,33.470502826609,
    -99.25087485493));
#5013 = CARTESIAN_POINT('',(-4.060041238275,33.692292402853,
    -98.58413238073));
#5014 = CARTESIAN_POINT('',(-4.348182584721,34.15260784622,
    -97.18818813743));
#5015 = CARTESIAN_POINT('',(-4.060039954708,34.612923224359,
    -95.79224413756));
#5016 = CARTESIAN_POINT('',(-3.771898103768,34.834712706866,
    -95.12550201319));
#5017 = CARTESIAN_POINT('',(-3.348148632684,35.039766232076,
    -94.52121726703));
#5018 = CARTESIAN_POINT('',(-2.805720827022,35.220404333427,
    -94.00805185297));
#5019 = CARTESIAN_POINT('',(-2.168948988594,35.370328054528,
    -93.6095167569));
#5020 = CARTESIAN_POINT('',(-1.467513867245,35.485152962359,
    -93.34197518724));
#5021 = CARTESIAN_POINT('',(1.005498334774E-05,35.640224790595,
    -93.0852195991));
#5022 = CARTESIAN_POINT('',(1.467516534239,35.646140519178,
    -93.38511503166));
#5023 = CARTESIAN_POINT('',(2.168935089976,35.611809704113,
    -93.67422280902));
#5024 = CARTESIAN_POINT('',(2.805688042252,35.542379295243,
    -94.09432218245));
#5025 = CARTESIAN_POINT('',(3.34813500868,35.442237755556,
    -94.62903704136));
#5026 = CARTESIAN_POINT('',(3.771918163299,35.317668017348,-95.254937138
    ));
#5027 = CARTESIAN_POINT('',(4.060059997206,35.176376571112,
    -95.9432557527));
#5028 = CARTESIAN_POINT('',(4.204117593076,35.026722707371,
    -96.6627356669));
#5029 = CARTESIAN_POINT('',(4.204119229056,34.877050616576,
    -97.38230310545));
#5030 = ADVANCED_FACE('',(#5031),#5036,.F.);
#5031 = FACE_BOUND('',#5032,.F.);
#5032 = EDGE_LOOP('',(#5033,#5034,#5035));
#5033 = ORIENTED_EDGE('',*,*,#4376,.F.);
#5034 = ORIENTED_EDGE('',*,*,#4288,.T.);
#5035 = ORIENTED_EDGE('',*,*,#4941,.T.);
#5036 = B_SPLINE_SURFACE_WITH_KNOTS('',1,11,(
    (#5037,#5038,#5039,#5040,#5041,#5042,#5043,#5044,#5045,#5046,#5047
      ,#5048,#5049,#5050,#5051,#5052,#5053,#5054,#5055,#5056,#5057)
    ,(#5058,#5059,#5060,#5061,#5062,#5063,#5064,#5065,#5066,#5067,#5068
      ,#5069,#5070,#5071,#5072,#5073,#5074,#5075,#5076,#5077,#5078
  )),.UNSPECIFIED.,.F.,.F.,.F.,(2,2),(12,9,12),(0.,0.1875),(0.,
    3.229876839926,6.459753679852),.UNSPECIFIED.);
#5037 = CARTESIAN_POINT('',(5.016006766886,34.062061566815,
    -97.16392689867));
#5038 = CARTESIAN_POINT('',(5.016008182244,33.75714442166,
    -98.56532762593));
#5039 = CARTESIAN_POINT('',(4.566062833073,33.452230478091,
    -99.96671743152));
#5040 = CARTESIAN_POINT('',(3.665638491392,33.18795571837,
    -101.2164352102));
#5041 = CARTESIAN_POINT('',(2.377455532745,33.005054437273,
    -102.1624690217));
#5042 = CARTESIAN_POINT('',(0.823975752844,32.936889458187,
    -102.6802996852));
#5043 = CARTESIAN_POINT('',(-0.823933411382,33.002777097321,
    -102.6978352727));
#5044 = CARTESIAN_POINT('',(-2.377385477177,33.202604044706,
    -102.215506465));
#5045 = CARTESIAN_POINT('',(-3.665860973386,33.517263140621,
    -101.3046168737));
#5046 = CARTESIAN_POINT('',(-4.565955159185,33.913237188822,
    -100.0902560277));
#5047 = CARTESIAN_POINT('',(-5.466050253886,34.78650597868,
    -97.35804113149));
#5048 = CARTESIAN_POINT('',(-4.565954380622,35.659774705232,
    -94.62582647154));
#5049 = CARTESIAN_POINT('',(-3.665857356817,36.055749745187,
    -93.41146192408));
#5050 = CARTESIAN_POINT('',(-2.3774071746,36.370402097676,
    -92.50059750029));
#5051 = CARTESIAN_POINT('',(-0.823904647731,36.570253813484,
    -92.01817625385));
#5052 = CARTESIAN_POINT('',(0.823971593655,36.636093141041,
    -92.0358921454));
#5053 = CARTESIAN_POINT('',(2.377417729332,36.567977488888,
    -92.55353871533));
#5054 = CARTESIAN_POINT('',(3.66569158452,36.385051647032,
    -93.49966419078));
#5055 = CARTESIAN_POINT('',(4.56603783677,36.120781218583,
    -94.74936580422));
#5056 = CARTESIAN_POINT('',(5.016007606405,35.815867505225,
    -96.15075475078));
#5057 = CARTESIAN_POINT('',(5.016009022513,35.510950360075,
    -97.55215547803));
#5058 = CARTESIAN_POINT('',(5.016008700282,33.880950474396,
    -97.11539832772));
#5059 = CARTESIAN_POINT('',(5.016010519386,33.576033162548,
    -98.51679967709));
#5060 = CARTESIAN_POINT('',(4.566068455807,33.271119019338,
    -99.9181902279));
#5061 = CARTESIAN_POINT('',(3.665632552536,33.00684349256,-101.167910869
    ));
#5062 = CARTESIAN_POINT('',(2.377462000456,32.823945608538,
    -102.1139320024));
#5063 = CARTESIAN_POINT('',(0.823976713729,32.755773522528,
    -102.6317891899));
#5064 = CARTESIAN_POINT('',(-0.823937893416,32.821668063759,
    -102.6492990176));
#5065 = CARTESIAN_POINT('',(-2.377383449415,33.021491533057,
    -102.1669831908));
#5066 = CARTESIAN_POINT('',(-3.665863140686,33.336151704471,
    -101.2560895856));
#5067 = CARTESIAN_POINT('',(-4.565957325159,33.732125759555,
    -100.0417287139));
#5068 = CARTESIAN_POINT('',(-5.466052711892,34.605394892037,
    -97.30951253899));
#5069 = CARTESIAN_POINT('',(-4.56595632115,35.478663942883,
    -94.57729666876));
#5070 = CARTESIAN_POINT('',(-3.665858486476,35.874639272834,
    -93.36293103901));
#5071 = CARTESIAN_POINT('',(-2.377411340764,36.189290773783,
    -92.45206979329));
#5072 = CARTESIAN_POINT('',(-0.823900905693,36.389146087772,
    -91.96963511816));
#5073 = CARTESIAN_POINT('',(0.823971372081,36.454978513673,
    -91.98737676708));
#5074 = CARTESIAN_POINT('',(2.377413401408,36.386869847584,
    -92.5049972644));
#5075 = CARTESIAN_POINT('',(3.665700819467,36.203940385096,
    -93.45113625289));
#5076 = CARTESIAN_POINT('',(4.566036320701,35.939670426851,
    -94.70083611091));
#5077 = CARTESIAN_POINT('',(5.016009780521,35.634756579505,
    -96.1022255577));
#5078 = CARTESIAN_POINT('',(5.016011600374,35.329839267663,
    -97.50362690708));
#5079 = ADVANCED_FACE('',(#5080),#5086,.F.);
#5080 = FACE_BOUND('',#5081,.F.);
#5081 = EDGE_LOOP('',(#5082,#5083,#5084,#5085));
#5082 = ORIENTED_EDGE('',*,*,#4475,.F.);
#5083 = ORIENTED_EDGE('',*,*,#4810,.F.);
#5084 = ORIENTED_EDGE('',*,*,#4570,.T.);
#5085 = ORIENTED_EDGE('',*,*,#4923,.F.);
#5086 = B_SPLINE_SURFACE_WITH_KNOTS('',1,1,(
    (#5087,#5088)
    ,(#5089,#5090
    )),.UNSPECIFIED.,.F.,.F.,.F.,(2,2),(2,2),(0.,49.705627484771),(0.,1.
    ),.PIECEWISE_BEZIER_KNOTS.);
#5087 = CARTESIAN_POINT('',(-60.,24.852813742386,0.));
#5088 = CARTESIAN_POINT('',(-25.16660498395,10.42434910324,-130.));
#5089 = CARTESIAN_POINT('',(-60.,-24.85281374238,0.));
#5090 = CARTESIAN_POINT('',(-25.16660498395,-10.42434910324,-130.));
#5091 = ( GEOMETRIC_REPRESENTATION_CONTEXT(3) 
GLOBAL_UNCERTAINTY_ASSIGNED_CONTEXT((#5095)) 
GLOBAL_UNIT_ASSIGNED_CONTEXT((#5092,#5093,#5094)) REPRESENTATION_CONTEXT
('Context #1','3D Context with UNIT and UNCERTAINTY') );
#5092 = ( LENGTH_UNIT() NAMED_UNIT(*) SI_UNIT(.MILLI.,.METRE.) );
#5093 = ( NAMED_UNIT(*) PLANE_ANGLE_UNIT() SI_UNIT($,.RADIAN.) );
#5094 = ( NAMED_UNIT(*) SI_UNIT($,.STERADIAN.) SOLID_ANGLE_UNIT() );
#5095 = UNCERTAINTY_MEASURE_WITH_UNIT(LENGTH_MEASURE(2.E-05),#5092,
  'distance_accuracy_value','confusion accuracy');
#5096 = CONTEXT_DEPENDENT_SHAPE_REPRESENTATION(#5097,#5099);
#5097 = ( REPRESENTATION_RELATIONSHIP('','',#56,#10) 
REPRESENTATION_RELATIONSHIP_WITH_TRANSFORMATION(#5098) 
SHAPE_REPRESENTATION_RELATIONSHIP() );
#5098 = ITEM_DEFINED_TRANSFORMATION('','',#11,#15);
#5099 = PRODUCT_DEFINITION_SHAPE('Placement','Placement of an item',
  #5100);
#5100 = NEXT_ASSEMBLY_USAGE_OCCURRENCE('1','Body001','',#5,#51,$);
#5101 = PRODUCT_RELATED_PRODUCT_CATEGORY('part',$,(#53));
#5102 = SHAPE_DEFINITION_REPRESENTATION(#5103,#5109);
#5103 = PRODUCT_DEFINITION_SHAPE('','',#5104);
#5104 = PRODUCT_DEFINITION('design','',#5105,#5108);
#5105 = PRODUCT_DEFINITION_FORMATION('','',#5106);
#5106 = PRODUCT('Body002','Body002','',(#5107));
#5107 = PRODUCT_CONTEXT('',#2,'mechanical');
#5108 = PRODUCT_DEFINITION_CONTEXT('part definition',#2,'design');
#5109 = ADVANCED_BREP_SHAPE_REPRESENTATION('',(#11,#5110),#5944);
#5110 = MANIFOLD_SOLID_BREP('',#5111);
#5111 = CLOSED_SHELL('',(#5112,#5152,#5191,#5215,#5310,#5335,#5391,#5408
    ,#5425,#5458,#5489,#5513,#5567,#5598,#5622,#5651,#5690,#5714,#5736,
    #5748,#5760,#5792,#5816,#5833,#5845,#5869,#5886,#5898,#5915,#5932));
#5112 = ADVANCED_FACE('',(#5113),#5147,.F.);
#5113 = FACE_BOUND('',#5114,.F.);
#5114 = EDGE_LOOP('',(#5115,#5125,#5133,#5141));
#5115 = ORIENTED_EDGE('',*,*,#5116,.T.);
#5116 = EDGE_CURVE('',#5117,#5119,#5121,.T.);
#5117 = VERTEX_POINT('',#5118);
#5118 = CARTESIAN_POINT('',(8.,8.35,-3.E-15));
#5119 = VERTEX_POINT('',#5120);
#5120 = CARTESIAN_POINT('',(8.,8.35,-1.));
#5121 = LINE('',#5122,#5123);
#5122 = CARTESIAN_POINT('',(8.,8.35,-1.89E-15));
#5123 = VECTOR('',#5124,1.);
#5124 = DIRECTION('',(3.3E-16,-1.1E-16,-1.));
#5125 = ORIENTED_EDGE('',*,*,#5126,.T.);
#5126 = EDGE_CURVE('',#5119,#5127,#5129,.T.);
#5127 = VERTEX_POINT('',#5128);
#5128 = CARTESIAN_POINT('',(8.,5.,-1.));
#5129 = LINE('',#5130,#5131);
#5130 = CARTESIAN_POINT('',(8.,8.35,-1.));
#5131 = VECTOR('',#5132,1.);
#5132 = DIRECTION('',(-2.2E-16,-1.,3.3E-16));
#5133 = ORIENTED_EDGE('',*,*,#5134,.F.);
#5134 = EDGE_CURVE('',#5135,#5127,#5137,.T.);
#5135 = VERTEX_POINT('',#5136);
#5136 = CARTESIAN_POINT('',(8.,5.,-1.E-15));
#5137 = LINE('',#5138,#5139);
#5138 = CARTESIAN_POINT('',(8.,5.,-7.8E-16));
#5139 = VECTOR('',#5140,1.);
#5140 = DIRECTION('',(3.3E-16,-1.1E-16,-1.));
#5141 = ORIENTED_EDGE('',*,*,#5142,.F.);
#5142 = EDGE_CURVE('',#5117,#5135,#5143,.T.);
#5143 = LINE('',#5144,#5145);
#5144 = CARTESIAN_POINT('',(8.,8.35,-5.45E-15));
#5145 = VECTOR('',#5146,1.);
#5146 = DIRECTION('',(0.,-1.,3.3E-16));
#5147 = PLANE('',#5148);
#5148 = AXIS2_PLACEMENT_3D('',#5149,#5150,#5151);
#5149 = CARTESIAN_POINT('',(8.,8.35,-1.89E-15));
#5150 = DIRECTION('',(-1.,2.2E-16,-3.3E-16));
#5151 = DIRECTION('',(-2.2E-16,-1.,3.3E-16));
#5152 = ADVANCED_FACE('',(#5153),#5186,.F.);
#5153 = FACE_BOUND('',#5154,.F.);
#5154 = EDGE_LOOP('',(#5155,#5156,#5164,#5172,#5180));
#5155 = ORIENTED_EDGE('',*,*,#5116,.F.);
#5156 = ORIENTED_EDGE('',*,*,#5157,.F.);
#5157 = EDGE_CURVE('',#5158,#5117,#5160,.T.);
#5158 = VERTEX_POINT('',#5159);
#5159 = CARTESIAN_POINT('',(1.E-15,8.35,-5.E-15));
#5160 = LINE('',#5161,#5162);
#5161 = CARTESIAN_POINT('',(-2.78E-15,8.35,-4.64E-15));
#5162 = VECTOR('',#5163,1.);
#5163 = DIRECTION('',(1.,-3.3E-16,0.));
#5164 = ORIENTED_EDGE('',*,*,#5165,.T.);
#5165 = EDGE_CURVE('',#5158,#5166,#5168,.T.);
#5166 = VERTEX_POINT('',#5167);
#5167 = CARTESIAN_POINT('',(2.E-15,8.35,-4.));
#5168 = LINE('',#5169,#5170);
#5169 = CARTESIAN_POINT('',(8.E-17,8.35,-2.78E-15));
#5170 = VECTOR('',#5171,1.);
#5171 = DIRECTION('',(3.3E-16,-1.1E-16,-1.));
#5172 = ORIENTED_EDGE('',*,*,#5173,.T.);
#5173 = EDGE_CURVE('',#5166,#5174,#5176,.T.);
#5174 = VERTEX_POINT('',#5175);
#5175 = CARTESIAN_POINT('',(5.,8.35,-4.));
#5176 = LINE('',#5177,#5178);
#5177 = CARTESIAN_POINT('',(-2.22E-15,8.35,-4.));
#5178 = VECTOR('',#5179,1.);
#5179 = DIRECTION('',(1.,-4.4E-16,-3.3E-16));
#5180 = ORIENTED_EDGE('',*,*,#5181,.F.);
#5181 = EDGE_CURVE('',#5119,#5174,#5182,.T.);
#5182 = LINE('',#5183,#5184);
#5183 = CARTESIAN_POINT('',(5.5,8.35,-3.5));
#5184 = VECTOR('',#5185,1.);
#5185 = DIRECTION('',(-0.707106781187,2.4E-16,-0.707106781187));
#5186 = PLANE('',#5187);
#5187 = AXIS2_PLACEMENT_3D('',#5188,#5189,#5190);
#5188 = CARTESIAN_POINT('',(8.E-17,8.35,-2.78E-15));
#5189 = DIRECTION('',(-4.4E-16,-1.,1.1E-16));
#5190 = DIRECTION('',(1.,-4.4E-16,1.1E-16));
#5191 = ADVANCED_FACE('',(#5192),#5210,.T.);
#5192 = FACE_BOUND('',#5193,.T.);
#5193 = EDGE_LOOP('',(#5194,#5195,#5196,#5204));
#5194 = ORIENTED_EDGE('',*,*,#5181,.F.);
#5195 = ORIENTED_EDGE('',*,*,#5126,.T.);
#5196 = ORIENTED_EDGE('',*,*,#5197,.T.);
#5197 = EDGE_CURVE('',#5127,#5198,#5200,.T.);
#5198 = VERTEX_POINT('',#5199);
#5199 = CARTESIAN_POINT('',(5.,5.,-4.));
#5200 = LINE('',#5201,#5202);
#5201 = CARTESIAN_POINT('',(7.5,5.,-1.5));
#5202 = VECTOR('',#5203,1.);
#5203 = DIRECTION('',(-0.707106781187,2.4E-16,-0.707106781187));
#5204 = ORIENTED_EDGE('',*,*,#5205,.F.);
#5205 = EDGE_CURVE('',#5174,#5198,#5206,.T.);
#5206 = LINE('',#5207,#5208);
#5207 = CARTESIAN_POINT('',(5.,8.35,-4.));
#5208 = VECTOR('',#5209,1.);
#5209 = DIRECTION('',(-2.2E-16,-1.,3.3E-16));
#5210 = PLANE('',#5211);
#5211 = AXIS2_PLACEMENT_3D('',#5212,#5213,#5214);
#5212 = CARTESIAN_POINT('',(6.5,8.35,-2.5));
#5213 = DIRECTION('',(0.707106781187,-3.2E-16,-0.707106781187));
#5214 = DIRECTION('',(-1.712741699797E-16,-1.,2.812741699797E-16));
#5215 = ADVANCED_FACE('',(#5216),#5305,.T.);
#5216 = FACE_BOUND('',#5217,.T.);
#5217 = EDGE_LOOP('',(#5218,#5219,#5227,#5235,#5243,#5251,#5259,#5267,
    #5275,#5283,#5291,#5299));
#5218 = ORIENTED_EDGE('',*,*,#5142,.F.);
#5219 = ORIENTED_EDGE('',*,*,#5220,.T.);
#5220 = EDGE_CURVE('',#5117,#5221,#5223,.T.);
#5221 = VERTEX_POINT('',#5222);
#5222 = CARTESIAN_POINT('',(32.499999999995,8.35,0.));
#5223 = LINE('',#5224,#5225);
#5224 = CARTESIAN_POINT('',(-2.78E-15,8.35,-4.64E-15));
#5225 = VECTOR('',#5226,1.);
#5226 = DIRECTION('',(1.,-3.3E-16,0.));
#5227 = ORIENTED_EDGE('',*,*,#5228,.F.);
#5228 = EDGE_CURVE('',#5229,#5221,#5231,.T.);
#5229 = VERTEX_POINT('',#5230);
#5230 = CARTESIAN_POINT('',(32.499999999995,5.,1.E-15));
#5231 = LINE('',#5232,#5233);
#5232 = CARTESIAN_POINT('',(32.499999999995,5.,-1.249E-14));
#5233 = VECTOR('',#5234,1.);
#5234 = DIRECTION('',(0.,1.,-3.3E-16));
#5235 = ORIENTED_EDGE('',*,*,#5236,.F.);
#5236 = EDGE_CURVE('',#5237,#5229,#5239,.T.);
#5237 = VERTEX_POINT('',#5238);
#5238 = CARTESIAN_POINT('',(40.5,5.,2.E-15));
#5239 = LINE('',#5240,#5241);
#5240 = CARTESIAN_POINT('',(40.5,5.,-1.515E-14));
#5241 = VECTOR('',#5242,1.);
#5242 = DIRECTION('',(-1.,4.4E-16,3.3E-16));
#5243 = ORIENTED_EDGE('',*,*,#5244,.T.);
#5244 = EDGE_CURVE('',#5237,#5245,#5247,.T.);
#5245 = VERTEX_POINT('',#5246);
#5246 = CARTESIAN_POINT('',(40.5,3.35,3.E-15));
#5247 = LINE('',#5248,#5249);
#5248 = CARTESIAN_POINT('',(40.5,8.35,-4.263256414561E-14));
#5249 = VECTOR('',#5250,1.);
#5250 = DIRECTION('',(5.6E-16,-1.,5.6E-16));
#5251 = ORIENTED_EDGE('',*,*,#5252,.F.);
#5252 = EDGE_CURVE('',#5253,#5245,#5255,.T.);
#5253 = VERTEX_POINT('',#5254);
#5254 = CARTESIAN_POINT('',(32.499999999995,3.35,2.E-15));
#5255 = LINE('',#5256,#5257);
#5256 = CARTESIAN_POINT('',(32.499999999995,3.35,-1.194E-14));
#5257 = VECTOR('',#5258,1.);
#5258 = DIRECTION('',(1.,-4.4E-16,-3.3E-16));
#5259 = ORIENTED_EDGE('',*,*,#5260,.F.);
#5260 = EDGE_CURVE('',#5261,#5253,#5263,.T.);
#5261 = VERTEX_POINT('',#5262);
#5262 = CARTESIAN_POINT('',(32.499999999995,-1.8E-14,4.E-15));
#5263 = LINE('',#5264,#5265);
#5264 = CARTESIAN_POINT('',(32.499999999995,-1.443E-14,-1.082E-14));
#5265 = VECTOR('',#5266,1.);
#5266 = DIRECTION('',(0.,1.,-3.3E-16));
#5267 = ORIENTED_EDGE('',*,*,#5268,.F.);
#5268 = EDGE_CURVE('',#5269,#5261,#5271,.T.);
#5269 = VERTEX_POINT('',#5270);
#5270 = CARTESIAN_POINT('',(8.,-4.E-15,1.E-15));
#5271 = LINE('',#5272,#5273);
#5272 = CARTESIAN_POINT('',(0.,0.,0.));
#5273 = VECTOR('',#5274,1.);
#5274 = DIRECTION('',(1.,-3.3E-16,0.));
#5275 = ORIENTED_EDGE('',*,*,#5276,.F.);
#5276 = EDGE_CURVE('',#5277,#5269,#5279,.T.);
#5277 = VERTEX_POINT('',#5278);
#5278 = CARTESIAN_POINT('',(8.,3.35,-1.E-15));
#5279 = LINE('',#5280,#5281);
#5280 = CARTESIAN_POINT('',(8.,3.35,-3.78E-15));
#5281 = VECTOR('',#5282,1.);
#5282 = DIRECTION('',(0.,-1.,3.3E-16));
#5283 = ORIENTED_EDGE('',*,*,#5284,.F.);
#5284 = EDGE_CURVE('',#5285,#5277,#5287,.T.);
#5285 = VERTEX_POINT('',#5286);
#5286 = CARTESIAN_POINT('',(1.E-15,3.35,-1.E-15));
#5287 = LINE('',#5288,#5289);
#5288 = CARTESIAN_POINT('',(0.,3.35,-1.12E-15));
#5289 = VECTOR('',#5290,1.);
#5290 = DIRECTION('',(1.,-4.4E-16,-3.3E-16));
#5291 = ORIENTED_EDGE('',*,*,#5292,.F.);
#5292 = EDGE_CURVE('',#5293,#5285,#5295,.T.);
#5293 = VERTEX_POINT('',#5294);
#5294 = CARTESIAN_POINT('',(-0.,5.,-2.E-15));
#5295 = LINE('',#5296,#5297);
#5296 = CARTESIAN_POINT('',(-4.64E-15,8.35,-4.64E-15));
#5297 = VECTOR('',#5298,1.);
#5298 = DIRECTION('',(5.6E-16,-1.,5.6E-16));
#5299 = ORIENTED_EDGE('',*,*,#5300,.F.);
#5300 = EDGE_CURVE('',#5135,#5293,#5301,.T.);
#5301 = LINE('',#5302,#5303);
#5302 = CARTESIAN_POINT('',(8.,5.,-4.33E-15));
#5303 = VECTOR('',#5304,1.);
#5304 = DIRECTION('',(-1.,4.4E-16,3.3E-16));
#5305 = PLANE('',#5306);
#5306 = AXIS2_PLACEMENT_3D('',#5307,#5308,#5309);
#5307 = CARTESIAN_POINT('',(-2.78E-15,8.35,-4.64E-15));
#5308 = DIRECTION('',(4.4E-16,-1.1E-16,-1.));
#5309 = DIRECTION('',(3.3E-16,-1.,1.1E-16));
#5310 = ADVANCED_FACE('',(#5311),#5330,.F.);
#5311 = FACE_BOUND('',#5312,.F.);
#5312 = EDGE_LOOP('',(#5313,#5314,#5315,#5323,#5329));
#5313 = ORIENTED_EDGE('',*,*,#5134,.T.);
#5314 = ORIENTED_EDGE('',*,*,#5197,.T.);
#5315 = ORIENTED_EDGE('',*,*,#5316,.T.);
#5316 = EDGE_CURVE('',#5198,#5317,#5319,.T.);
#5317 = VERTEX_POINT('',#5318);
#5318 = CARTESIAN_POINT('',(1.E-15,5.,-4.));
#5319 = LINE('',#5320,#5321);
#5320 = CARTESIAN_POINT('',(8.,5.,-4.));
#5321 = VECTOR('',#5322,1.);
#5322 = DIRECTION('',(-1.,4.4E-16,3.3E-16));
#5323 = ORIENTED_EDGE('',*,*,#5324,.F.);
#5324 = EDGE_CURVE('',#5293,#5317,#5325,.T.);
#5325 = LINE('',#5326,#5327);
#5326 = CARTESIAN_POINT('',(-6.7E-16,5.,-1.67E-15));
#5327 = VECTOR('',#5328,1.);
#5328 = DIRECTION('',(3.3E-16,-1.1E-16,-1.));
#5329 = ORIENTED_EDGE('',*,*,#5300,.F.);
#5330 = PLANE('',#5331);
#5331 = AXIS2_PLACEMENT_3D('',#5332,#5333,#5334);
#5332 = CARTESIAN_POINT('',(8.,5.,-7.8E-16));
#5333 = DIRECTION('',(4.4E-16,1.,-1.1E-16));
#5334 = DIRECTION('',(-1.,4.4E-16,-1.1E-16));
#5335 = ADVANCED_FACE('',(#5336),#5386,.T.);
#5336 = FACE_BOUND('',#5337,.T.);
#5337 = EDGE_LOOP('',(#5338,#5348,#5356,#5364,#5370,#5371,#5372,#5380));
#5338 = ORIENTED_EDGE('',*,*,#5339,.T.);
#5339 = EDGE_CURVE('',#5340,#5342,#5344,.T.);
#5340 = VERTEX_POINT('',#5341);
#5341 = CARTESIAN_POINT('',(1.1,8.35,5.67));
#5342 = VERTEX_POINT('',#5343);
#5343 = CARTESIAN_POINT('',(39.4,8.35,5.67));
#5344 = LINE('',#5345,#5346);
#5345 = CARTESIAN_POINT('',(-6.56E-15,8.35,5.67));
#5346 = VECTOR('',#5347,1.);
#5347 = DIRECTION('',(1.,-3.3E-16,0.));
#5348 = ORIENTED_EDGE('',*,*,#5349,.T.);
#5349 = EDGE_CURVE('',#5342,#5350,#5352,.T.);
#5350 = VERTEX_POINT('',#5351);
#5351 = CARTESIAN_POINT('',(40.5,8.35,4.53076463376));
#5352 = LINE('',#5353,#5354);
#5353 = CARTESIAN_POINT('',(30.722593621599,8.35,14.65691657592));
#5354 = VECTOR('',#5355,1.);
#5355 = DIRECTION('',(0.694610400237,-1.5E-16,-0.719386121553));
#5356 = ORIENTED_EDGE('',*,*,#5357,.T.);
#5357 = EDGE_CURVE('',#5350,#5358,#5360,.T.);
#5358 = VERTEX_POINT('',#5359);
#5359 = CARTESIAN_POINT('',(40.5,8.35,2.E-15));
#5360 = LINE('',#5361,#5362);
#5361 = CARTESIAN_POINT('',(40.5,8.35,5.67));
#5362 = VECTOR('',#5363,1.);
#5363 = DIRECTION('',(6.7E-16,3.3E-16,-1.));
#5364 = ORIENTED_EDGE('',*,*,#5365,.F.);
#5365 = EDGE_CURVE('',#5221,#5358,#5366,.T.);
#5366 = LINE('',#5367,#5368);
#5367 = CARTESIAN_POINT('',(-2.78E-15,8.35,-4.64E-15));
#5368 = VECTOR('',#5369,1.);
#5369 = DIRECTION('',(1.,-3.3E-16,0.));
#5370 = ORIENTED_EDGE('',*,*,#5220,.F.);
#5371 = ORIENTED_EDGE('',*,*,#5157,.F.);
#5372 = ORIENTED_EDGE('',*,*,#5373,.F.);
#5373 = EDGE_CURVE('',#5374,#5158,#5376,.T.);
#5374 = VERTEX_POINT('',#5375);
#5375 = CARTESIAN_POINT('',(-2.E-15,8.35,4.53076463376));
#5376 = LINE('',#5377,#5378);
#5377 = CARTESIAN_POINT('',(-8.41E-15,8.35,5.67));
#5378 = VECTOR('',#5379,1.);
#5379 = DIRECTION('',(6.7E-16,3.3E-16,-1.));
#5380 = ORIENTED_EDGE('',*,*,#5381,.F.);
#5381 = EDGE_CURVE('',#5340,#5374,#5382,.T.);
#5382 = LINE('',#5383,#5384);
#5383 = CARTESIAN_POINT('',(7.113314027329E-03,8.35,4.538131669134));
#5384 = VECTOR('',#5385,1.);
#5385 = DIRECTION('',(-0.694610400237,3.1E-16,-0.719386121553));
#5386 = PLANE('',#5387);
#5387 = AXIS2_PLACEMENT_3D('',#5388,#5389,#5390);
#5388 = CARTESIAN_POINT('',(-6.56E-15,8.35,5.67));
#5389 = DIRECTION('',(-1.1E-16,1.,-3.3E-16));
#5390 = DIRECTION('',(6.7E-16,-3.3E-16,-1.));
#5391 = ADVANCED_FACE('',(#5392),#5403,.F.);
#5392 = FACE_BOUND('',#5393,.F.);
#5393 = EDGE_LOOP('',(#5394,#5395,#5401,#5402));
#5394 = ORIENTED_EDGE('',*,*,#5173,.F.);
#5395 = ORIENTED_EDGE('',*,*,#5396,.F.);
#5396 = EDGE_CURVE('',#5317,#5166,#5397,.T.);
#5397 = LINE('',#5398,#5399);
#5398 = CARTESIAN_POINT('',(-2.22E-15,5.,-4.));
#5399 = VECTOR('',#5400,1.);
#5400 = DIRECTION('',(0.,1.,-3.3E-16));
#5401 = ORIENTED_EDGE('',*,*,#5316,.F.);
#5402 = ORIENTED_EDGE('',*,*,#5205,.F.);
#5403 = PLANE('',#5404);
#5404 = AXIS2_PLACEMENT_3D('',#5405,#5406,#5407);
#5405 = CARTESIAN_POINT('',(20.250000000002,4.175,-4.));
#5406 = DIRECTION('',(-3.3E-16,-1.1E-16,1.));
#5407 = DIRECTION('',(1.,-2.2E-16,3.3E-16));
#5408 = ADVANCED_FACE('',(#5409),#5420,.F.);
#5409 = FACE_BOUND('',#5410,.F.);
#5410 = EDGE_LOOP('',(#5411,#5412,#5413,#5414));
#5411 = ORIENTED_EDGE('',*,*,#5324,.T.);
#5412 = ORIENTED_EDGE('',*,*,#5396,.T.);
#5413 = ORIENTED_EDGE('',*,*,#5165,.F.);
#5414 = ORIENTED_EDGE('',*,*,#5415,.T.);
#5415 = EDGE_CURVE('',#5158,#5293,#5416,.T.);
#5416 = LINE('',#5417,#5418);
#5417 = CARTESIAN_POINT('',(-4.64E-15,8.35,-4.64E-15));
#5418 = VECTOR('',#5419,1.);
#5419 = DIRECTION('',(5.6E-16,-1.,5.6E-16));
#5420 = PLANE('',#5421);
#5421 = AXIS2_PLACEMENT_3D('',#5422,#5423,#5424);
#5422 = CARTESIAN_POINT('',(-6.7E-16,5.,-1.67E-15));
#5423 = DIRECTION('',(1.,-2.2E-16,3.3E-16));
#5424 = DIRECTION('',(2.2E-16,1.,-3.3E-16));
#5425 = ADVANCED_FACE('',(#5426),#5453,.F.);
#5426 = FACE_BOUND('',#5427,.F.);
#5427 = EDGE_LOOP('',(#5428,#5438,#5444,#5445,#5446,#5447));
#5428 = ORIENTED_EDGE('',*,*,#5429,.F.);
#5429 = EDGE_CURVE('',#5430,#5432,#5434,.T.);
#5430 = VERTEX_POINT('',#5431);
#5431 = CARTESIAN_POINT('',(0.,0.,0.));
#5432 = VERTEX_POINT('',#5433);
#5433 = CARTESIAN_POINT('',(-2.E-15,1.E-15,2.28076463376));
#5434 = LINE('',#5435,#5436);
#5435 = CARTESIAN_POINT('',(0.,0.,0.));
#5436 = VECTOR('',#5437,1.);
#5437 = DIRECTION('',(-6.7E-16,-3.3E-16,1.));
#5438 = ORIENTED_EDGE('',*,*,#5439,.F.);
#5439 = EDGE_CURVE('',#5285,#5430,#5440,.T.);
#5440 = LINE('',#5441,#5442);
#5441 = CARTESIAN_POINT('',(-4.64E-15,8.35,-4.64E-15));
#5442 = VECTOR('',#5443,1.);
#5443 = DIRECTION('',(5.6E-16,-1.,5.6E-16));
#5444 = ORIENTED_EDGE('',*,*,#5292,.F.);
#5445 = ORIENTED_EDGE('',*,*,#5415,.F.);
#5446 = ORIENTED_EDGE('',*,*,#5373,.F.);
#5447 = ORIENTED_EDGE('',*,*,#5448,.F.);
#5448 = EDGE_CURVE('',#5432,#5374,#5449,.T.);
#5449 = LINE('',#5450,#5451);
#5450 = CARTESIAN_POINT('',(-2.43E-15,0.286198896079,2.357884096775));
#5451 = VECTOR('',#5452,1.);
#5452 = DIRECTION('',(-4.9E-16,0.965559912023,0.260180814617));
#5453 = PLANE('',#5454);
#5454 = AXIS2_PLACEMENT_3D('',#5455,#5456,#5457);
#5455 = CARTESIAN_POINT('',(-4.08E-15,4.535081664303,2.346958024569));
#5456 = DIRECTION('',(1.,-3.3E-16,-2.2E-16));
#5457 = DIRECTION('',(2.2E-16,-3.3E-16,1.));
#5458 = ADVANCED_FACE('',(#5459),#5484,.F.);
#5459 = FACE_BOUND('',#5460,.F.);
#5460 = EDGE_LOOP('',(#5461,#5469,#5477,#5483));
#5461 = ORIENTED_EDGE('',*,*,#5462,.T.);
#5462 = EDGE_CURVE('',#5285,#5463,#5465,.T.);
#5463 = VERTEX_POINT('',#5464);
#5464 = CARTESIAN_POINT('',(2.E-15,3.35,-4.));
#5465 = LINE('',#5466,#5467);
#5466 = CARTESIAN_POINT('',(7.4E-16,3.35,-1.12E-15));
#5467 = VECTOR('',#5468,1.);
#5468 = DIRECTION('',(3.3E-16,-1.1E-16,-1.));
#5469 = ORIENTED_EDGE('',*,*,#5470,.T.);
#5470 = EDGE_CURVE('',#5463,#5471,#5473,.T.);
#5471 = VERTEX_POINT('',#5472);
#5472 = CARTESIAN_POINT('',(8.,3.35,-4.));
#5473 = LINE('',#5474,#5475);
#5474 = CARTESIAN_POINT('',(-4.4E-16,3.35,-4.));
#5475 = VECTOR('',#5476,1.);
#5476 = DIRECTION('',(1.,-4.4E-16,-3.3E-16));
#5477 = ORIENTED_EDGE('',*,*,#5478,.F.);
#5478 = EDGE_CURVE('',#5277,#5471,#5479,.T.);
#5479 = LINE('',#5480,#5481);
#5480 = CARTESIAN_POINT('',(8.,3.35,-2.3E-16));
#5481 = VECTOR('',#5482,1.);
#5482 = DIRECTION('',(3.3E-16,-1.1E-16,-1.));
#5483 = ORIENTED_EDGE('',*,*,#5284,.F.);
#5484 = PLANE('',#5485);
#5485 = AXIS2_PLACEMENT_3D('',#5486,#5487,#5488);
#5486 = CARTESIAN_POINT('',(7.4E-16,3.35,-1.12E-15));
#5487 = DIRECTION('',(-4.4E-16,-1.,1.1E-16));
#5488 = DIRECTION('',(1.,-4.4E-16,1.1E-16));
#5489 = ADVANCED_FACE('',(#5490),#5508,.F.);
#5490 = FACE_BOUND('',#5491,.F.);
#5491 = EDGE_LOOP('',(#5492,#5493,#5501,#5507));
#5492 = ORIENTED_EDGE('',*,*,#5478,.T.);
#5493 = ORIENTED_EDGE('',*,*,#5494,.T.);
#5494 = EDGE_CURVE('',#5471,#5495,#5497,.T.);
#5495 = VERTEX_POINT('',#5496);
#5496 = CARTESIAN_POINT('',(8.,-5.E-15,-4.));
#5497 = LINE('',#5498,#5499);
#5498 = CARTESIAN_POINT('',(8.,3.35,-4.));
#5499 = VECTOR('',#5500,1.);
#5500 = DIRECTION('',(0.,-1.,3.3E-16));
#5501 = ORIENTED_EDGE('',*,*,#5502,.F.);
#5502 = EDGE_CURVE('',#5269,#5495,#5503,.T.);
#5503 = LINE('',#5504,#5505);
#5504 = CARTESIAN_POINT('',(8.,-3.55E-15,8.9E-16));
#5505 = VECTOR('',#5506,1.);
#5506 = DIRECTION('',(3.3E-16,-1.1E-16,-1.));
#5507 = ORIENTED_EDGE('',*,*,#5276,.F.);
#5508 = PLANE('',#5509);
#5509 = AXIS2_PLACEMENT_3D('',#5510,#5511,#5512);
#5510 = CARTESIAN_POINT('',(8.,3.35,-2.3E-16));
#5511 = DIRECTION('',(-1.,2.2E-16,-3.3E-16));
#5512 = DIRECTION('',(-2.2E-16,-1.,3.3E-16));
#5513 = ADVANCED_FACE('',(#5514),#5562,.T.);
#5514 = FACE_BOUND('',#5515,.T.);
#5515 = EDGE_LOOP('',(#5516,#5526,#5532,#5533,#5539,#5540,#5548,#5556));
#5516 = ORIENTED_EDGE('',*,*,#5517,.F.);
#5517 = EDGE_CURVE('',#5518,#5520,#5522,.T.);
#5518 = VERTEX_POINT('',#5519);
#5519 = CARTESIAN_POINT('',(1.1,1.E-15,3.42));
#5520 = VERTEX_POINT('',#5521);
#5521 = CARTESIAN_POINT('',(39.4,-2.2E-14,3.42));
#5522 = LINE('',#5523,#5524);
#5523 = CARTESIAN_POINT('',(-2.28E-15,-3.8E-16,3.42));
#5524 = VECTOR('',#5525,1.);
#5525 = DIRECTION('',(1.,-3.3E-16,0.));
#5526 = ORIENTED_EDGE('',*,*,#5527,.T.);
#5527 = EDGE_CURVE('',#5518,#5432,#5528,.T.);
#5528 = LINE('',#5529,#5530);
#5529 = CARTESIAN_POINT('',(-0.285207138835,-1.3E-16,1.985384579882));
#5530 = VECTOR('',#5531,1.);
#5531 = DIRECTION('',(-0.694610400237,3.1E-16,-0.719386121553));
#5532 = ORIENTED_EDGE('',*,*,#5429,.F.);
#5533 = ORIENTED_EDGE('',*,*,#5534,.T.);
#5534 = EDGE_CURVE('',#5430,#5269,#5535,.T.);
#5535 = LINE('',#5536,#5537);
#5536 = CARTESIAN_POINT('',(0.,0.,0.));
#5537 = VECTOR('',#5538,1.);
#5538 = DIRECTION('',(1.,-3.3E-16,0.));
#5539 = ORIENTED_EDGE('',*,*,#5268,.T.);
#5540 = ORIENTED_EDGE('',*,*,#5541,.T.);
#5541 = EDGE_CURVE('',#5261,#5542,#5544,.T.);
#5542 = VERTEX_POINT('',#5543);
#5543 = CARTESIAN_POINT('',(40.5,-2.2E-14,7.E-15));
#5544 = LINE('',#5545,#5546);
#5545 = CARTESIAN_POINT('',(0.,0.,0.));
#5546 = VECTOR('',#5547,1.);
#5547 = DIRECTION('',(1.,-3.3E-16,0.));
#5548 = ORIENTED_EDGE('',*,*,#5549,.T.);
#5549 = EDGE_CURVE('',#5542,#5550,#5552,.T.);
#5550 = VERTEX_POINT('',#5551);
#5551 = CARTESIAN_POINT('',(40.5,-2.2E-14,2.28076463376));
#5552 = LINE('',#5553,#5554);
#5553 = CARTESIAN_POINT('',(40.5,4.5E-15,-3.552713678801E-14));
#5554 = VECTOR('',#5555,1.);
#5555 = DIRECTION('',(-6.7E-16,-3.3E-16,1.));
#5556 = ORIENTED_EDGE('',*,*,#5557,.F.);
#5557 = EDGE_CURVE('',#5520,#5550,#5558,.T.);
#5558 = LINE('',#5559,#5560);
#5559 = CARTESIAN_POINT('',(31.014914074462,-1.168E-14,12.104169486669)
  );
#5560 = VECTOR('',#5561,1.);
#5561 = DIRECTION('',(0.694610400237,-1.5E-16,-0.719386121553));
#5562 = PLANE('',#5563);
#5563 = AXIS2_PLACEMENT_3D('',#5564,#5565,#5566);
#5564 = CARTESIAN_POINT('',(0.,0.,0.));
#5565 = DIRECTION('',(1.1E-16,-1.,3.3E-16));
#5566 = DIRECTION('',(-6.7E-16,3.3E-16,1.));
#5567 = ADVANCED_FACE('',(#5568),#5593,.F.);
#5568 = FACE_BOUND('',#5569,.F.);
#5569 = EDGE_LOOP('',(#5570,#5578,#5586,#5592));
#5570 = ORIENTED_EDGE('',*,*,#5571,.T.);
#5571 = EDGE_CURVE('',#5261,#5572,#5574,.T.);
#5572 = VERTEX_POINT('',#5573);
#5573 = CARTESIAN_POINT('',(32.499999999995,-1.9E-14,-4.));
#5574 = LINE('',#5575,#5576);
#5575 = CARTESIAN_POINT('',(32.499999999995,-1.443E-14,3.61E-15));
#5576 = VECTOR('',#5577,1.);
#5577 = DIRECTION('',(3.3E-16,-1.1E-16,-1.));
#5578 = ORIENTED_EDGE('',*,*,#5579,.T.);
#5579 = EDGE_CURVE('',#5572,#5580,#5582,.T.);
#5580 = VERTEX_POINT('',#5581);
#5581 = CARTESIAN_POINT('',(32.499999999995,3.35,-4.));
#5582 = LINE('',#5583,#5584);
#5583 = CARTESIAN_POINT('',(32.499999999995,-1.33226762955E-14,-4.));
#5584 = VECTOR('',#5585,1.);
#5585 = DIRECTION('',(0.,1.,-3.3E-16));
#5586 = ORIENTED_EDGE('',*,*,#5587,.F.);
#5587 = EDGE_CURVE('',#5253,#5580,#5588,.T.);
#5588 = LINE('',#5589,#5590);
#5589 = CARTESIAN_POINT('',(32.499999999995,3.35,2.49E-15));
#5590 = VECTOR('',#5591,1.);
#5591 = DIRECTION('',(3.3E-16,-1.1E-16,-1.));
#5592 = ORIENTED_EDGE('',*,*,#5260,.F.);
#5593 = PLANE('',#5594);
#5594 = AXIS2_PLACEMENT_3D('',#5595,#5596,#5597);
#5595 = CARTESIAN_POINT('',(32.499999999995,-1.443E-14,3.61E-15));
#5596 = DIRECTION('',(1.,-2.2E-16,3.3E-16));
#5597 = DIRECTION('',(2.2E-16,1.,-3.3E-16));
#5598 = ADVANCED_FACE('',(#5599),#5617,.F.);
#5599 = FACE_BOUND('',#5600,.F.);
#5600 = EDGE_LOOP('',(#5601,#5602,#5610,#5616));
#5601 = ORIENTED_EDGE('',*,*,#5587,.T.);
#5602 = ORIENTED_EDGE('',*,*,#5603,.T.);
#5603 = EDGE_CURVE('',#5580,#5604,#5606,.T.);
#5604 = VERTEX_POINT('',#5605);
#5605 = CARTESIAN_POINT('',(40.5,3.35,-4.));
#5606 = LINE('',#5607,#5608);
#5607 = CARTESIAN_POINT('',(32.499999999995,3.35,-4.));
#5608 = VECTOR('',#5609,1.);
#5609 = DIRECTION('',(1.,-4.4E-16,-3.3E-16));
#5610 = ORIENTED_EDGE('',*,*,#5611,.F.);
#5611 = EDGE_CURVE('',#5245,#5604,#5612,.T.);
#5612 = LINE('',#5613,#5614);
#5613 = CARTESIAN_POINT('',(40.5,3.35,3.38E-15));
#5614 = VECTOR('',#5615,1.);
#5615 = DIRECTION('',(3.3E-16,-1.1E-16,-1.));
#5616 = ORIENTED_EDGE('',*,*,#5252,.F.);
#5617 = PLANE('',#5618);
#5618 = AXIS2_PLACEMENT_3D('',#5619,#5620,#5621);
#5619 = CARTESIAN_POINT('',(32.499999999995,3.35,2.49E-15));
#5620 = DIRECTION('',(-4.4E-16,-1.,1.1E-16));
#5621 = DIRECTION('',(1.,-4.4E-16,1.1E-16));
#5622 = ADVANCED_FACE('',(#5623),#5646,.T.);
#5623 = FACE_BOUND('',#5624,.T.);
#5624 = EDGE_LOOP('',(#5625,#5626,#5632,#5633,#5639,#5640));
#5625 = ORIENTED_EDGE('',*,*,#5549,.F.);
#5626 = ORIENTED_EDGE('',*,*,#5627,.F.);
#5627 = EDGE_CURVE('',#5245,#5542,#5628,.T.);
#5628 = LINE('',#5629,#5630);
#5629 = CARTESIAN_POINT('',(40.5,8.35,-4.263256414561E-14));
#5630 = VECTOR('',#5631,1.);
#5631 = DIRECTION('',(5.6E-16,-1.,5.6E-16));
#5632 = ORIENTED_EDGE('',*,*,#5244,.F.);
#5633 = ORIENTED_EDGE('',*,*,#5634,.F.);
#5634 = EDGE_CURVE('',#5358,#5237,#5635,.T.);
#5635 = LINE('',#5636,#5637);
#5636 = CARTESIAN_POINT('',(40.5,8.35,-4.263256414561E-14));
#5637 = VECTOR('',#5638,1.);
#5638 = DIRECTION('',(5.6E-16,-1.,5.6E-16));
#5639 = ORIENTED_EDGE('',*,*,#5357,.F.);
#5640 = ORIENTED_EDGE('',*,*,#5641,.F.);
#5641 = EDGE_CURVE('',#5550,#5350,#5642,.T.);
#5642 = LINE('',#5643,#5644);
#5643 = CARTESIAN_POINT('',(40.5,0.286198896079,2.357884096775));
#5644 = VECTOR('',#5645,1.);
#5645 = DIRECTION('',(-4.9E-16,0.965559912023,0.260180814617));
#5646 = PLANE('',#5647);
#5647 = AXIS2_PLACEMENT_3D('',#5648,#5649,#5650);
#5648 = CARTESIAN_POINT('',(40.5,4.535081664303,2.346958024569));
#5649 = DIRECTION('',(1.,-3.3E-16,-2.2E-16));
#5650 = DIRECTION('',(2.2E-16,-3.3E-16,1.));
#5651 = ADVANCED_FACE('',(#5652),#5685,.F.);
#5652 = FACE_BOUND('',#5653,.F.);
#5653 = EDGE_LOOP('',(#5654,#5662,#5663,#5671,#5679));
#5654 = ORIENTED_EDGE('',*,*,#5655,.F.);
#5655 = EDGE_CURVE('',#5229,#5656,#5658,.T.);
#5656 = VERTEX_POINT('',#5657);
#5657 = CARTESIAN_POINT('',(32.499999999995,5.,-1.));
#5658 = LINE('',#5659,#5660);
#5659 = CARTESIAN_POINT('',(32.499999999995,5.,1.94E-15));
#5660 = VECTOR('',#5661,1.);
#5661 = DIRECTION('',(3.3E-16,-1.1E-16,-1.));
#5662 = ORIENTED_EDGE('',*,*,#5236,.F.);
#5663 = ORIENTED_EDGE('',*,*,#5664,.T.);
#5664 = EDGE_CURVE('',#5237,#5665,#5667,.T.);
#5665 = VERTEX_POINT('',#5666);
#5666 = CARTESIAN_POINT('',(40.5,5.,-4.));
#5667 = LINE('',#5668,#5669);
#5668 = CARTESIAN_POINT('',(40.5,5.,2.83E-15));
#5669 = VECTOR('',#5670,1.);
#5670 = DIRECTION('',(3.3E-16,-1.1E-16,-1.));
#5671 = ORIENTED_EDGE('',*,*,#5672,.T.);
#5672 = EDGE_CURVE('',#5665,#5673,#5675,.T.);
#5673 = VERTEX_POINT('',#5674);
#5674 = CARTESIAN_POINT('',(35.499999999995,5.,-4.));
#5675 = LINE('',#5676,#5677);
#5676 = CARTESIAN_POINT('',(40.5,5.,-4.));
#5677 = VECTOR('',#5678,1.);
#5678 = DIRECTION('',(-1.,4.4E-16,3.3E-16));
#5679 = ORIENTED_EDGE('',*,*,#5680,.F.);
#5680 = EDGE_CURVE('',#5656,#5673,#5681,.T.);
#5681 = LINE('',#5682,#5683);
#5682 = CARTESIAN_POINT('',(34.999999999996,5.,-3.500000000001));
#5683 = VECTOR('',#5684,1.);
#5684 = DIRECTION('',(0.707106781187,-3.9E-16,-0.707106781187));
#5685 = PLANE('',#5686);
#5686 = AXIS2_PLACEMENT_3D('',#5687,#5688,#5689);
#5687 = CARTESIAN_POINT('',(40.5,5.,2.83E-15));
#5688 = DIRECTION('',(4.4E-16,1.,-1.1E-16));
#5689 = DIRECTION('',(-1.,4.4E-16,-1.1E-16));
#5690 = ADVANCED_FACE('',(#5691),#5709,.F.);
#5691 = FACE_BOUND('',#5692,.F.);
#5692 = EDGE_LOOP('',(#5693,#5694,#5702,#5708));
#5693 = ORIENTED_EDGE('',*,*,#5655,.T.);
#5694 = ORIENTED_EDGE('',*,*,#5695,.T.);
#5695 = EDGE_CURVE('',#5656,#5696,#5698,.T.);
#5696 = VERTEX_POINT('',#5697);
#5697 = CARTESIAN_POINT('',(32.499999999995,8.35,-1.));
#5698 = LINE('',#5699,#5700);
#5699 = CARTESIAN_POINT('',(32.499999999995,5.,-1.));
#5700 = VECTOR('',#5701,1.);
#5701 = DIRECTION('',(2.2E-16,1.,-3.3E-16));
#5702 = ORIENTED_EDGE('',*,*,#5703,.F.);
#5703 = EDGE_CURVE('',#5221,#5696,#5704,.T.);
#5704 = LINE('',#5705,#5706);
#5705 = CARTESIAN_POINT('',(32.499999999995,8.35,8.3E-16));
#5706 = VECTOR('',#5707,1.);
#5707 = DIRECTION('',(3.3E-16,-1.1E-16,-1.));
#5708 = ORIENTED_EDGE('',*,*,#5228,.F.);
#5709 = PLANE('',#5710);
#5710 = AXIS2_PLACEMENT_3D('',#5711,#5712,#5713);
#5711 = CARTESIAN_POINT('',(32.499999999995,5.,1.94E-15));
#5712 = DIRECTION('',(1.,-2.2E-16,3.3E-16));
#5713 = DIRECTION('',(2.2E-16,1.,-3.3E-16));
#5714 = ADVANCED_FACE('',(#5715),#5731,.T.);
#5715 = FACE_BOUND('',#5716,.T.);
#5716 = EDGE_LOOP('',(#5717,#5718,#5724,#5725));
#5717 = ORIENTED_EDGE('',*,*,#5517,.T.);
#5718 = ORIENTED_EDGE('',*,*,#5719,.T.);
#5719 = EDGE_CURVE('',#5520,#5342,#5720,.T.);
#5720 = LINE('',#5721,#5722);
#5721 = CARTESIAN_POINT('',(39.4,-1.412E-14,3.42));
#5722 = VECTOR('',#5723,1.);
#5723 = DIRECTION('',(-4.9E-16,0.965559912023,0.260180814617));
#5724 = ORIENTED_EDGE('',*,*,#5339,.F.);
#5725 = ORIENTED_EDGE('',*,*,#5726,.F.);
#5726 = EDGE_CURVE('',#5518,#5340,#5727,.T.);
#5727 = LINE('',#5728,#5729);
#5728 = CARTESIAN_POINT('',(1.1,-9.E-16,3.42));
#5729 = VECTOR('',#5730,1.);
#5730 = DIRECTION('',(-4.9E-16,0.965559912023,0.260180814617));
#5731 = PLANE('',#5732);
#5732 = AXIS2_PLACEMENT_3D('',#5733,#5734,#5735);
#5733 = CARTESIAN_POINT('',(-2.28E-15,-3.8E-16,3.42));
#5734 = DIRECTION('',(-4.E-16,-0.260180814617,0.965559912023));
#5735 = DIRECTION('',(-4.9E-16,0.965559912023,0.260180814617));
#5736 = ADVANCED_FACE('',(#5737),#5743,.F.);
#5737 = FACE_BOUND('',#5738,.T.);
#5738 = EDGE_LOOP('',(#5739,#5740,#5741,#5742));
#5739 = ORIENTED_EDGE('',*,*,#5527,.F.);
#5740 = ORIENTED_EDGE('',*,*,#5726,.T.);
#5741 = ORIENTED_EDGE('',*,*,#5381,.T.);
#5742 = ORIENTED_EDGE('',*,*,#5448,.F.);
#5743 = PLANE('',#5744);
#5744 = AXIS2_PLACEMENT_3D('',#5745,#5746,#5747);
#5745 = CARTESIAN_POINT('',(0.55,0.143099448039,2.888942048388));
#5746 = DIRECTION('',(0.707106781187,0.18397561835,-0.682753961433));
#5747 = DIRECTION('',(3.053113317719E-16,-0.965559912023,-0.260180814617
    ));
#5748 = ADVANCED_FACE('',(#5749),#5755,.T.);
#5749 = FACE_BOUND('',#5750,.F.);
#5750 = EDGE_LOOP('',(#5751,#5752,#5753,#5754));
#5751 = ORIENTED_EDGE('',*,*,#5557,.F.);
#5752 = ORIENTED_EDGE('',*,*,#5719,.T.);
#5753 = ORIENTED_EDGE('',*,*,#5349,.T.);
#5754 = ORIENTED_EDGE('',*,*,#5641,.F.);
#5755 = PLANE('',#5756);
#5756 = AXIS2_PLACEMENT_3D('',#5757,#5758,#5759);
#5757 = CARTESIAN_POINT('',(39.95,0.143099448039,2.888942048388));
#5758 = DIRECTION('',(0.707106781187,-0.18397561835,0.682753961433));
#5759 = DIRECTION('',(-2.775557561563E-17,-0.965559912023,
    -0.260180814617));
#5760 = ADVANCED_FACE('',(#5761),#5787,.F.);
#5761 = FACE_BOUND('',#5762,.F.);
#5762 = EDGE_LOOP('',(#5763,#5764,#5772,#5780,#5786));
#5763 = ORIENTED_EDGE('',*,*,#5703,.T.);
#5764 = ORIENTED_EDGE('',*,*,#5765,.T.);
#5765 = EDGE_CURVE('',#5696,#5766,#5768,.T.);
#5766 = VERTEX_POINT('',#5767);
#5767 = CARTESIAN_POINT('',(35.499999999995,8.35,-4.));
#5768 = LINE('',#5769,#5770);
#5769 = CARTESIAN_POINT('',(32.999999999995,8.35,-1.5));
#5770 = VECTOR('',#5771,1.);
#5771 = DIRECTION('',(0.707106781187,-3.9E-16,-0.707106781187));
#5772 = ORIENTED_EDGE('',*,*,#5773,.T.);
#5773 = EDGE_CURVE('',#5766,#5774,#5776,.T.);
#5774 = VERTEX_POINT('',#5775);
#5775 = CARTESIAN_POINT('',(40.5,8.35,-4.));
#5776 = LINE('',#5777,#5778);
#5777 = CARTESIAN_POINT('',(32.499999999995,8.35,-4.));
#5778 = VECTOR('',#5779,1.);
#5779 = DIRECTION('',(1.,-4.4E-16,-3.3E-16));
#5780 = ORIENTED_EDGE('',*,*,#5781,.F.);
#5781 = EDGE_CURVE('',#5358,#5774,#5782,.T.);
#5782 = LINE('',#5783,#5784);
#5783 = CARTESIAN_POINT('',(40.5,8.35,1.72E-15));
#5784 = VECTOR('',#5785,1.);
#5785 = DIRECTION('',(3.3E-16,-1.1E-16,-1.));
#5786 = ORIENTED_EDGE('',*,*,#5365,.F.);
#5787 = PLANE('',#5788);
#5788 = AXIS2_PLACEMENT_3D('',#5789,#5790,#5791);
#5789 = CARTESIAN_POINT('',(32.499999999995,8.35,8.3E-16));
#5790 = DIRECTION('',(-4.4E-16,-1.,1.1E-16));
#5791 = DIRECTION('',(1.,-4.4E-16,1.1E-16));
#5792 = ADVANCED_FACE('',(#5793),#5811,.F.);
#5793 = FACE_BOUND('',#5794,.F.);
#5794 = EDGE_LOOP('',(#5795,#5803,#5809,#5810));
#5795 = ORIENTED_EDGE('',*,*,#5796,.T.);
#5796 = EDGE_CURVE('',#5430,#5797,#5799,.T.);
#5797 = VERTEX_POINT('',#5798);
#5798 = CARTESIAN_POINT('',(1.E-15,-1.E-15,-4.));
#5799 = LINE('',#5800,#5801);
#5800 = CARTESIAN_POINT('',(0.,0.,0.));
#5801 = VECTOR('',#5802,1.);
#5802 = DIRECTION('',(3.3E-16,-1.1E-16,-1.));
#5803 = ORIENTED_EDGE('',*,*,#5804,.T.);
#5804 = EDGE_CURVE('',#5797,#5463,#5805,.T.);
#5805 = LINE('',#5806,#5807);
#5806 = CARTESIAN_POINT('',(-4.4E-16,8.881784197001E-16,-4.));
#5807 = VECTOR('',#5808,1.);
#5808 = DIRECTION('',(0.,1.,-3.3E-16));
#5809 = ORIENTED_EDGE('',*,*,#5462,.F.);
#5810 = ORIENTED_EDGE('',*,*,#5439,.T.);
#5811 = PLANE('',#5812);
#5812 = AXIS2_PLACEMENT_3D('',#5813,#5814,#5815);
#5813 = CARTESIAN_POINT('',(0.,0.,0.));
#5814 = DIRECTION('',(1.,-2.2E-16,3.3E-16));
#5815 = DIRECTION('',(2.2E-16,1.,-3.3E-16));
#5816 = ADVANCED_FACE('',(#5817),#5828,.F.);
#5817 = FACE_BOUND('',#5818,.T.);
#5818 = EDGE_LOOP('',(#5819,#5820,#5821,#5822));
#5819 = ORIENTED_EDGE('',*,*,#5804,.T.);
#5820 = ORIENTED_EDGE('',*,*,#5470,.T.);
#5821 = ORIENTED_EDGE('',*,*,#5494,.T.);
#5822 = ORIENTED_EDGE('',*,*,#5823,.T.);
#5823 = EDGE_CURVE('',#5495,#5797,#5824,.T.);
#5824 = LINE('',#5825,#5826);
#5825 = CARTESIAN_POINT('',(8.,-2.6645352591E-15,-4.));
#5826 = VECTOR('',#5827,1.);
#5827 = DIRECTION('',(-1.,4.4E-16,3.3E-16));
#5828 = PLANE('',#5829);
#5829 = AXIS2_PLACEMENT_3D('',#5830,#5831,#5832);
#5830 = CARTESIAN_POINT('',(20.250000000002,4.175,-4.));
#5831 = DIRECTION('',(-3.3E-16,-1.1E-16,1.));
#5832 = DIRECTION('',(1.,-2.2E-16,3.3E-16));
#5833 = ADVANCED_FACE('',(#5834),#5840,.F.);
#5834 = FACE_BOUND('',#5835,.F.);
#5835 = EDGE_LOOP('',(#5836,#5837,#5838,#5839));
#5836 = ORIENTED_EDGE('',*,*,#5502,.T.);
#5837 = ORIENTED_EDGE('',*,*,#5823,.T.);
#5838 = ORIENTED_EDGE('',*,*,#5796,.F.);
#5839 = ORIENTED_EDGE('',*,*,#5534,.T.);
#5840 = PLANE('',#5841);
#5841 = AXIS2_PLACEMENT_3D('',#5842,#5843,#5844);
#5842 = CARTESIAN_POINT('',(8.,-3.55E-15,8.9E-16));
#5843 = DIRECTION('',(4.4E-16,1.,-1.1E-16));
#5844 = DIRECTION('',(-1.,4.4E-16,-1.1E-16));
#5845 = ADVANCED_FACE('',(#5846),#5864,.F.);
#5846 = FACE_BOUND('',#5847,.F.);
#5847 = EDGE_LOOP('',(#5848,#5856,#5862,#5863));
#5848 = ORIENTED_EDGE('',*,*,#5849,.T.);
#5849 = EDGE_CURVE('',#5542,#5850,#5852,.T.);
#5850 = VERTEX_POINT('',#5851);
#5851 = CARTESIAN_POINT('',(40.5,-2.3E-14,-4.));
#5852 = LINE('',#5853,#5854);
#5853 = CARTESIAN_POINT('',(40.5,-1.799E-14,4.5E-15));
#5854 = VECTOR('',#5855,1.);
#5855 = DIRECTION('',(3.3E-16,-1.1E-16,-1.));
#5856 = ORIENTED_EDGE('',*,*,#5857,.T.);
#5857 = EDGE_CURVE('',#5850,#5572,#5858,.T.);
#5858 = LINE('',#5859,#5860);
#5859 = CARTESIAN_POINT('',(40.5,-1.731947918415E-14,-4.));
#5860 = VECTOR('',#5861,1.);
#5861 = DIRECTION('',(-1.,4.4E-16,3.3E-16));
#5862 = ORIENTED_EDGE('',*,*,#5571,.F.);
#5863 = ORIENTED_EDGE('',*,*,#5541,.T.);
#5864 = PLANE('',#5865);
#5865 = AXIS2_PLACEMENT_3D('',#5866,#5867,#5868);
#5866 = CARTESIAN_POINT('',(40.5,-1.799E-14,4.5E-15));
#5867 = DIRECTION('',(4.4E-16,1.,-1.1E-16));
#5868 = DIRECTION('',(-1.,4.4E-16,-1.1E-16));
#5869 = ADVANCED_FACE('',(#5870),#5881,.F.);
#5870 = FACE_BOUND('',#5871,.T.);
#5871 = EDGE_LOOP('',(#5872,#5873,#5874,#5875));
#5872 = ORIENTED_EDGE('',*,*,#5857,.T.);
#5873 = ORIENTED_EDGE('',*,*,#5579,.T.);
#5874 = ORIENTED_EDGE('',*,*,#5603,.T.);
#5875 = ORIENTED_EDGE('',*,*,#5876,.T.);
#5876 = EDGE_CURVE('',#5604,#5850,#5877,.T.);
#5877 = LINE('',#5878,#5879);
#5878 = CARTESIAN_POINT('',(40.5,3.35,-4.));
#5879 = VECTOR('',#5880,1.);
#5880 = DIRECTION('',(0.,-1.,3.3E-16));
#5881 = PLANE('',#5882);
#5882 = AXIS2_PLACEMENT_3D('',#5883,#5884,#5885);
#5883 = CARTESIAN_POINT('',(20.250000000002,4.175,-4.));
#5884 = DIRECTION('',(-3.3E-16,-1.1E-16,1.));
#5885 = DIRECTION('',(1.,-2.2E-16,3.3E-16));
#5886 = ADVANCED_FACE('',(#5887),#5893,.F.);
#5887 = FACE_BOUND('',#5888,.F.);
#5888 = EDGE_LOOP('',(#5889,#5890,#5891,#5892));
#5889 = ORIENTED_EDGE('',*,*,#5611,.T.);
#5890 = ORIENTED_EDGE('',*,*,#5876,.T.);
#5891 = ORIENTED_EDGE('',*,*,#5849,.F.);
#5892 = ORIENTED_EDGE('',*,*,#5627,.F.);
#5893 = PLANE('',#5894);
#5894 = AXIS2_PLACEMENT_3D('',#5895,#5896,#5897);
#5895 = CARTESIAN_POINT('',(40.5,3.35,3.38E-15));
#5896 = DIRECTION('',(-1.,2.2E-16,-3.3E-16));
#5897 = DIRECTION('',(-2.2E-16,-1.,3.3E-16));
#5898 = ADVANCED_FACE('',(#5899),#5910,.F.);
#5899 = FACE_BOUND('',#5900,.F.);
#5900 = EDGE_LOOP('',(#5901,#5902,#5908,#5909));
#5901 = ORIENTED_EDGE('',*,*,#5781,.T.);
#5902 = ORIENTED_EDGE('',*,*,#5903,.T.);
#5903 = EDGE_CURVE('',#5774,#5665,#5904,.T.);
#5904 = LINE('',#5905,#5906);
#5905 = CARTESIAN_POINT('',(40.5,8.35,-4.));
#5906 = VECTOR('',#5907,1.);
#5907 = DIRECTION('',(0.,-1.,3.3E-16));
#5908 = ORIENTED_EDGE('',*,*,#5664,.F.);
#5909 = ORIENTED_EDGE('',*,*,#5634,.F.);
#5910 = PLANE('',#5911);
#5911 = AXIS2_PLACEMENT_3D('',#5912,#5913,#5914);
#5912 = CARTESIAN_POINT('',(40.5,8.35,1.72E-15));
#5913 = DIRECTION('',(-1.,2.2E-16,-3.3E-16));
#5914 = DIRECTION('',(-2.2E-16,-1.,3.3E-16));
#5915 = ADVANCED_FACE('',(#5916),#5927,.T.);
#5916 = FACE_BOUND('',#5917,.T.);
#5917 = EDGE_LOOP('',(#5918,#5919,#5920,#5921));
#5918 = ORIENTED_EDGE('',*,*,#5680,.F.);
#5919 = ORIENTED_EDGE('',*,*,#5695,.T.);
#5920 = ORIENTED_EDGE('',*,*,#5765,.T.);
#5921 = ORIENTED_EDGE('',*,*,#5922,.F.);
#5922 = EDGE_CURVE('',#5673,#5766,#5923,.T.);
#5923 = LINE('',#5924,#5925);
#5924 = CARTESIAN_POINT('',(35.499999999995,5.,-4.));
#5925 = VECTOR('',#5926,1.);
#5926 = DIRECTION('',(2.2E-16,1.,-3.3E-16));
#5927 = PLANE('',#5928);
#5928 = AXIS2_PLACEMENT_3D('',#5929,#5930,#5931);
#5929 = CARTESIAN_POINT('',(33.999999999995,5.,-2.5));
#5930 = DIRECTION('',(-0.707106781187,-8.E-17,-0.707106781187));
#5931 = DIRECTION('',(2.184314575051E-16,1.,-3.315685424949E-16));
#5932 = ADVANCED_FACE('',(#5933),#5939,.F.);
#5933 = FACE_BOUND('',#5934,.F.);
#5934 = EDGE_LOOP('',(#5935,#5936,#5937,#5938));
#5935 = ORIENTED_EDGE('',*,*,#5672,.F.);
#5936 = ORIENTED_EDGE('',*,*,#5903,.F.);
#5937 = ORIENTED_EDGE('',*,*,#5773,.F.);
#5938 = ORIENTED_EDGE('',*,*,#5922,.F.);
#5939 = PLANE('',#5940);
#5940 = AXIS2_PLACEMENT_3D('',#5941,#5942,#5943);
#5941 = CARTESIAN_POINT('',(20.250000000002,4.175,-4.));
#5942 = DIRECTION('',(-3.3E-16,-1.1E-16,1.));
#5943 = DIRECTION('',(1.,-2.2E-16,3.3E-16));
#5944 = ( GEOMETRIC_REPRESENTATION_CONTEXT(3) 
GLOBAL_UNCERTAINTY_ASSIGNED_CONTEXT((#5948)) 
GLOBAL_UNIT_ASSIGNED_CONTEXT((#5945,#5946,#5947)) REPRESENTATION_CONTEXT
('Context #1','3D Context with UNIT and UNCERTAINTY') );
#5945 = ( LENGTH_UNIT() NAMED_UNIT(*) SI_UNIT(.MILLI.,.METRE.) );
#5946 = ( NAMED_UNIT(*) PLANE_ANGLE_UNIT() SI_UNIT($,.RADIAN.) );
#5947 = ( NAMED_UNIT(*) SI_UNIT($,.STERADIAN.) SOLID_ANGLE_UNIT() );
#5948 = UNCERTAINTY_MEASURE_WITH_UNIT(LENGTH_MEASURE(2.E-05),#5945,
  'distance_accuracy_value','confusion accuracy');
#5949 = CONTEXT_DEPENDENT_SHAPE_REPRESENTATION(#5950,#5952);
#5950 = ( REPRESENTATION_RELATIONSHIP('','',#5109,#10) 
REPRESENTATION_RELATIONSHIP_WITH_TRANSFORMATION(#5951) 
SHAPE_REPRESENTATION_RELATIONSHIP() );
#5951 = ITEM_DEFINED_TRANSFORMATION('','',#11,#19);
#5952 = PRODUCT_DEFINITION_SHAPE('Placement','Placement of an item',
  #5953);
#5953 = NEXT_ASSEMBLY_USAGE_OCCURRENCE('2','Body002','',#5,#5104,$);
#5954 = PRODUCT_RELATED_PRODUCT_CATEGORY('part',$,(#5106));
#5955 = SHAPE_DEFINITION_REPRESENTATION(#5956,#5962);
#5956 = PRODUCT_DEFINITION_SHAPE('','',#5957);
#5957 = PRODUCT_DEFINITION('design','',#5958,#5961);
#5958 = PRODUCT_DEFINITION_FORMATION('','',#5959);
#5959 = PRODUCT('Body003','Body003','',(#5960));
#5960 = PRODUCT_CONTEXT('',#2,'mechanical');
#5961 = PRODUCT_DEFINITION_CONTEXT('part definition',#2,'design');
#5962 = ADVANCED_BREP_SHAPE_REPRESENTATION('',(#11,#5963),#6797);
#5963 = MANIFOLD_SOLID_BREP('',#5964);
#5964 = CLOSED_SHELL('',(#5965,#6005,#6044,#6068,#6163,#6188,#6244,#6261
    ,#6278,#6311,#6342,#6366,#6420,#6451,#6475,#6504,#6543,#6567,#6589,
    #6601,#6613,#6645,#6669,#6686,#6698,#6722,#6739,#6751,#6768,#6785));
#5965 = ADVANCED_FACE('',(#5966),#6000,.F.);
#5966 = FACE_BOUND('',#5967,.F.);
#5967 = EDGE_LOOP('',(#5968,#5978,#5986,#5994));
#5968 = ORIENTED_EDGE('',*,*,#5969,.T.);
#5969 = EDGE_CURVE('',#5970,#5972,#5974,.T.);
#5970 = VERTEX_POINT('',#5971);
#5971 = CARTESIAN_POINT('',(-12.25,-40.5,-51.65));
#5972 = VERTEX_POINT('',#5973);
#5973 = CARTESIAN_POINT('',(-12.25,-39.5,-51.65));
#5974 = LINE('',#5975,#5976);
#5975 = CARTESIAN_POINT('',(-12.25,-40.5,-51.65));
#5976 = VECTOR('',#5977,1.);
#5977 = DIRECTION('',(3.3E-16,1.,-3.3E-16));
#5978 = ORIENTED_EDGE('',*,*,#5979,.T.);
#5979 = EDGE_CURVE('',#5972,#5980,#5982,.T.);
#5980 = VERTEX_POINT('',#5981);
#5981 = CARTESIAN_POINT('',(-12.25,-39.5,-55.));
#5982 = LINE('',#5983,#5984);
#5983 = CARTESIAN_POINT('',(-12.25,-39.5,-51.65));
#5984 = VECTOR('',#5985,1.);
#5985 = DIRECTION('',(-2.2E-16,-5.6E-16,-1.));
#5986 = ORIENTED_EDGE('',*,*,#5987,.F.);
#5987 = EDGE_CURVE('',#5988,#5980,#5990,.T.);
#5988 = VERTEX_POINT('',#5989);
#5989 = CARTESIAN_POINT('',(-12.25,-40.5,-55.));
#5990 = LINE('',#5991,#5992);
#5991 = CARTESIAN_POINT('',(-12.25,-40.5,-55.));
#5992 = VECTOR('',#5993,1.);
#5993 = DIRECTION('',(3.3E-16,1.,-3.3E-16));
#5994 = ORIENTED_EDGE('',*,*,#5995,.F.);
#5995 = EDGE_CURVE('',#5970,#5988,#5996,.T.);
#5996 = LINE('',#5997,#5998);
#5997 = CARTESIAN_POINT('',(-12.25,-40.5,-51.65));
#5998 = VECTOR('',#5999,1.);
#5999 = DIRECTION('',(-2.2E-16,-5.6E-16,-1.));
#6000 = PLANE('',#6001);
#6001 = AXIS2_PLACEMENT_3D('',#6002,#6003,#6004);
#6002 = CARTESIAN_POINT('',(-12.25,-40.5,-51.65));
#6003 = DIRECTION('',(-1.,3.3E-16,2.2E-16));
#6004 = DIRECTION('',(-2.2E-16,-5.6E-16,-1.));
#6005 = ADVANCED_FACE('',(#6006),#6039,.F.);
#6006 = FACE_BOUND('',#6007,.F.);
#6007 = EDGE_LOOP('',(#6008,#6009,#6017,#6025,#6033));
#6008 = ORIENTED_EDGE('',*,*,#5969,.F.);
#6009 = ORIENTED_EDGE('',*,*,#6010,.F.);
#6010 = EDGE_CURVE('',#6011,#5970,#6013,.T.);
#6011 = VERTEX_POINT('',#6012);
#6012 = CARTESIAN_POINT('',(-20.25,-40.5,-51.65));
#6013 = LINE('',#6014,#6015);
#6014 = CARTESIAN_POINT('',(-20.25,-40.5,-51.65));
#6015 = VECTOR('',#6016,1.);
#6016 = DIRECTION('',(1.,1.1E-16,-8.9E-16));
#6017 = ORIENTED_EDGE('',*,*,#6018,.T.);
#6018 = EDGE_CURVE('',#6011,#6019,#6021,.T.);
#6019 = VERTEX_POINT('',#6020);
#6020 = CARTESIAN_POINT('',(-20.25,-36.5,-51.65));
#6021 = LINE('',#6022,#6023);
#6022 = CARTESIAN_POINT('',(-20.25,-40.5,-51.65));
#6023 = VECTOR('',#6024,1.);
#6024 = DIRECTION('',(3.3E-16,1.,-3.3E-16));
#6025 = ORIENTED_EDGE('',*,*,#6026,.T.);
#6026 = EDGE_CURVE('',#6019,#6027,#6029,.T.);
#6027 = VERTEX_POINT('',#6028);
#6028 = CARTESIAN_POINT('',(-15.25,-36.5,-51.65));
#6029 = LINE('',#6030,#6031);
#6030 = CARTESIAN_POINT('',(-20.25,-36.5,-51.65));
#6031 = VECTOR('',#6032,1.);
#6032 = DIRECTION('',(1.,1.1E-16,-1.11E-15));
#6033 = ORIENTED_EDGE('',*,*,#6034,.F.);
#6034 = EDGE_CURVE('',#5972,#6027,#6035,.T.);
#6035 = LINE('',#6036,#6037);
#6036 = CARTESIAN_POINT('',(-14.75,-37.,-51.65));
#6037 = VECTOR('',#6038,1.);
#6038 = DIRECTION('',(-0.707106781187,0.707106781187,8.E-17));
#6039 = PLANE('',#6040);
#6040 = AXIS2_PLACEMENT_3D('',#6041,#6042,#6043);
#6041 = CARTESIAN_POINT('',(-20.25,-40.5,-51.65));
#6042 = DIRECTION('',(-4.4E-16,-3.3E-16,-1.));
#6043 = DIRECTION('',(1.,-1.1E-16,-4.4E-16));
#6044 = ADVANCED_FACE('',(#6045),#6063,.T.);
#6045 = FACE_BOUND('',#6046,.T.);
#6046 = EDGE_LOOP('',(#6047,#6048,#6049,#6057));
#6047 = ORIENTED_EDGE('',*,*,#6034,.F.);
#6048 = ORIENTED_EDGE('',*,*,#5979,.T.);
#6049 = ORIENTED_EDGE('',*,*,#6050,.T.);
#6050 = EDGE_CURVE('',#5980,#6051,#6053,.T.);
#6051 = VERTEX_POINT('',#6052);
#6052 = CARTESIAN_POINT('',(-15.25,-36.5,-55.));
#6053 = LINE('',#6054,#6055);
#6054 = CARTESIAN_POINT('',(-12.75,-39.,-55.));
#6055 = VECTOR('',#6056,1.);
#6056 = DIRECTION('',(-0.707106781187,0.707106781187,8.E-17));
#6057 = ORIENTED_EDGE('',*,*,#6058,.F.);
#6058 = EDGE_CURVE('',#6027,#6051,#6059,.T.);
#6059 = LINE('',#6060,#6061);
#6060 = CARTESIAN_POINT('',(-15.25,-36.5,-51.65));
#6061 = VECTOR('',#6062,1.);
#6062 = DIRECTION('',(-2.2E-16,-5.6E-16,-1.));
#6063 = PLANE('',#6064);
#6064 = AXIS2_PLACEMENT_3D('',#6065,#6066,#6067);
#6065 = CARTESIAN_POINT('',(-13.75,-38.,-51.65));
#6066 = DIRECTION('',(0.707106781187,0.707106781187,-4.8E-16));
#6067 = DIRECTION('',(-1.744112549695E-16,-5.044112549695E-16,-1.));
#6068 = ADVANCED_FACE('',(#6069),#6158,.T.);
#6069 = FACE_BOUND('',#6070,.T.);
#6070 = EDGE_LOOP('',(#6071,#6072,#6080,#6088,#6096,#6104,#6112,#6120,
    #6128,#6136,#6144,#6152));
#6071 = ORIENTED_EDGE('',*,*,#5995,.F.);
#6072 = ORIENTED_EDGE('',*,*,#6073,.T.);
#6073 = EDGE_CURVE('',#5970,#6074,#6076,.T.);
#6074 = VERTEX_POINT('',#6075);
#6075 = CARTESIAN_POINT('',(12.249999999995,-40.5,-51.65));
#6076 = LINE('',#6077,#6078);
#6077 = CARTESIAN_POINT('',(-20.25,-40.5,-51.65));
#6078 = VECTOR('',#6079,1.);
#6079 = DIRECTION('',(1.,1.1E-16,-8.9E-16));
#6080 = ORIENTED_EDGE('',*,*,#6081,.F.);
#6081 = EDGE_CURVE('',#6082,#6074,#6084,.T.);
#6082 = VERTEX_POINT('',#6083);
#6083 = CARTESIAN_POINT('',(12.249999999995,-40.5,-55.));
#6084 = LINE('',#6085,#6086);
#6085 = CARTESIAN_POINT('',(12.249999999995,-40.5,-55.));
#6086 = VECTOR('',#6087,1.);
#6087 = DIRECTION('',(2.2E-16,5.6E-16,1.));
#6088 = ORIENTED_EDGE('',*,*,#6089,.F.);
#6089 = EDGE_CURVE('',#6090,#6082,#6092,.T.);
#6090 = VERTEX_POINT('',#6091);
#6091 = CARTESIAN_POINT('',(20.25,-40.5,-55.));
#6092 = LINE('',#6093,#6094);
#6093 = CARTESIAN_POINT('',(20.25,-40.5,-55.));
#6094 = VECTOR('',#6095,1.);
#6095 = DIRECTION('',(-1.,-1.1E-16,1.11E-15));
#6096 = ORIENTED_EDGE('',*,*,#6097,.T.);
#6097 = EDGE_CURVE('',#6090,#6098,#6100,.T.);
#6098 = VERTEX_POINT('',#6099);
#6099 = CARTESIAN_POINT('',(20.25,-40.5,-56.65));
#6100 = LINE('',#6101,#6102);
#6101 = CARTESIAN_POINT('',(20.25,-40.5,-51.65));
#6102 = VECTOR('',#6103,1.);
#6103 = DIRECTION('',(4.4E-16,-7.8E-16,-1.));
#6104 = ORIENTED_EDGE('',*,*,#6105,.F.);
#6105 = EDGE_CURVE('',#6106,#6098,#6108,.T.);
#6106 = VERTEX_POINT('',#6107);
#6107 = CARTESIAN_POINT('',(12.249999999995,-40.5,-56.65));
#6108 = LINE('',#6109,#6110);
#6109 = CARTESIAN_POINT('',(12.249999999995,-40.5,-56.65));
#6110 = VECTOR('',#6111,1.);
#6111 = DIRECTION('',(1.,1.1E-16,-1.11E-15));
#6112 = ORIENTED_EDGE('',*,*,#6113,.F.);
#6113 = EDGE_CURVE('',#6114,#6106,#6116,.T.);
#6114 = VERTEX_POINT('',#6115);
#6115 = CARTESIAN_POINT('',(12.249999999995,-40.5,-60.));
#6116 = LINE('',#6117,#6118);
#6117 = CARTESIAN_POINT('',(12.249999999995,-40.5,-60.));
#6118 = VECTOR('',#6119,1.);
#6119 = DIRECTION('',(2.2E-16,5.6E-16,1.));
#6120 = ORIENTED_EDGE('',*,*,#6121,.F.);
#6121 = EDGE_CURVE('',#6122,#6114,#6124,.T.);
#6122 = VERTEX_POINT('',#6123);
#6123 = CARTESIAN_POINT('',(-12.25,-40.5,-60.));
#6124 = LINE('',#6125,#6126);
#6125 = CARTESIAN_POINT('',(-20.25,-40.5,-60.));
#6126 = VECTOR('',#6127,1.);
#6127 = DIRECTION('',(1.,1.1E-16,-8.9E-16));
#6128 = ORIENTED_EDGE('',*,*,#6129,.F.);
#6129 = EDGE_CURVE('',#6130,#6122,#6132,.T.);
#6130 = VERTEX_POINT('',#6131);
#6131 = CARTESIAN_POINT('',(-12.25,-40.5,-56.65));
#6132 = LINE('',#6133,#6134);
#6133 = CARTESIAN_POINT('',(-12.25,-40.5,-56.65));
#6134 = VECTOR('',#6135,1.);
#6135 = DIRECTION('',(-2.2E-16,-5.6E-16,-1.));
#6136 = ORIENTED_EDGE('',*,*,#6137,.F.);
#6137 = EDGE_CURVE('',#6138,#6130,#6140,.T.);
#6138 = VERTEX_POINT('',#6139);
#6139 = CARTESIAN_POINT('',(-20.25,-40.5,-56.65));
#6140 = LINE('',#6141,#6142);
#6141 = CARTESIAN_POINT('',(-20.25,-40.5,-56.65));
#6142 = VECTOR('',#6143,1.);
#6143 = DIRECTION('',(1.,1.1E-16,-1.11E-15));
#6144 = ORIENTED_EDGE('',*,*,#6145,.F.);
#6145 = EDGE_CURVE('',#6146,#6138,#6148,.T.);
#6146 = VERTEX_POINT('',#6147);
#6147 = CARTESIAN_POINT('',(-20.25,-40.5,-55.));
#6148 = LINE('',#6149,#6150);
#6149 = CARTESIAN_POINT('',(-20.25,-40.5,-51.65));
#6150 = VECTOR('',#6151,1.);
#6151 = DIRECTION('',(4.4E-16,-7.8E-16,-1.));
#6152 = ORIENTED_EDGE('',*,*,#6153,.F.);
#6153 = EDGE_CURVE('',#5988,#6146,#6154,.T.);
#6154 = LINE('',#6155,#6156);
#6155 = CARTESIAN_POINT('',(-12.25,-40.5,-55.));
#6156 = VECTOR('',#6157,1.);
#6157 = DIRECTION('',(-1.,-1.1E-16,1.11E-15));
#6158 = PLANE('',#6159);
#6159 = AXIS2_PLACEMENT_3D('',#6160,#6161,#6162);
#6160 = CARTESIAN_POINT('',(-20.25,-40.5,-51.65));
#6161 = DIRECTION('',(3.3E-16,1.,-3.3E-16));
#6162 = DIRECTION('',(2.2E-16,-3.3E-16,-1.));
#6163 = ADVANCED_FACE('',(#6164),#6183,.F.);
#6164 = FACE_BOUND('',#6165,.F.);
#6165 = EDGE_LOOP('',(#6166,#6167,#6168,#6176,#6182));
#6166 = ORIENTED_EDGE('',*,*,#5987,.T.);
#6167 = ORIENTED_EDGE('',*,*,#6050,.T.);
#6168 = ORIENTED_EDGE('',*,*,#6169,.T.);
#6169 = EDGE_CURVE('',#6051,#6170,#6172,.T.);
#6170 = VERTEX_POINT('',#6171);
#6171 = CARTESIAN_POINT('',(-20.25,-36.5,-55.));
#6172 = LINE('',#6173,#6174);
#6173 = CARTESIAN_POINT('',(-12.25,-36.5,-55.));
#6174 = VECTOR('',#6175,1.);
#6175 = DIRECTION('',(-1.,-1.1E-16,1.11E-15));
#6176 = ORIENTED_EDGE('',*,*,#6177,.F.);
#6177 = EDGE_CURVE('',#6146,#6170,#6178,.T.);
#6178 = LINE('',#6179,#6180);
#6179 = CARTESIAN_POINT('',(-20.25,-40.5,-55.));
#6180 = VECTOR('',#6181,1.);
#6181 = DIRECTION('',(3.3E-16,1.,-3.3E-16));
#6182 = ORIENTED_EDGE('',*,*,#6153,.F.);
#6183 = PLANE('',#6184);
#6184 = AXIS2_PLACEMENT_3D('',#6185,#6186,#6187);
#6185 = CARTESIAN_POINT('',(-12.25,-40.5,-55.));
#6186 = DIRECTION('',(4.4E-16,3.3E-16,1.));
#6187 = DIRECTION('',(-1.,1.1E-16,4.4E-16));
#6188 = ADVANCED_FACE('',(#6189),#6239,.T.);
#6189 = FACE_BOUND('',#6190,.T.);
#6190 = EDGE_LOOP('',(#6191,#6201,#6209,#6217,#6223,#6224,#6225,#6233));
#6191 = ORIENTED_EDGE('',*,*,#6192,.T.);
#6192 = EDGE_CURVE('',#6193,#6195,#6197,.T.);
#6193 = VERTEX_POINT('',#6194);
#6194 = CARTESIAN_POINT('',(-19.15,-46.17,-51.65));
#6195 = VERTEX_POINT('',#6196);
#6196 = CARTESIAN_POINT('',(19.15,-46.17,-51.65));
#6197 = LINE('',#6198,#6199);
#6198 = CARTESIAN_POINT('',(-20.25,-46.17,-51.65));
#6199 = VECTOR('',#6200,1.);
#6200 = DIRECTION('',(1.,1.1E-16,-8.9E-16));
#6201 = ORIENTED_EDGE('',*,*,#6202,.T.);
#6202 = EDGE_CURVE('',#6195,#6203,#6205,.T.);
#6203 = VERTEX_POINT('',#6204);
#6204 = CARTESIAN_POINT('',(20.25,-45.03076463376,-51.65));
#6205 = LINE('',#6206,#6207);
#6206 = CARTESIAN_POINT('',(10.472593621599,-55.15691657592,-51.65));
#6207 = VECTOR('',#6208,1.);
#6208 = DIRECTION('',(0.694610400237,0.719386121553,-7.E-16));
#6209 = ORIENTED_EDGE('',*,*,#6210,.T.);
#6210 = EDGE_CURVE('',#6203,#6211,#6213,.T.);
#6211 = VERTEX_POINT('',#6212);
#6212 = CARTESIAN_POINT('',(20.25,-40.5,-51.65));
#6213 = LINE('',#6214,#6215);
#6214 = CARTESIAN_POINT('',(20.25,-46.17,-51.65));
#6215 = VECTOR('',#6216,1.);
#6216 = DIRECTION('',(5.6E-16,1.,1.1E-16));
#6217 = ORIENTED_EDGE('',*,*,#6218,.F.);
#6218 = EDGE_CURVE('',#6074,#6211,#6219,.T.);
#6219 = LINE('',#6220,#6221);
#6220 = CARTESIAN_POINT('',(-20.25,-40.5,-51.65));
#6221 = VECTOR('',#6222,1.);
#6222 = DIRECTION('',(1.,1.1E-16,-8.9E-16));
#6223 = ORIENTED_EDGE('',*,*,#6073,.F.);
#6224 = ORIENTED_EDGE('',*,*,#6010,.F.);
#6225 = ORIENTED_EDGE('',*,*,#6226,.F.);
#6226 = EDGE_CURVE('',#6227,#6011,#6229,.T.);
#6227 = VERTEX_POINT('',#6228);
#6228 = CARTESIAN_POINT('',(-20.25,-45.03076463376,-51.65));
#6229 = LINE('',#6230,#6231);
#6230 = CARTESIAN_POINT('',(-20.25,-46.17,-51.65));
#6231 = VECTOR('',#6232,1.);
#6232 = DIRECTION('',(5.6E-16,1.,1.1E-16));
#6233 = ORIENTED_EDGE('',*,*,#6234,.F.);
#6234 = EDGE_CURVE('',#6193,#6227,#6235,.T.);
#6235 = LINE('',#6236,#6237);
#6236 = CARTESIAN_POINT('',(-20.24288668597,-45.03813166913,-51.65));
#6237 = VECTOR('',#6238,1.);
#6238 = DIRECTION('',(-0.694610400237,0.719386121553,5.4E-16));
#6239 = PLANE('',#6240);
#6240 = AXIS2_PLACEMENT_3D('',#6241,#6242,#6243);
#6241 = CARTESIAN_POINT('',(-20.25,-46.17,-51.65));
#6242 = DIRECTION('',(0.,5.6E-16,1.));
#6243 = DIRECTION('',(5.6E-16,1.,-5.6E-16));
#6244 = ADVANCED_FACE('',(#6245),#6256,.F.);
#6245 = FACE_BOUND('',#6246,.F.);
#6246 = EDGE_LOOP('',(#6247,#6248,#6254,#6255));
#6247 = ORIENTED_EDGE('',*,*,#6026,.F.);
#6248 = ORIENTED_EDGE('',*,*,#6249,.F.);
#6249 = EDGE_CURVE('',#6170,#6019,#6250,.T.);
#6250 = LINE('',#6251,#6252);
#6251 = CARTESIAN_POINT('',(-20.25,-36.5,-55.));
#6252 = VECTOR('',#6253,1.);
#6253 = DIRECTION('',(2.2E-16,5.6E-16,1.));
#6254 = ORIENTED_EDGE('',*,*,#6169,.F.);
#6255 = ORIENTED_EDGE('',*,*,#6058,.F.);
#6256 = PLANE('',#6257);
#6257 = AXIS2_PLACEMENT_3D('',#6258,#6259,#6260);
#6258 = CARTESIAN_POINT('',(2.36966E-12,-36.5,-55.825));
#6259 = DIRECTION('',(-3.3E-16,-1.,1.1E-16));
#6260 = DIRECTION('',(1.,-3.3E-16,-6.7E-16));
#6261 = ADVANCED_FACE('',(#6262),#6273,.F.);
#6262 = FACE_BOUND('',#6263,.F.);
#6263 = EDGE_LOOP('',(#6264,#6265,#6266,#6267));
#6264 = ORIENTED_EDGE('',*,*,#6177,.T.);
#6265 = ORIENTED_EDGE('',*,*,#6249,.T.);
#6266 = ORIENTED_EDGE('',*,*,#6018,.F.);
#6267 = ORIENTED_EDGE('',*,*,#6268,.T.);
#6268 = EDGE_CURVE('',#6011,#6146,#6269,.T.);
#6269 = LINE('',#6270,#6271);
#6270 = CARTESIAN_POINT('',(-20.25,-40.5,-51.65));
#6271 = VECTOR('',#6272,1.);
#6272 = DIRECTION('',(4.4E-16,-7.8E-16,-1.));
#6273 = PLANE('',#6274);
#6274 = AXIS2_PLACEMENT_3D('',#6275,#6276,#6277);
#6275 = CARTESIAN_POINT('',(-20.25,-40.5,-55.));
#6276 = DIRECTION('',(1.,-3.3E-16,-2.2E-16));
#6277 = DIRECTION('',(2.2E-16,5.6E-16,1.));
#6278 = ADVANCED_FACE('',(#6279),#6306,.F.);
#6279 = FACE_BOUND('',#6280,.F.);
#6280 = EDGE_LOOP('',(#6281,#6291,#6297,#6298,#6299,#6300));
#6281 = ORIENTED_EDGE('',*,*,#6282,.F.);
#6282 = EDGE_CURVE('',#6283,#6285,#6287,.T.);
#6283 = VERTEX_POINT('',#6284);
#6284 = CARTESIAN_POINT('',(-20.25,-40.5,-60.));
#6285 = VERTEX_POINT('',#6286);
#6286 = CARTESIAN_POINT('',(-20.25,-42.78076463376,-60.));
#6287 = LINE('',#6288,#6289);
#6288 = CARTESIAN_POINT('',(-20.25,-40.5,-60.));
#6289 = VECTOR('',#6290,1.);
#6290 = DIRECTION('',(-5.6E-16,-1.,-1.1E-16));
#6291 = ORIENTED_EDGE('',*,*,#6292,.F.);
#6292 = EDGE_CURVE('',#6138,#6283,#6293,.T.);
#6293 = LINE('',#6294,#6295);
#6294 = CARTESIAN_POINT('',(-20.25,-40.5,-51.65));
#6295 = VECTOR('',#6296,1.);
#6296 = DIRECTION('',(4.4E-16,-7.8E-16,-1.));
#6297 = ORIENTED_EDGE('',*,*,#6145,.F.);
#6298 = ORIENTED_EDGE('',*,*,#6268,.F.);
#6299 = ORIENTED_EDGE('',*,*,#6226,.F.);
#6300 = ORIENTED_EDGE('',*,*,#6301,.F.);
#6301 = EDGE_CURVE('',#6285,#6227,#6302,.T.);
#6302 = LINE('',#6303,#6304);
#6303 = CARTESIAN_POINT('',(-20.25,-42.85788409677,-59.71380110392));
#6304 = VECTOR('',#6305,1.);
#6305 = DIRECTION('',(-3.6E-16,-0.260180814617,0.965559912023));
#6306 = PLANE('',#6307);
#6307 = AXIS2_PLACEMENT_3D('',#6308,#6309,#6310);
#6308 = CARTESIAN_POINT('',(-20.25,-42.84695802456,-55.46491833569));
#6309 = DIRECTION('',(1.,3.3E-16,-1.33E-15));
#6310 = DIRECTION('',(3.3E-16,-1.,-1.1E-16));
#6311 = ADVANCED_FACE('',(#6312),#6337,.F.);
#6312 = FACE_BOUND('',#6313,.F.);
#6313 = EDGE_LOOP('',(#6314,#6322,#6330,#6336));
#6314 = ORIENTED_EDGE('',*,*,#6315,.T.);
#6315 = EDGE_CURVE('',#6138,#6316,#6318,.T.);
#6316 = VERTEX_POINT('',#6317);
#6317 = CARTESIAN_POINT('',(-20.25,-36.5,-56.65));
#6318 = LINE('',#6319,#6320);
#6319 = CARTESIAN_POINT('',(-20.25,-40.5,-56.65));
#6320 = VECTOR('',#6321,1.);
#6321 = DIRECTION('',(3.3E-16,1.,-3.3E-16));
#6322 = ORIENTED_EDGE('',*,*,#6323,.T.);
#6323 = EDGE_CURVE('',#6316,#6324,#6326,.T.);
#6324 = VERTEX_POINT('',#6325);
#6325 = CARTESIAN_POINT('',(-12.25,-36.5,-56.65));
#6326 = LINE('',#6327,#6328);
#6327 = CARTESIAN_POINT('',(-20.25,-36.5,-56.65));
#6328 = VECTOR('',#6329,1.);
#6329 = DIRECTION('',(1.,1.1E-16,-1.11E-15));
#6330 = ORIENTED_EDGE('',*,*,#6331,.F.);
#6331 = EDGE_CURVE('',#6130,#6324,#6332,.T.);
#6332 = LINE('',#6333,#6334);
#6333 = CARTESIAN_POINT('',(-12.25,-40.5,-56.65));
#6334 = VECTOR('',#6335,1.);
#6335 = DIRECTION('',(3.3E-16,1.,-3.3E-16));
#6336 = ORIENTED_EDGE('',*,*,#6137,.F.);
#6337 = PLANE('',#6338);
#6338 = AXIS2_PLACEMENT_3D('',#6339,#6340,#6341);
#6339 = CARTESIAN_POINT('',(-20.25,-40.5,-56.65));
#6340 = DIRECTION('',(-4.4E-16,-3.3E-16,-1.));
#6341 = DIRECTION('',(1.,-1.1E-16,-4.4E-16));
#6342 = ADVANCED_FACE('',(#6343),#6361,.F.);
#6343 = FACE_BOUND('',#6344,.F.);
#6344 = EDGE_LOOP('',(#6345,#6346,#6354,#6360));
#6345 = ORIENTED_EDGE('',*,*,#6331,.T.);
#6346 = ORIENTED_EDGE('',*,*,#6347,.T.);
#6347 = EDGE_CURVE('',#6324,#6348,#6350,.T.);
#6348 = VERTEX_POINT('',#6349);
#6349 = CARTESIAN_POINT('',(-12.25,-36.5,-60.));
#6350 = LINE('',#6351,#6352);
#6351 = CARTESIAN_POINT('',(-12.25,-36.5,-56.65));
#6352 = VECTOR('',#6353,1.);
#6353 = DIRECTION('',(-2.2E-16,-5.6E-16,-1.));
#6354 = ORIENTED_EDGE('',*,*,#6355,.F.);
#6355 = EDGE_CURVE('',#6122,#6348,#6356,.T.);
#6356 = LINE('',#6357,#6358);
#6357 = CARTESIAN_POINT('',(-12.25,-40.5,-60.));
#6358 = VECTOR('',#6359,1.);
#6359 = DIRECTION('',(3.3E-16,1.,-3.3E-16));
#6360 = ORIENTED_EDGE('',*,*,#6129,.F.);
#6361 = PLANE('',#6362);
#6362 = AXIS2_PLACEMENT_3D('',#6363,#6364,#6365);
#6363 = CARTESIAN_POINT('',(-12.25,-40.5,-56.65));
#6364 = DIRECTION('',(-1.,3.3E-16,2.2E-16));
#6365 = DIRECTION('',(-2.2E-16,-5.6E-16,-1.));
#6366 = ADVANCED_FACE('',(#6367),#6415,.T.);
#6367 = FACE_BOUND('',#6368,.T.);
#6368 = EDGE_LOOP('',(#6369,#6379,#6385,#6386,#6392,#6393,#6401,#6409));
#6369 = ORIENTED_EDGE('',*,*,#6370,.F.);
#6370 = EDGE_CURVE('',#6371,#6373,#6375,.T.);
#6371 = VERTEX_POINT('',#6372);
#6372 = CARTESIAN_POINT('',(-19.15,-43.92,-60.));
#6373 = VERTEX_POINT('',#6374);
#6374 = CARTESIAN_POINT('',(19.15,-43.92,-60.));
#6375 = LINE('',#6376,#6377);
#6376 = CARTESIAN_POINT('',(-20.25,-43.92,-60.));
#6377 = VECTOR('',#6378,1.);
#6378 = DIRECTION('',(1.,1.1E-16,-8.9E-16));
#6379 = ORIENTED_EDGE('',*,*,#6380,.T.);
#6380 = EDGE_CURVE('',#6371,#6285,#6381,.T.);
#6381 = LINE('',#6382,#6383);
#6382 = CARTESIAN_POINT('',(-20.53520713883,-42.48538457988,-60.));
#6383 = VECTOR('',#6384,1.);
#6384 = DIRECTION('',(-0.694610400237,0.719386121553,5.4E-16));
#6385 = ORIENTED_EDGE('',*,*,#6282,.F.);
#6386 = ORIENTED_EDGE('',*,*,#6387,.T.);
#6387 = EDGE_CURVE('',#6283,#6122,#6388,.T.);
#6388 = LINE('',#6389,#6390);
#6389 = CARTESIAN_POINT('',(-20.25,-40.5,-60.));
#6390 = VECTOR('',#6391,1.);
#6391 = DIRECTION('',(1.,1.1E-16,-8.9E-16));
#6392 = ORIENTED_EDGE('',*,*,#6121,.T.);
#6393 = ORIENTED_EDGE('',*,*,#6394,.T.);
#6394 = EDGE_CURVE('',#6114,#6395,#6397,.T.);
#6395 = VERTEX_POINT('',#6396);
#6396 = CARTESIAN_POINT('',(20.25,-40.5,-60.));
#6397 = LINE('',#6398,#6399);
#6398 = CARTESIAN_POINT('',(-20.25,-40.5,-60.));
#6399 = VECTOR('',#6400,1.);
#6400 = DIRECTION('',(1.,1.1E-16,-8.9E-16));
#6401 = ORIENTED_EDGE('',*,*,#6402,.T.);
#6402 = EDGE_CURVE('',#6395,#6403,#6405,.T.);
#6403 = VERTEX_POINT('',#6404);
#6404 = CARTESIAN_POINT('',(20.25,-42.78076463376,-60.));
#6405 = LINE('',#6406,#6407);
#6406 = CARTESIAN_POINT('',(20.25,-40.5,-60.));
#6407 = VECTOR('',#6408,1.);
#6408 = DIRECTION('',(-5.6E-16,-1.,-1.1E-16));
#6409 = ORIENTED_EDGE('',*,*,#6410,.F.);
#6410 = EDGE_CURVE('',#6373,#6403,#6411,.T.);
#6411 = LINE('',#6412,#6413);
#6412 = CARTESIAN_POINT('',(10.764914074462,-52.60416948666,-60.));
#6413 = VECTOR('',#6414,1.);
#6414 = DIRECTION('',(0.694610400237,0.719386121553,-7.E-16));
#6415 = PLANE('',#6416);
#6416 = AXIS2_PLACEMENT_3D('',#6417,#6418,#6419);
#6417 = CARTESIAN_POINT('',(-20.25,-40.5,-60.));
#6418 = DIRECTION('',(0.,-5.6E-16,-1.));
#6419 = DIRECTION('',(-5.6E-16,-1.,5.6E-16));
#6420 = ADVANCED_FACE('',(#6421),#6446,.F.);
#6421 = FACE_BOUND('',#6422,.F.);
#6422 = EDGE_LOOP('',(#6423,#6431,#6439,#6445));
#6423 = ORIENTED_EDGE('',*,*,#6424,.T.);
#6424 = EDGE_CURVE('',#6114,#6425,#6427,.T.);
#6425 = VERTEX_POINT('',#6426);
#6426 = CARTESIAN_POINT('',(12.249999999995,-36.5,-60.));
#6427 = LINE('',#6428,#6429);
#6428 = CARTESIAN_POINT('',(12.249999999995,-40.5,-60.));
#6429 = VECTOR('',#6430,1.);
#6430 = DIRECTION('',(3.3E-16,1.,-3.3E-16));
#6431 = ORIENTED_EDGE('',*,*,#6432,.T.);
#6432 = EDGE_CURVE('',#6425,#6433,#6435,.T.);
#6433 = VERTEX_POINT('',#6434);
#6434 = CARTESIAN_POINT('',(12.249999999995,-36.5,-56.65));
#6435 = LINE('',#6436,#6437);
#6436 = CARTESIAN_POINT('',(12.249999999995,-36.5,-60.));
#6437 = VECTOR('',#6438,1.);
#6438 = DIRECTION('',(2.2E-16,5.6E-16,1.));
#6439 = ORIENTED_EDGE('',*,*,#6440,.F.);
#6440 = EDGE_CURVE('',#6106,#6433,#6441,.T.);
#6441 = LINE('',#6442,#6443);
#6442 = CARTESIAN_POINT('',(12.249999999995,-40.5,-56.65));
#6443 = VECTOR('',#6444,1.);
#6444 = DIRECTION('',(3.3E-16,1.,-3.3E-16));
#6445 = ORIENTED_EDGE('',*,*,#6113,.F.);
#6446 = PLANE('',#6447);
#6447 = AXIS2_PLACEMENT_3D('',#6448,#6449,#6450);
#6448 = CARTESIAN_POINT('',(12.249999999995,-40.5,-60.));
#6449 = DIRECTION('',(1.,-3.3E-16,-2.2E-16));
#6450 = DIRECTION('',(2.2E-16,5.6E-16,1.));
#6451 = ADVANCED_FACE('',(#6452),#6470,.F.);
#6452 = FACE_BOUND('',#6453,.F.);
#6453 = EDGE_LOOP('',(#6454,#6455,#6463,#6469));
#6454 = ORIENTED_EDGE('',*,*,#6440,.T.);
#6455 = ORIENTED_EDGE('',*,*,#6456,.T.);
#6456 = EDGE_CURVE('',#6433,#6457,#6459,.T.);
#6457 = VERTEX_POINT('',#6458);
#6458 = CARTESIAN_POINT('',(20.25,-36.5,-56.65));
#6459 = LINE('',#6460,#6461);
#6460 = CARTESIAN_POINT('',(12.249999999995,-36.5,-56.65));
#6461 = VECTOR('',#6462,1.);
#6462 = DIRECTION('',(1.,1.1E-16,-1.11E-15));
#6463 = ORIENTED_EDGE('',*,*,#6464,.F.);
#6464 = EDGE_CURVE('',#6098,#6457,#6465,.T.);
#6465 = LINE('',#6466,#6467);
#6466 = CARTESIAN_POINT('',(20.25,-40.5,-56.65));
#6467 = VECTOR('',#6468,1.);
#6468 = DIRECTION('',(3.3E-16,1.,-3.3E-16));
#6469 = ORIENTED_EDGE('',*,*,#6105,.F.);
#6470 = PLANE('',#6471);
#6471 = AXIS2_PLACEMENT_3D('',#6472,#6473,#6474);
#6472 = CARTESIAN_POINT('',(12.249999999995,-40.5,-56.65));
#6473 = DIRECTION('',(-4.4E-16,-3.3E-16,-1.));
#6474 = DIRECTION('',(1.,-1.1E-16,-4.4E-16));
#6475 = ADVANCED_FACE('',(#6476),#6499,.T.);
#6476 = FACE_BOUND('',#6477,.T.);
#6477 = EDGE_LOOP('',(#6478,#6479,#6485,#6486,#6492,#6493));
#6478 = ORIENTED_EDGE('',*,*,#6402,.F.);
#6479 = ORIENTED_EDGE('',*,*,#6480,.F.);
#6480 = EDGE_CURVE('',#6098,#6395,#6481,.T.);
#6481 = LINE('',#6482,#6483);
#6482 = CARTESIAN_POINT('',(20.25,-40.5,-51.65));
#6483 = VECTOR('',#6484,1.);
#6484 = DIRECTION('',(4.4E-16,-7.8E-16,-1.));
#6485 = ORIENTED_EDGE('',*,*,#6097,.F.);
#6486 = ORIENTED_EDGE('',*,*,#6487,.F.);
#6487 = EDGE_CURVE('',#6211,#6090,#6488,.T.);
#6488 = LINE('',#6489,#6490);
#6489 = CARTESIAN_POINT('',(20.25,-40.5,-51.65));
#6490 = VECTOR('',#6491,1.);
#6491 = DIRECTION('',(4.4E-16,-7.8E-16,-1.));
#6492 = ORIENTED_EDGE('',*,*,#6210,.F.);
#6493 = ORIENTED_EDGE('',*,*,#6494,.F.);
#6494 = EDGE_CURVE('',#6403,#6203,#6495,.T.);
#6495 = LINE('',#6496,#6497);
#6496 = CARTESIAN_POINT('',(20.25,-42.85788409677,-59.71380110392));
#6497 = VECTOR('',#6498,1.);
#6498 = DIRECTION('',(-3.6E-16,-0.260180814617,0.965559912023));
#6499 = PLANE('',#6500);
#6500 = AXIS2_PLACEMENT_3D('',#6501,#6502,#6503);
#6501 = CARTESIAN_POINT('',(20.25,-42.84695802456,-55.46491833569));
#6502 = DIRECTION('',(1.,3.3E-16,-1.33E-15));
#6503 = DIRECTION('',(3.3E-16,-1.,-1.1E-16));
#6504 = ADVANCED_FACE('',(#6505),#6538,.F.);
#6505 = FACE_BOUND('',#6506,.F.);
#6506 = EDGE_LOOP('',(#6507,#6515,#6516,#6524,#6532));
#6507 = ORIENTED_EDGE('',*,*,#6508,.F.);
#6508 = EDGE_CURVE('',#6082,#6509,#6511,.T.);
#6509 = VERTEX_POINT('',#6510);
#6510 = CARTESIAN_POINT('',(12.249999999995,-39.5,-55.));
#6511 = LINE('',#6512,#6513);
#6512 = CARTESIAN_POINT('',(12.249999999995,-40.5,-55.));
#6513 = VECTOR('',#6514,1.);
#6514 = DIRECTION('',(3.3E-16,1.,-3.3E-16));
#6515 = ORIENTED_EDGE('',*,*,#6089,.F.);
#6516 = ORIENTED_EDGE('',*,*,#6517,.T.);
#6517 = EDGE_CURVE('',#6090,#6518,#6520,.T.);
#6518 = VERTEX_POINT('',#6519);
#6519 = CARTESIAN_POINT('',(20.25,-36.5,-55.));
#6520 = LINE('',#6521,#6522);
#6521 = CARTESIAN_POINT('',(20.25,-40.5,-55.));
#6522 = VECTOR('',#6523,1.);
#6523 = DIRECTION('',(3.3E-16,1.,-3.3E-16));
#6524 = ORIENTED_EDGE('',*,*,#6525,.T.);
#6525 = EDGE_CURVE('',#6518,#6526,#6528,.T.);
#6526 = VERTEX_POINT('',#6527);
#6527 = CARTESIAN_POINT('',(15.249999999995,-36.5,-55.));
#6528 = LINE('',#6529,#6530);
#6529 = CARTESIAN_POINT('',(20.25,-36.5,-55.));
#6530 = VECTOR('',#6531,1.);
#6531 = DIRECTION('',(-1.,-1.1E-16,1.11E-15));
#6532 = ORIENTED_EDGE('',*,*,#6533,.F.);
#6533 = EDGE_CURVE('',#6509,#6526,#6534,.T.);
#6534 = LINE('',#6535,#6536);
#6535 = CARTESIAN_POINT('',(14.749999999996,-36.99999999999,-55.));
#6536 = VECTOR('',#6537,1.);
#6537 = DIRECTION('',(0.707106781187,0.707106781187,-5.5E-16));
#6538 = PLANE('',#6539);
#6539 = AXIS2_PLACEMENT_3D('',#6540,#6541,#6542);
#6540 = CARTESIAN_POINT('',(20.25,-40.5,-55.));
#6541 = DIRECTION('',(4.4E-16,3.3E-16,1.));
#6542 = DIRECTION('',(-1.,1.1E-16,4.4E-16));
#6543 = ADVANCED_FACE('',(#6544),#6562,.F.);
#6544 = FACE_BOUND('',#6545,.F.);
#6545 = EDGE_LOOP('',(#6546,#6547,#6555,#6561));
#6546 = ORIENTED_EDGE('',*,*,#6508,.T.);
#6547 = ORIENTED_EDGE('',*,*,#6548,.T.);
#6548 = EDGE_CURVE('',#6509,#6549,#6551,.T.);
#6549 = VERTEX_POINT('',#6550);
#6550 = CARTESIAN_POINT('',(12.249999999995,-39.5,-51.65));
#6551 = LINE('',#6552,#6553);
#6552 = CARTESIAN_POINT('',(12.249999999995,-39.5,-55.));
#6553 = VECTOR('',#6554,1.);
#6554 = DIRECTION('',(2.2E-16,5.6E-16,1.));
#6555 = ORIENTED_EDGE('',*,*,#6556,.F.);
#6556 = EDGE_CURVE('',#6074,#6549,#6557,.T.);
#6557 = LINE('',#6558,#6559);
#6558 = CARTESIAN_POINT('',(12.249999999995,-40.5,-51.65));
#6559 = VECTOR('',#6560,1.);
#6560 = DIRECTION('',(3.3E-16,1.,-3.3E-16));
#6561 = ORIENTED_EDGE('',*,*,#6081,.F.);
#6562 = PLANE('',#6563);
#6563 = AXIS2_PLACEMENT_3D('',#6564,#6565,#6566);
#6564 = CARTESIAN_POINT('',(12.249999999995,-40.5,-55.));
#6565 = DIRECTION('',(1.,-3.3E-16,-2.2E-16));
#6566 = DIRECTION('',(2.2E-16,5.6E-16,1.));
#6567 = ADVANCED_FACE('',(#6568),#6584,.T.);
#6568 = FACE_BOUND('',#6569,.T.);
#6569 = EDGE_LOOP('',(#6570,#6571,#6577,#6578));
#6570 = ORIENTED_EDGE('',*,*,#6370,.T.);
#6571 = ORIENTED_EDGE('',*,*,#6572,.T.);
#6572 = EDGE_CURVE('',#6373,#6195,#6573,.T.);
#6573 = LINE('',#6574,#6575);
#6574 = CARTESIAN_POINT('',(19.15,-43.92,-60.));
#6575 = VECTOR('',#6576,1.);
#6576 = DIRECTION('',(-3.6E-16,-0.260180814617,0.965559912023));
#6577 = ORIENTED_EDGE('',*,*,#6192,.F.);
#6578 = ORIENTED_EDGE('',*,*,#6579,.F.);
#6579 = EDGE_CURVE('',#6371,#6193,#6580,.T.);
#6580 = LINE('',#6581,#6582);
#6581 = CARTESIAN_POINT('',(-19.15,-43.92,-60.));
#6582 = VECTOR('',#6583,1.);
#6583 = DIRECTION('',(-3.6E-16,-0.260180814617,0.965559912023));
#6584 = PLANE('',#6585);
#6585 = AXIS2_PLACEMENT_3D('',#6586,#6587,#6588);
#6586 = CARTESIAN_POINT('',(-20.25,-43.92,-60.));
#6587 = DIRECTION('',(-3.2E-16,-0.965559912023,-0.260180814617));
#6588 = DIRECTION('',(-3.6E-16,-0.260180814617,0.965559912023));
#6589 = ADVANCED_FACE('',(#6590),#6596,.F.);
#6590 = FACE_BOUND('',#6591,.T.);
#6591 = EDGE_LOOP('',(#6592,#6593,#6594,#6595));
#6592 = ORIENTED_EDGE('',*,*,#6380,.F.);
#6593 = ORIENTED_EDGE('',*,*,#6579,.T.);
#6594 = ORIENTED_EDGE('',*,*,#6234,.T.);
#6595 = ORIENTED_EDGE('',*,*,#6301,.F.);
#6596 = PLANE('',#6597);
#6597 = AXIS2_PLACEMENT_3D('',#6598,#6599,#6600);
#6598 = CARTESIAN_POINT('',(-19.7,-43.38894204838,-59.85690055196));
#6599 = DIRECTION('',(0.707106781187,0.682753961433,0.18397561835));
#6600 = DIRECTION('',(-5.551115123126E-17,0.260180814617,-0.965559912023
    ));
#6601 = ADVANCED_FACE('',(#6602),#6608,.T.);
#6602 = FACE_BOUND('',#6603,.F.);
#6603 = EDGE_LOOP('',(#6604,#6605,#6606,#6607));
#6604 = ORIENTED_EDGE('',*,*,#6410,.F.);
#6605 = ORIENTED_EDGE('',*,*,#6572,.T.);
#6606 = ORIENTED_EDGE('',*,*,#6202,.T.);
#6607 = ORIENTED_EDGE('',*,*,#6494,.F.);
#6608 = PLANE('',#6609);
#6609 = AXIS2_PLACEMENT_3D('',#6610,#6611,#6612);
#6610 = CARTESIAN_POINT('',(19.7,-43.38894204838,-59.85690055196));
#6611 = DIRECTION('',(0.707106781187,-0.682753961433,-0.18397561835));
#6612 = DIRECTION('',(-3.885780586188E-16,0.260180814617,-0.965559912023
    ));
#6613 = ADVANCED_FACE('',(#6614),#6640,.F.);
#6614 = FACE_BOUND('',#6615,.F.);
#6615 = EDGE_LOOP('',(#6616,#6617,#6625,#6633,#6639));
#6616 = ORIENTED_EDGE('',*,*,#6556,.T.);
#6617 = ORIENTED_EDGE('',*,*,#6618,.T.);
#6618 = EDGE_CURVE('',#6549,#6619,#6621,.T.);
#6619 = VERTEX_POINT('',#6620);
#6620 = CARTESIAN_POINT('',(15.249999999995,-36.5,-51.65));
#6621 = LINE('',#6622,#6623);
#6622 = CARTESIAN_POINT('',(12.749999999995,-39.,-51.65));
#6623 = VECTOR('',#6624,1.);
#6624 = DIRECTION('',(0.707106781187,0.707106781187,-5.5E-16));
#6625 = ORIENTED_EDGE('',*,*,#6626,.T.);
#6626 = EDGE_CURVE('',#6619,#6627,#6629,.T.);
#6627 = VERTEX_POINT('',#6628);
#6628 = CARTESIAN_POINT('',(20.25,-36.5,-51.65));
#6629 = LINE('',#6630,#6631);
#6630 = CARTESIAN_POINT('',(12.249999999995,-36.5,-51.65));
#6631 = VECTOR('',#6632,1.);
#6632 = DIRECTION('',(1.,1.1E-16,-1.11E-15));
#6633 = ORIENTED_EDGE('',*,*,#6634,.F.);
#6634 = EDGE_CURVE('',#6211,#6627,#6635,.T.);
#6635 = LINE('',#6636,#6637);
#6636 = CARTESIAN_POINT('',(20.25,-40.5,-51.65));
#6637 = VECTOR('',#6638,1.);
#6638 = DIRECTION('',(3.3E-16,1.,-3.3E-16));
#6639 = ORIENTED_EDGE('',*,*,#6218,.F.);
#6640 = PLANE('',#6641);
#6641 = AXIS2_PLACEMENT_3D('',#6642,#6643,#6644);
#6642 = CARTESIAN_POINT('',(12.249999999995,-40.5,-51.65));
#6643 = DIRECTION('',(-4.4E-16,-3.3E-16,-1.));
#6644 = DIRECTION('',(1.,-1.1E-16,-4.4E-16));
#6645 = ADVANCED_FACE('',(#6646),#6664,.F.);
#6646 = FACE_BOUND('',#6647,.F.);
#6647 = EDGE_LOOP('',(#6648,#6656,#6662,#6663));
#6648 = ORIENTED_EDGE('',*,*,#6649,.T.);
#6649 = EDGE_CURVE('',#6283,#6650,#6652,.T.);
#6650 = VERTEX_POINT('',#6651);
#6651 = CARTESIAN_POINT('',(-20.25,-36.5,-60.));
#6652 = LINE('',#6653,#6654);
#6653 = CARTESIAN_POINT('',(-20.25,-40.5,-60.));
#6654 = VECTOR('',#6655,1.);
#6655 = DIRECTION('',(3.3E-16,1.,-3.3E-16));
#6656 = ORIENTED_EDGE('',*,*,#6657,.T.);
#6657 = EDGE_CURVE('',#6650,#6316,#6658,.T.);
#6658 = LINE('',#6659,#6660);
#6659 = CARTESIAN_POINT('',(-20.25,-36.5,-60.));
#6660 = VECTOR('',#6661,1.);
#6661 = DIRECTION('',(2.2E-16,5.6E-16,1.));
#6662 = ORIENTED_EDGE('',*,*,#6315,.F.);
#6663 = ORIENTED_EDGE('',*,*,#6292,.T.);
#6664 = PLANE('',#6665);
#6665 = AXIS2_PLACEMENT_3D('',#6666,#6667,#6668);
#6666 = CARTESIAN_POINT('',(-20.25,-40.5,-60.));
#6667 = DIRECTION('',(1.,-3.3E-16,-2.2E-16));
#6668 = DIRECTION('',(2.2E-16,5.6E-16,1.));
#6669 = ADVANCED_FACE('',(#6670),#6681,.F.);
#6670 = FACE_BOUND('',#6671,.T.);
#6671 = EDGE_LOOP('',(#6672,#6673,#6674,#6675));
#6672 = ORIENTED_EDGE('',*,*,#6657,.T.);
#6673 = ORIENTED_EDGE('',*,*,#6323,.T.);
#6674 = ORIENTED_EDGE('',*,*,#6347,.T.);
#6675 = ORIENTED_EDGE('',*,*,#6676,.T.);
#6676 = EDGE_CURVE('',#6348,#6650,#6677,.T.);
#6677 = LINE('',#6678,#6679);
#6678 = CARTESIAN_POINT('',(-12.25,-36.5,-60.));
#6679 = VECTOR('',#6680,1.);
#6680 = DIRECTION('',(-1.,-1.1E-16,1.11E-15));
#6681 = PLANE('',#6682);
#6682 = AXIS2_PLACEMENT_3D('',#6683,#6684,#6685);
#6683 = CARTESIAN_POINT('',(2.36966E-12,-36.5,-55.825));
#6684 = DIRECTION('',(-3.3E-16,-1.,1.1E-16));
#6685 = DIRECTION('',(1.,-3.3E-16,-6.7E-16));
#6686 = ADVANCED_FACE('',(#6687),#6693,.F.);
#6687 = FACE_BOUND('',#6688,.F.);
#6688 = EDGE_LOOP('',(#6689,#6690,#6691,#6692));
#6689 = ORIENTED_EDGE('',*,*,#6355,.T.);
#6690 = ORIENTED_EDGE('',*,*,#6676,.T.);
#6691 = ORIENTED_EDGE('',*,*,#6649,.F.);
#6692 = ORIENTED_EDGE('',*,*,#6387,.T.);
#6693 = PLANE('',#6694);
#6694 = AXIS2_PLACEMENT_3D('',#6695,#6696,#6697);
#6695 = CARTESIAN_POINT('',(-12.25,-40.5,-60.));
#6696 = DIRECTION('',(4.4E-16,3.3E-16,1.));
#6697 = DIRECTION('',(-1.,1.1E-16,4.4E-16));
#6698 = ADVANCED_FACE('',(#6699),#6717,.F.);
#6699 = FACE_BOUND('',#6700,.F.);
#6700 = EDGE_LOOP('',(#6701,#6709,#6715,#6716));
#6701 = ORIENTED_EDGE('',*,*,#6702,.T.);
#6702 = EDGE_CURVE('',#6395,#6703,#6705,.T.);
#6703 = VERTEX_POINT('',#6704);
#6704 = CARTESIAN_POINT('',(20.25,-36.5,-60.));
#6705 = LINE('',#6706,#6707);
#6706 = CARTESIAN_POINT('',(20.25,-40.5,-60.));
#6707 = VECTOR('',#6708,1.);
#6708 = DIRECTION('',(3.3E-16,1.,-3.3E-16));
#6709 = ORIENTED_EDGE('',*,*,#6710,.T.);
#6710 = EDGE_CURVE('',#6703,#6425,#6711,.T.);
#6711 = LINE('',#6712,#6713);
#6712 = CARTESIAN_POINT('',(20.25,-36.5,-60.));
#6713 = VECTOR('',#6714,1.);
#6714 = DIRECTION('',(-1.,-1.1E-16,1.11E-15));
#6715 = ORIENTED_EDGE('',*,*,#6424,.F.);
#6716 = ORIENTED_EDGE('',*,*,#6394,.T.);
#6717 = PLANE('',#6718);
#6718 = AXIS2_PLACEMENT_3D('',#6719,#6720,#6721);
#6719 = CARTESIAN_POINT('',(20.25,-40.5,-60.));
#6720 = DIRECTION('',(4.4E-16,3.3E-16,1.));
#6721 = DIRECTION('',(-1.,1.1E-16,4.4E-16));
#6722 = ADVANCED_FACE('',(#6723),#6734,.F.);
#6723 = FACE_BOUND('',#6724,.T.);
#6724 = EDGE_LOOP('',(#6725,#6726,#6727,#6728));
#6725 = ORIENTED_EDGE('',*,*,#6710,.T.);
#6726 = ORIENTED_EDGE('',*,*,#6432,.T.);
#6727 = ORIENTED_EDGE('',*,*,#6456,.T.);
#6728 = ORIENTED_EDGE('',*,*,#6729,.T.);
#6729 = EDGE_CURVE('',#6457,#6703,#6730,.T.);
#6730 = LINE('',#6731,#6732);
#6731 = CARTESIAN_POINT('',(20.25,-36.5,-56.65));
#6732 = VECTOR('',#6733,1.);
#6733 = DIRECTION('',(-2.2E-16,-5.6E-16,-1.));
#6734 = PLANE('',#6735);
#6735 = AXIS2_PLACEMENT_3D('',#6736,#6737,#6738);
#6736 = CARTESIAN_POINT('',(2.36966E-12,-36.5,-55.825));
#6737 = DIRECTION('',(-3.3E-16,-1.,1.1E-16));
#6738 = DIRECTION('',(1.,-3.3E-16,-6.7E-16));
#6739 = ADVANCED_FACE('',(#6740),#6746,.F.);
#6740 = FACE_BOUND('',#6741,.F.);
#6741 = EDGE_LOOP('',(#6742,#6743,#6744,#6745));
#6742 = ORIENTED_EDGE('',*,*,#6464,.T.);
#6743 = ORIENTED_EDGE('',*,*,#6729,.T.);
#6744 = ORIENTED_EDGE('',*,*,#6702,.F.);
#6745 = ORIENTED_EDGE('',*,*,#6480,.F.);
#6746 = PLANE('',#6747);
#6747 = AXIS2_PLACEMENT_3D('',#6748,#6749,#6750);
#6748 = CARTESIAN_POINT('',(20.25,-40.5,-56.65));
#6749 = DIRECTION('',(-1.,3.3E-16,2.2E-16));
#6750 = DIRECTION('',(-2.2E-16,-5.6E-16,-1.));
#6751 = ADVANCED_FACE('',(#6752),#6763,.F.);
#6752 = FACE_BOUND('',#6753,.F.);
#6753 = EDGE_LOOP('',(#6754,#6755,#6761,#6762));
#6754 = ORIENTED_EDGE('',*,*,#6634,.T.);
#6755 = ORIENTED_EDGE('',*,*,#6756,.T.);
#6756 = EDGE_CURVE('',#6627,#6518,#6757,.T.);
#6757 = LINE('',#6758,#6759);
#6758 = CARTESIAN_POINT('',(20.25,-36.5,-51.65));
#6759 = VECTOR('',#6760,1.);
#6760 = DIRECTION('',(-2.2E-16,-5.6E-16,-1.));
#6761 = ORIENTED_EDGE('',*,*,#6517,.F.);
#6762 = ORIENTED_EDGE('',*,*,#6487,.F.);
#6763 = PLANE('',#6764);
#6764 = AXIS2_PLACEMENT_3D('',#6765,#6766,#6767);
#6765 = CARTESIAN_POINT('',(20.25,-40.5,-51.65));
#6766 = DIRECTION('',(-1.,3.3E-16,2.2E-16));
#6767 = DIRECTION('',(-2.2E-16,-5.6E-16,-1.));
#6768 = ADVANCED_FACE('',(#6769),#6780,.T.);
#6769 = FACE_BOUND('',#6770,.T.);
#6770 = EDGE_LOOP('',(#6771,#6772,#6773,#6774));
#6771 = ORIENTED_EDGE('',*,*,#6533,.F.);
#6772 = ORIENTED_EDGE('',*,*,#6548,.T.);
#6773 = ORIENTED_EDGE('',*,*,#6618,.T.);
#6774 = ORIENTED_EDGE('',*,*,#6775,.F.);
#6775 = EDGE_CURVE('',#6526,#6619,#6776,.T.);
#6776 = LINE('',#6777,#6778);
#6777 = CARTESIAN_POINT('',(15.249999999995,-36.5,-55.));
#6778 = VECTOR('',#6779,1.);
#6779 = DIRECTION('',(2.2E-16,5.6E-16,1.));
#6780 = PLANE('',#6781);
#6781 = AXIS2_PLACEMENT_3D('',#6782,#6783,#6784);
#6782 = CARTESIAN_POINT('',(13.749999999995,-38.,-55.));
#6783 = DIRECTION('',(-0.707106781187,0.707106781187,-2.4E-16));
#6784 = DIRECTION('',(2.202943725152E-16,5.597056274848E-16,1.));
#6785 = ADVANCED_FACE('',(#6786),#6792,.F.);
#6786 = FACE_BOUND('',#6787,.F.);
#6787 = EDGE_LOOP('',(#6788,#6789,#6790,#6791));
#6788 = ORIENTED_EDGE('',*,*,#6525,.F.);
#6789 = ORIENTED_EDGE('',*,*,#6756,.F.);
#6790 = ORIENTED_EDGE('',*,*,#6626,.F.);
#6791 = ORIENTED_EDGE('',*,*,#6775,.F.);
#6792 = PLANE('',#6793);
#6793 = AXIS2_PLACEMENT_3D('',#6794,#6795,#6796);
#6794 = CARTESIAN_POINT('',(2.36966E-12,-36.5,-55.825));
#6795 = DIRECTION('',(-3.3E-16,-1.,1.1E-16));
#6796 = DIRECTION('',(1.,-3.3E-16,-6.7E-16));
#6797 = ( GEOMETRIC_REPRESENTATION_CONTEXT(3) 
GLOBAL_UNCERTAINTY_ASSIGNED_CONTEXT((#6801)) 
GLOBAL_UNIT_ASSIGNED_CONTEXT((#6798,#6799,#6800)) REPRESENTATION_CONTEXT
('Context #1','3D Context with UNIT and UNCERTAINTY') );
#6798 = ( LENGTH_UNIT() NAMED_UNIT(*) SI_UNIT(.MILLI.,.METRE.) );
#6799 = ( NAMED_UNIT(*) PLANE_ANGLE_UNIT() SI_UNIT($,.RADIAN.) );
#6800 = ( NAMED_UNIT(*) SI_UNIT($,.STERADIAN.) SOLID_ANGLE_UNIT() );
#6801 = UNCERTAINTY_MEASURE_WITH_UNIT(LENGTH_MEASURE(2.E-05),#6798,
  'distance_accuracy_value','confusion accuracy');
#6802 = CONTEXT_DEPENDENT_SHAPE_REPRESENTATION(#6803,#6805);
#6803 = ( REPRESENTATION_RELATIONSHIP('','',#5962,#10) 
REPRESENTATION_RELATIONSHIP_WITH_TRANSFORMATION(#6804) 
SHAPE_REPRESENTATION_RELATIONSHIP() );
#6804 = ITEM_DEFINED_TRANSFORMATION('','',#11,#23);
#6805 = PRODUCT_DEFINITION_SHAPE('Placement','Placement of an item',
  #6806);
#6806 = NEXT_ASSEMBLY_USAGE_OCCURRENCE('3','Body003','',#5,#5957,$);
#6807 = PRODUCT_RELATED_PRODUCT_CATEGORY('part',$,(#5959));
#6808 = SHAPE_DEFINITION_REPRESENTATION(#6809,#6815);
#6809 = PRODUCT_DEFINITION_SHAPE('','',#6810);
#6810 = PRODUCT_DEFINITION('design','',#6811,#6814);
#6811 = PRODUCT_DEFINITION_FORMATION('','',#6812);
#6812 = PRODUCT('Body004','Body004','',(#6813));
#6813 = PRODUCT_CONTEXT('',#2,'mechanical');
#6814 = PRODUCT_DEFINITION_CONTEXT('part definition',#2,'design');
#6815 = ADVANCED_BREP_SHAPE_REPRESENTATION('',(#11,#6816),#7650);
#6816 = MANIFOLD_SOLID_BREP('',#6817);
#6817 = CLOSED_SHELL('',(#6818,#6858,#6897,#6921,#7016,#7041,#7097,#7114
    ,#7131,#7164,#7195,#7219,#7273,#7304,#7328,#7357,#7396,#7420,#7442,
    #7454,#7466,#7498,#7522,#7539,#7551,#7575,#7592,#7604,#7621,#7638));
#6818 = ADVANCED_FACE('',(#6819),#6853,.F.);
#6819 = FACE_BOUND('',#6820,.F.);
#6820 = EDGE_LOOP('',(#6821,#6831,#6839,#6847));
#6821 = ORIENTED_EDGE('',*,*,#6822,.T.);
#6822 = EDGE_CURVE('',#6823,#6825,#6827,.T.);
#6823 = VERTEX_POINT('',#6824);
#6824 = CARTESIAN_POINT('',(-12.25,-40.5,-51.65));
#6825 = VERTEX_POINT('',#6826);
#6826 = CARTESIAN_POINT('',(-12.25,-39.5,-51.65));
#6827 = LINE('',#6828,#6829);
#6828 = CARTESIAN_POINT('',(-12.25,-40.5,-51.65));
#6829 = VECTOR('',#6830,1.);
#6830 = DIRECTION('',(3.3E-16,1.,-3.3E-16));
#6831 = ORIENTED_EDGE('',*,*,#6832,.T.);
#6832 = EDGE_CURVE('',#6825,#6833,#6835,.T.);
#6833 = VERTEX_POINT('',#6834);
#6834 = CARTESIAN_POINT('',(-12.25,-39.5,-55.));
#6835 = LINE('',#6836,#6837);
#6836 = CARTESIAN_POINT('',(-12.25,-39.5,-51.65));
#6837 = VECTOR('',#6838,1.);
#6838 = DIRECTION('',(-2.2E-16,-5.6E-16,-1.));
#6839 = ORIENTED_EDGE('',*,*,#6840,.F.);
#6840 = EDGE_CURVE('',#6841,#6833,#6843,.T.);
#6841 = VERTEX_POINT('',#6842);
#6842 = CARTESIAN_POINT('',(-12.25,-40.5,-55.));
#6843 = LINE('',#6844,#6845);
#6844 = CARTESIAN_POINT('',(-12.25,-40.5,-55.));
#6845 = VECTOR('',#6846,1.);
#6846 = DIRECTION('',(3.3E-16,1.,-3.3E-16));
#6847 = ORIENTED_EDGE('',*,*,#6848,.F.);
#6848 = EDGE_CURVE('',#6823,#6841,#6849,.T.);
#6849 = LINE('',#6850,#6851);
#6850 = CARTESIAN_POINT('',(-12.25,-40.5,-51.65));
#6851 = VECTOR('',#6852,1.);
#6852 = DIRECTION('',(-2.2E-16,-5.6E-16,-1.));
#6853 = PLANE('',#6854);
#6854 = AXIS2_PLACEMENT_3D('',#6855,#6856,#6857);
#6855 = CARTESIAN_POINT('',(-12.25,-40.5,-51.65));
#6856 = DIRECTION('',(-1.,3.3E-16,2.2E-16));
#6857 = DIRECTION('',(-2.2E-16,-5.6E-16,-1.));
#6858 = ADVANCED_FACE('',(#6859),#6892,.F.);
#6859 = FACE_BOUND('',#6860,.F.);
#6860 = EDGE_LOOP('',(#6861,#6862,#6870,#6878,#6886));
#6861 = ORIENTED_EDGE('',*,*,#6822,.F.);
#6862 = ORIENTED_EDGE('',*,*,#6863,.F.);
#6863 = EDGE_CURVE('',#6864,#6823,#6866,.T.);
#6864 = VERTEX_POINT('',#6865);
#6865 = CARTESIAN_POINT('',(-20.25,-40.5,-51.65));
#6866 = LINE('',#6867,#6868);
#6867 = CARTESIAN_POINT('',(-20.25,-40.5,-51.65));
#6868 = VECTOR('',#6869,1.);
#6869 = DIRECTION('',(1.,1.1E-16,-8.9E-16));
#6870 = ORIENTED_EDGE('',*,*,#6871,.T.);
#6871 = EDGE_CURVE('',#6864,#6872,#6874,.T.);
#6872 = VERTEX_POINT('',#6873);
#6873 = CARTESIAN_POINT('',(-20.25,-36.5,-51.65));
#6874 = LINE('',#6875,#6876);
#6875 = CARTESIAN_POINT('',(-20.25,-40.5,-51.65));
#6876 = VECTOR('',#6877,1.);
#6877 = DIRECTION('',(3.3E-16,1.,-3.3E-16));
#6878 = ORIENTED_EDGE('',*,*,#6879,.T.);
#6879 = EDGE_CURVE('',#6872,#6880,#6882,.T.);
#6880 = VERTEX_POINT('',#6881);
#6881 = CARTESIAN_POINT('',(-15.25,-36.5,-51.65));
#6882 = LINE('',#6883,#6884);
#6883 = CARTESIAN_POINT('',(-20.25,-36.5,-51.65));
#6884 = VECTOR('',#6885,1.);
#6885 = DIRECTION('',(1.,1.1E-16,-1.11E-15));
#6886 = ORIENTED_EDGE('',*,*,#6887,.F.);
#6887 = EDGE_CURVE('',#6825,#6880,#6888,.T.);
#6888 = LINE('',#6889,#6890);
#6889 = CARTESIAN_POINT('',(-14.75,-37.,-51.65));
#6890 = VECTOR('',#6891,1.);
#6891 = DIRECTION('',(-0.707106781187,0.707106781187,8.E-17));
#6892 = PLANE('',#6893);
#6893 = AXIS2_PLACEMENT_3D('',#6894,#6895,#6896);
#6894 = CARTESIAN_POINT('',(-20.25,-40.5,-51.65));
#6895 = DIRECTION('',(-4.4E-16,-3.3E-16,-1.));
#6896 = DIRECTION('',(1.,-1.1E-16,-4.4E-16));
#6897 = ADVANCED_FACE('',(#6898),#6916,.T.);
#6898 = FACE_BOUND('',#6899,.T.);
#6899 = EDGE_LOOP('',(#6900,#6901,#6902,#6910));
#6900 = ORIENTED_EDGE('',*,*,#6887,.F.);
#6901 = ORIENTED_EDGE('',*,*,#6832,.T.);
#6902 = ORIENTED_EDGE('',*,*,#6903,.T.);
#6903 = EDGE_CURVE('',#6833,#6904,#6906,.T.);
#6904 = VERTEX_POINT('',#6905);
#6905 = CARTESIAN_POINT('',(-15.25,-36.5,-55.));
#6906 = LINE('',#6907,#6908);
#6907 = CARTESIAN_POINT('',(-12.75,-39.,-55.));
#6908 = VECTOR('',#6909,1.);
#6909 = DIRECTION('',(-0.707106781187,0.707106781187,8.E-17));
#6910 = ORIENTED_EDGE('',*,*,#6911,.F.);
#6911 = EDGE_CURVE('',#6880,#6904,#6912,.T.);
#6912 = LINE('',#6913,#6914);
#6913 = CARTESIAN_POINT('',(-15.25,-36.5,-51.65));
#6914 = VECTOR('',#6915,1.);
#6915 = DIRECTION('',(-2.2E-16,-5.6E-16,-1.));
#6916 = PLANE('',#6917);
#6917 = AXIS2_PLACEMENT_3D('',#6918,#6919,#6920);
#6918 = CARTESIAN_POINT('',(-13.75,-38.,-51.65));
#6919 = DIRECTION('',(0.707106781187,0.707106781187,-4.8E-16));
#6920 = DIRECTION('',(-1.744112549695E-16,-5.044112549695E-16,-1.));
#6921 = ADVANCED_FACE('',(#6922),#7011,.T.);
#6922 = FACE_BOUND('',#6923,.T.);
#6923 = EDGE_LOOP('',(#6924,#6925,#6933,#6941,#6949,#6957,#6965,#6973,
    #6981,#6989,#6997,#7005));
#6924 = ORIENTED_EDGE('',*,*,#6848,.F.);
#6925 = ORIENTED_EDGE('',*,*,#6926,.T.);
#6926 = EDGE_CURVE('',#6823,#6927,#6929,.T.);
#6927 = VERTEX_POINT('',#6928);
#6928 = CARTESIAN_POINT('',(12.249999999995,-40.5,-51.65));
#6929 = LINE('',#6930,#6931);
#6930 = CARTESIAN_POINT('',(-20.25,-40.5,-51.65));
#6931 = VECTOR('',#6932,1.);
#6932 = DIRECTION('',(1.,1.1E-16,-8.9E-16));
#6933 = ORIENTED_EDGE('',*,*,#6934,.F.);
#6934 = EDGE_CURVE('',#6935,#6927,#6937,.T.);
#6935 = VERTEX_POINT('',#6936);
#6936 = CARTESIAN_POINT('',(12.249999999995,-40.5,-55.));
#6937 = LINE('',#6938,#6939);
#6938 = CARTESIAN_POINT('',(12.249999999995,-40.5,-55.));
#6939 = VECTOR('',#6940,1.);
#6940 = DIRECTION('',(2.2E-16,5.6E-16,1.));
#6941 = ORIENTED_EDGE('',*,*,#6942,.F.);
#6942 = EDGE_CURVE('',#6943,#6935,#6945,.T.);
#6943 = VERTEX_POINT('',#6944);
#6944 = CARTESIAN_POINT('',(20.25,-40.5,-55.));
#6945 = LINE('',#6946,#6947);
#6946 = CARTESIAN_POINT('',(20.25,-40.5,-55.));
#6947 = VECTOR('',#6948,1.);
#6948 = DIRECTION('',(-1.,-1.1E-16,1.11E-15));
#6949 = ORIENTED_EDGE('',*,*,#6950,.T.);
#6950 = EDGE_CURVE('',#6943,#6951,#6953,.T.);
#6951 = VERTEX_POINT('',#6952);
#6952 = CARTESIAN_POINT('',(20.25,-40.5,-56.65));
#6953 = LINE('',#6954,#6955);
#6954 = CARTESIAN_POINT('',(20.25,-40.5,-51.65));
#6955 = VECTOR('',#6956,1.);
#6956 = DIRECTION('',(4.4E-16,-7.8E-16,-1.));
#6957 = ORIENTED_EDGE('',*,*,#6958,.F.);
#6958 = EDGE_CURVE('',#6959,#6951,#6961,.T.);
#6959 = VERTEX_POINT('',#6960);
#6960 = CARTESIAN_POINT('',(12.249999999995,-40.5,-56.65));
#6961 = LINE('',#6962,#6963);
#6962 = CARTESIAN_POINT('',(12.249999999995,-40.5,-56.65));
#6963 = VECTOR('',#6964,1.);
#6964 = DIRECTION('',(1.,1.1E-16,-1.11E-15));
#6965 = ORIENTED_EDGE('',*,*,#6966,.F.);
#6966 = EDGE_CURVE('',#6967,#6959,#6969,.T.);
#6967 = VERTEX_POINT('',#6968);
#6968 = CARTESIAN_POINT('',(12.249999999995,-40.5,-60.));
#6969 = LINE('',#6970,#6971);
#6970 = CARTESIAN_POINT('',(12.249999999995,-40.5,-60.));
#6971 = VECTOR('',#6972,1.);
#6972 = DIRECTION('',(2.2E-16,5.6E-16,1.));
#6973 = ORIENTED_EDGE('',*,*,#6974,.F.);
#6974 = EDGE_CURVE('',#6975,#6967,#6977,.T.);
#6975 = VERTEX_POINT('',#6976);
#6976 = CARTESIAN_POINT('',(-12.25,-40.5,-60.));
#6977 = LINE('',#6978,#6979);
#6978 = CARTESIAN_POINT('',(-20.25,-40.5,-60.));
#6979 = VECTOR('',#6980,1.);
#6980 = DIRECTION('',(1.,1.1E-16,-8.9E-16));
#6981 = ORIENTED_EDGE('',*,*,#6982,.F.);
#6982 = EDGE_CURVE('',#6983,#6975,#6985,.T.);
#6983 = VERTEX_POINT('',#6984);
#6984 = CARTESIAN_POINT('',(-12.25,-40.5,-56.65));
#6985 = LINE('',#6986,#6987);
#6986 = CARTESIAN_POINT('',(-12.25,-40.5,-56.65));
#6987 = VECTOR('',#6988,1.);
#6988 = DIRECTION('',(-2.2E-16,-5.6E-16,-1.));
#6989 = ORIENTED_EDGE('',*,*,#6990,.F.);
#6990 = EDGE_CURVE('',#6991,#6983,#6993,.T.);
#6991 = VERTEX_POINT('',#6992);
#6992 = CARTESIAN_POINT('',(-20.25,-40.5,-56.65));
#6993 = LINE('',#6994,#6995);
#6994 = CARTESIAN_POINT('',(-20.25,-40.5,-56.65));
#6995 = VECTOR('',#6996,1.);
#6996 = DIRECTION('',(1.,1.1E-16,-1.11E-15));
#6997 = ORIENTED_EDGE('',*,*,#6998,.F.);
#6998 = EDGE_CURVE('',#6999,#6991,#7001,.T.);
#6999 = VERTEX_POINT('',#7000);
#7000 = CARTESIAN_POINT('',(-20.25,-40.5,-55.));
#7001 = LINE('',#7002,#7003);
#7002 = CARTESIAN_POINT('',(-20.25,-40.5,-51.65));
#7003 = VECTOR('',#7004,1.);
#7004 = DIRECTION('',(4.4E-16,-7.8E-16,-1.));
#7005 = ORIENTED_EDGE('',*,*,#7006,.F.);
#7006 = EDGE_CURVE('',#6841,#6999,#7007,.T.);
#7007 = LINE('',#7008,#7009);
#7008 = CARTESIAN_POINT('',(-12.25,-40.5,-55.));
#7009 = VECTOR('',#7010,1.);
#7010 = DIRECTION('',(-1.,-1.1E-16,1.11E-15));
#7011 = PLANE('',#7012);
#7012 = AXIS2_PLACEMENT_3D('',#7013,#7014,#7015);
#7013 = CARTESIAN_POINT('',(-20.25,-40.5,-51.65));
#7014 = DIRECTION('',(3.3E-16,1.,-3.3E-16));
#7015 = DIRECTION('',(2.2E-16,-3.3E-16,-1.));
#7016 = ADVANCED_FACE('',(#7017),#7036,.F.);
#7017 = FACE_BOUND('',#7018,.F.);
#7018 = EDGE_LOOP('',(#7019,#7020,#7021,#7029,#7035));
#7019 = ORIENTED_EDGE('',*,*,#6840,.T.);
#7020 = ORIENTED_EDGE('',*,*,#6903,.T.);
#7021 = ORIENTED_EDGE('',*,*,#7022,.T.);
#7022 = EDGE_CURVE('',#6904,#7023,#7025,.T.);
#7023 = VERTEX_POINT('',#7024);
#7024 = CARTESIAN_POINT('',(-20.25,-36.5,-55.));
#7025 = LINE('',#7026,#7027);
#7026 = CARTESIAN_POINT('',(-12.25,-36.5,-55.));
#7027 = VECTOR('',#7028,1.);
#7028 = DIRECTION('',(-1.,-1.1E-16,1.11E-15));
#7029 = ORIENTED_EDGE('',*,*,#7030,.F.);
#7030 = EDGE_CURVE('',#6999,#7023,#7031,.T.);
#7031 = LINE('',#7032,#7033);
#7032 = CARTESIAN_POINT('',(-20.25,-40.5,-55.));
#7033 = VECTOR('',#7034,1.);
#7034 = DIRECTION('',(3.3E-16,1.,-3.3E-16));
#7035 = ORIENTED_EDGE('',*,*,#7006,.F.);
#7036 = PLANE('',#7037);
#7037 = AXIS2_PLACEMENT_3D('',#7038,#7039,#7040);
#7038 = CARTESIAN_POINT('',(-12.25,-40.5,-55.));
#7039 = DIRECTION('',(4.4E-16,3.3E-16,1.));
#7040 = DIRECTION('',(-1.,1.1E-16,4.4E-16));
#7041 = ADVANCED_FACE('',(#7042),#7092,.T.);
#7042 = FACE_BOUND('',#7043,.T.);
#7043 = EDGE_LOOP('',(#7044,#7054,#7062,#7070,#7076,#7077,#7078,#7086));
#7044 = ORIENTED_EDGE('',*,*,#7045,.T.);
#7045 = EDGE_CURVE('',#7046,#7048,#7050,.T.);
#7046 = VERTEX_POINT('',#7047);
#7047 = CARTESIAN_POINT('',(-19.15,-46.17,-51.65));
#7048 = VERTEX_POINT('',#7049);
#7049 = CARTESIAN_POINT('',(19.15,-46.17,-51.65));
#7050 = LINE('',#7051,#7052);
#7051 = CARTESIAN_POINT('',(-20.25,-46.17,-51.65));
#7052 = VECTOR('',#7053,1.);
#7053 = DIRECTION('',(1.,1.1E-16,-8.9E-16));
#7054 = ORIENTED_EDGE('',*,*,#7055,.T.);
#7055 = EDGE_CURVE('',#7048,#7056,#7058,.T.);
#7056 = VERTEX_POINT('',#7057);
#7057 = CARTESIAN_POINT('',(20.25,-45.03076463376,-51.65));
#7058 = LINE('',#7059,#7060);
#7059 = CARTESIAN_POINT('',(10.472593621599,-55.15691657592,-51.65));
#7060 = VECTOR('',#7061,1.);
#7061 = DIRECTION('',(0.694610400237,0.719386121553,-7.E-16));
#7062 = ORIENTED_EDGE('',*,*,#7063,.T.);
#7063 = EDGE_CURVE('',#7056,#7064,#7066,.T.);
#7064 = VERTEX_POINT('',#7065);
#7065 = CARTESIAN_POINT('',(20.25,-40.5,-51.65));
#7066 = LINE('',#7067,#7068);
#7067 = CARTESIAN_POINT('',(20.25,-46.17,-51.65));
#7068 = VECTOR('',#7069,1.);
#7069 = DIRECTION('',(5.6E-16,1.,1.1E-16));
#7070 = ORIENTED_EDGE('',*,*,#7071,.F.);
#7071 = EDGE_CURVE('',#6927,#7064,#7072,.T.);
#7072 = LINE('',#7073,#7074);
#7073 = CARTESIAN_POINT('',(-20.25,-40.5,-51.65));
#7074 = VECTOR('',#7075,1.);
#7075 = DIRECTION('',(1.,1.1E-16,-8.9E-16));
#7076 = ORIENTED_EDGE('',*,*,#6926,.F.);
#7077 = ORIENTED_EDGE('',*,*,#6863,.F.);
#7078 = ORIENTED_EDGE('',*,*,#7079,.F.);
#7079 = EDGE_CURVE('',#7080,#6864,#7082,.T.);
#7080 = VERTEX_POINT('',#7081);
#7081 = CARTESIAN_POINT('',(-20.25,-45.03076463376,-51.65));
#7082 = LINE('',#7083,#7084);
#7083 = CARTESIAN_POINT('',(-20.25,-46.17,-51.65));
#7084 = VECTOR('',#7085,1.);
#7085 = DIRECTION('',(5.6E-16,1.,1.1E-16));
#7086 = ORIENTED_EDGE('',*,*,#7087,.F.);
#7087 = EDGE_CURVE('',#7046,#7080,#7088,.T.);
#7088 = LINE('',#7089,#7090);
#7089 = CARTESIAN_POINT('',(-20.24288668597,-45.03813166913,-51.65));
#7090 = VECTOR('',#7091,1.);
#7091 = DIRECTION('',(-0.694610400237,0.719386121553,5.4E-16));
#7092 = PLANE('',#7093);
#7093 = AXIS2_PLACEMENT_3D('',#7094,#7095,#7096);
#7094 = CARTESIAN_POINT('',(-20.25,-46.17,-51.65));
#7095 = DIRECTION('',(0.,5.6E-16,1.));
#7096 = DIRECTION('',(5.6E-16,1.,-5.6E-16));
#7097 = ADVANCED_FACE('',(#7098),#7109,.F.);
#7098 = FACE_BOUND('',#7099,.F.);
#7099 = EDGE_LOOP('',(#7100,#7101,#7107,#7108));
#7100 = ORIENTED_EDGE('',*,*,#6879,.F.);
#7101 = ORIENTED_EDGE('',*,*,#7102,.F.);
#7102 = EDGE_CURVE('',#7023,#6872,#7103,.T.);
#7103 = LINE('',#7104,#7105);
#7104 = CARTESIAN_POINT('',(-20.25,-36.5,-55.));
#7105 = VECTOR('',#7106,1.);
#7106 = DIRECTION('',(2.2E-16,5.6E-16,1.));
#7107 = ORIENTED_EDGE('',*,*,#7022,.F.);
#7108 = ORIENTED_EDGE('',*,*,#6911,.F.);
#7109 = PLANE('',#7110);
#7110 = AXIS2_PLACEMENT_3D('',#7111,#7112,#7113);
#7111 = CARTESIAN_POINT('',(2.36966E-12,-36.5,-55.825));
#7112 = DIRECTION('',(-3.3E-16,-1.,1.1E-16));
#7113 = DIRECTION('',(1.,-3.3E-16,-6.7E-16));
#7114 = ADVANCED_FACE('',(#7115),#7126,.F.);
#7115 = FACE_BOUND('',#7116,.F.);
#7116 = EDGE_LOOP('',(#7117,#7118,#7119,#7120));
#7117 = ORIENTED_EDGE('',*,*,#7030,.T.);
#7118 = ORIENTED_EDGE('',*,*,#7102,.T.);
#7119 = ORIENTED_EDGE('',*,*,#6871,.F.);
#7120 = ORIENTED_EDGE('',*,*,#7121,.T.);
#7121 = EDGE_CURVE('',#6864,#6999,#7122,.T.);
#7122 = LINE('',#7123,#7124);
#7123 = CARTESIAN_POINT('',(-20.25,-40.5,-51.65));
#7124 = VECTOR('',#7125,1.);
#7125 = DIRECTION('',(4.4E-16,-7.8E-16,-1.));
#7126 = PLANE('',#7127);
#7127 = AXIS2_PLACEMENT_3D('',#7128,#7129,#7130);
#7128 = CARTESIAN_POINT('',(-20.25,-40.5,-55.));
#7129 = DIRECTION('',(1.,-3.3E-16,-2.2E-16));
#7130 = DIRECTION('',(2.2E-16,5.6E-16,1.));
#7131 = ADVANCED_FACE('',(#7132),#7159,.F.);
#7132 = FACE_BOUND('',#7133,.F.);
#7133 = EDGE_LOOP('',(#7134,#7144,#7150,#7151,#7152,#7153));
#7134 = ORIENTED_EDGE('',*,*,#7135,.F.);
#7135 = EDGE_CURVE('',#7136,#7138,#7140,.T.);
#7136 = VERTEX_POINT('',#7137);
#7137 = CARTESIAN_POINT('',(-20.25,-40.5,-60.));
#7138 = VERTEX_POINT('',#7139);
#7139 = CARTESIAN_POINT('',(-20.25,-42.78076463376,-60.));
#7140 = LINE('',#7141,#7142);
#7141 = CARTESIAN_POINT('',(-20.25,-40.5,-60.));
#7142 = VECTOR('',#7143,1.);
#7143 = DIRECTION('',(-5.6E-16,-1.,-1.1E-16));
#7144 = ORIENTED_EDGE('',*,*,#7145,.F.);
#7145 = EDGE_CURVE('',#6991,#7136,#7146,.T.);
#7146 = LINE('',#7147,#7148);
#7147 = CARTESIAN_POINT('',(-20.25,-40.5,-51.65));
#7148 = VECTOR('',#7149,1.);
#7149 = DIRECTION('',(4.4E-16,-7.8E-16,-1.));
#7150 = ORIENTED_EDGE('',*,*,#6998,.F.);
#7151 = ORIENTED_EDGE('',*,*,#7121,.F.);
#7152 = ORIENTED_EDGE('',*,*,#7079,.F.);
#7153 = ORIENTED_EDGE('',*,*,#7154,.F.);
#7154 = EDGE_CURVE('',#7138,#7080,#7155,.T.);
#7155 = LINE('',#7156,#7157);
#7156 = CARTESIAN_POINT('',(-20.25,-42.85788409677,-59.71380110392));
#7157 = VECTOR('',#7158,1.);
#7158 = DIRECTION('',(-3.6E-16,-0.260180814617,0.965559912023));
#7159 = PLANE('',#7160);
#7160 = AXIS2_PLACEMENT_3D('',#7161,#7162,#7163);
#7161 = CARTESIAN_POINT('',(-20.25,-42.84695802456,-55.46491833569));
#7162 = DIRECTION('',(1.,3.3E-16,-1.33E-15));
#7163 = DIRECTION('',(3.3E-16,-1.,-1.1E-16));
#7164 = ADVANCED_FACE('',(#7165),#7190,.F.);
#7165 = FACE_BOUND('',#7166,.F.);
#7166 = EDGE_LOOP('',(#7167,#7175,#7183,#7189));
#7167 = ORIENTED_EDGE('',*,*,#7168,.T.);
#7168 = EDGE_CURVE('',#6991,#7169,#7171,.T.);
#7169 = VERTEX_POINT('',#7170);
#7170 = CARTESIAN_POINT('',(-20.25,-36.5,-56.65));
#7171 = LINE('',#7172,#7173);
#7172 = CARTESIAN_POINT('',(-20.25,-40.5,-56.65));
#7173 = VECTOR('',#7174,1.);
#7174 = DIRECTION('',(3.3E-16,1.,-3.3E-16));
#7175 = ORIENTED_EDGE('',*,*,#7176,.T.);
#7176 = EDGE_CURVE('',#7169,#7177,#7179,.T.);
#7177 = VERTEX_POINT('',#7178);
#7178 = CARTESIAN_POINT('',(-12.25,-36.5,-56.65));
#7179 = LINE('',#7180,#7181);
#7180 = CARTESIAN_POINT('',(-20.25,-36.5,-56.65));
#7181 = VECTOR('',#7182,1.);
#7182 = DIRECTION('',(1.,1.1E-16,-1.11E-15));
#7183 = ORIENTED_EDGE('',*,*,#7184,.F.);
#7184 = EDGE_CURVE('',#6983,#7177,#7185,.T.);
#7185 = LINE('',#7186,#7187);
#7186 = CARTESIAN_POINT('',(-12.25,-40.5,-56.65));
#7187 = VECTOR('',#7188,1.);
#7188 = DIRECTION('',(3.3E-16,1.,-3.3E-16));
#7189 = ORIENTED_EDGE('',*,*,#6990,.F.);
#7190 = PLANE('',#7191);
#7191 = AXIS2_PLACEMENT_3D('',#7192,#7193,#7194);
#7192 = CARTESIAN_POINT('',(-20.25,-40.5,-56.65));
#7193 = DIRECTION('',(-4.4E-16,-3.3E-16,-1.));
#7194 = DIRECTION('',(1.,-1.1E-16,-4.4E-16));
#7195 = ADVANCED_FACE('',(#7196),#7214,.F.);
#7196 = FACE_BOUND('',#7197,.F.);
#7197 = EDGE_LOOP('',(#7198,#7199,#7207,#7213));
#7198 = ORIENTED_EDGE('',*,*,#7184,.T.);
#7199 = ORIENTED_EDGE('',*,*,#7200,.T.);
#7200 = EDGE_CURVE('',#7177,#7201,#7203,.T.);
#7201 = VERTEX_POINT('',#7202);
#7202 = CARTESIAN_POINT('',(-12.25,-36.5,-60.));
#7203 = LINE('',#7204,#7205);
#7204 = CARTESIAN_POINT('',(-12.25,-36.5,-56.65));
#7205 = VECTOR('',#7206,1.);
#7206 = DIRECTION('',(-2.2E-16,-5.6E-16,-1.));
#7207 = ORIENTED_EDGE('',*,*,#7208,.F.);
#7208 = EDGE_CURVE('',#6975,#7201,#7209,.T.);
#7209 = LINE('',#7210,#7211);
#7210 = CARTESIAN_POINT('',(-12.25,-40.5,-60.));
#7211 = VECTOR('',#7212,1.);
#7212 = DIRECTION('',(3.3E-16,1.,-3.3E-16));
#7213 = ORIENTED_EDGE('',*,*,#6982,.F.);
#7214 = PLANE('',#7215);
#7215 = AXIS2_PLACEMENT_3D('',#7216,#7217,#7218);
#7216 = CARTESIAN_POINT('',(-12.25,-40.5,-56.65));
#7217 = DIRECTION('',(-1.,3.3E-16,2.2E-16));
#7218 = DIRECTION('',(-2.2E-16,-5.6E-16,-1.));
#7219 = ADVANCED_FACE('',(#7220),#7268,.T.);
#7220 = FACE_BOUND('',#7221,.T.);
#7221 = EDGE_LOOP('',(#7222,#7232,#7238,#7239,#7245,#7246,#7254,#7262));
#7222 = ORIENTED_EDGE('',*,*,#7223,.F.);
#7223 = EDGE_CURVE('',#7224,#7226,#7228,.T.);
#7224 = VERTEX_POINT('',#7225);
#7225 = CARTESIAN_POINT('',(-19.15,-43.92,-60.));
#7226 = VERTEX_POINT('',#7227);
#7227 = CARTESIAN_POINT('',(19.15,-43.92,-60.));
#7228 = LINE('',#7229,#7230);
#7229 = CARTESIAN_POINT('',(-20.25,-43.92,-60.));
#7230 = VECTOR('',#7231,1.);
#7231 = DIRECTION('',(1.,1.1E-16,-8.9E-16));
#7232 = ORIENTED_EDGE('',*,*,#7233,.T.);
#7233 = EDGE_CURVE('',#7224,#7138,#7234,.T.);
#7234 = LINE('',#7235,#7236);
#7235 = CARTESIAN_POINT('',(-20.53520713883,-42.48538457988,-60.));
#7236 = VECTOR('',#7237,1.);
#7237 = DIRECTION('',(-0.694610400237,0.719386121553,5.4E-16));
#7238 = ORIENTED_EDGE('',*,*,#7135,.F.);
#7239 = ORIENTED_EDGE('',*,*,#7240,.T.);
#7240 = EDGE_CURVE('',#7136,#6975,#7241,.T.);
#7241 = LINE('',#7242,#7243);
#7242 = CARTESIAN_POINT('',(-20.25,-40.5,-60.));
#7243 = VECTOR('',#7244,1.);
#7244 = DIRECTION('',(1.,1.1E-16,-8.9E-16));
#7245 = ORIENTED_EDGE('',*,*,#6974,.T.);
#7246 = ORIENTED_EDGE('',*,*,#7247,.T.);
#7247 = EDGE_CURVE('',#6967,#7248,#7250,.T.);
#7248 = VERTEX_POINT('',#7249);
#7249 = CARTESIAN_POINT('',(20.25,-40.5,-60.));
#7250 = LINE('',#7251,#7252);
#7251 = CARTESIAN_POINT('',(-20.25,-40.5,-60.));
#7252 = VECTOR('',#7253,1.);
#7253 = DIRECTION('',(1.,1.1E-16,-8.9E-16));
#7254 = ORIENTED_EDGE('',*,*,#7255,.T.);
#7255 = EDGE_CURVE('',#7248,#7256,#7258,.T.);
#7256 = VERTEX_POINT('',#7257);
#7257 = CARTESIAN_POINT('',(20.25,-42.78076463376,-60.));
#7258 = LINE('',#7259,#7260);
#7259 = CARTESIAN_POINT('',(20.25,-40.5,-60.));
#7260 = VECTOR('',#7261,1.);
#7261 = DIRECTION('',(-5.6E-16,-1.,-1.1E-16));
#7262 = ORIENTED_EDGE('',*,*,#7263,.F.);
#7263 = EDGE_CURVE('',#7226,#7256,#7264,.T.);
#7264 = LINE('',#7265,#7266);
#7265 = CARTESIAN_POINT('',(10.764914074462,-52.60416948666,-60.));
#7266 = VECTOR('',#7267,1.);
#7267 = DIRECTION('',(0.694610400237,0.719386121553,-7.E-16));
#7268 = PLANE('',#7269);
#7269 = AXIS2_PLACEMENT_3D('',#7270,#7271,#7272);
#7270 = CARTESIAN_POINT('',(-20.25,-40.5,-60.));
#7271 = DIRECTION('',(0.,-5.6E-16,-1.));
#7272 = DIRECTION('',(-5.6E-16,-1.,5.6E-16));
#7273 = ADVANCED_FACE('',(#7274),#7299,.F.);
#7274 = FACE_BOUND('',#7275,.F.);
#7275 = EDGE_LOOP('',(#7276,#7284,#7292,#7298));
#7276 = ORIENTED_EDGE('',*,*,#7277,.T.);
#7277 = EDGE_CURVE('',#6967,#7278,#7280,.T.);
#7278 = VERTEX_POINT('',#7279);
#7279 = CARTESIAN_POINT('',(12.249999999995,-36.5,-60.));
#7280 = LINE('',#7281,#7282);
#7281 = CARTESIAN_POINT('',(12.249999999995,-40.5,-60.));
#7282 = VECTOR('',#7283,1.);
#7283 = DIRECTION('',(3.3E-16,1.,-3.3E-16));
#7284 = ORIENTED_EDGE('',*,*,#7285,.T.);
#7285 = EDGE_CURVE('',#7278,#7286,#7288,.T.);
#7286 = VERTEX_POINT('',#7287);
#7287 = CARTESIAN_POINT('',(12.249999999995,-36.5,-56.65));
#7288 = LINE('',#7289,#7290);
#7289 = CARTESIAN_POINT('',(12.249999999995,-36.5,-60.));
#7290 = VECTOR('',#7291,1.);
#7291 = DIRECTION('',(2.2E-16,5.6E-16,1.));
#7292 = ORIENTED_EDGE('',*,*,#7293,.F.);
#7293 = EDGE_CURVE('',#6959,#7286,#7294,.T.);
#7294 = LINE('',#7295,#7296);
#7295 = CARTESIAN_POINT('',(12.249999999995,-40.5,-56.65));
#7296 = VECTOR('',#7297,1.);
#7297 = DIRECTION('',(3.3E-16,1.,-3.3E-16));
#7298 = ORIENTED_EDGE('',*,*,#6966,.F.);
#7299 = PLANE('',#7300);
#7300 = AXIS2_PLACEMENT_3D('',#7301,#7302,#7303);
#7301 = CARTESIAN_POINT('',(12.249999999995,-40.5,-60.));
#7302 = DIRECTION('',(1.,-3.3E-16,-2.2E-16));
#7303 = DIRECTION('',(2.2E-16,5.6E-16,1.));
#7304 = ADVANCED_FACE('',(#7305),#7323,.F.);
#7305 = FACE_BOUND('',#7306,.F.);
#7306 = EDGE_LOOP('',(#7307,#7308,#7316,#7322));
#7307 = ORIENTED_EDGE('',*,*,#7293,.T.);
#7308 = ORIENTED_EDGE('',*,*,#7309,.T.);
#7309 = EDGE_CURVE('',#7286,#7310,#7312,.T.);
#7310 = VERTEX_POINT('',#7311);
#7311 = CARTESIAN_POINT('',(20.25,-36.5,-56.65));
#7312 = LINE('',#7313,#7314);
#7313 = CARTESIAN_POINT('',(12.249999999995,-36.5,-56.65));
#7314 = VECTOR('',#7315,1.);
#7315 = DIRECTION('',(1.,1.1E-16,-1.11E-15));
#7316 = ORIENTED_EDGE('',*,*,#7317,.F.);
#7317 = EDGE_CURVE('',#6951,#7310,#7318,.T.);
#7318 = LINE('',#7319,#7320);
#7319 = CARTESIAN_POINT('',(20.25,-40.5,-56.65));
#7320 = VECTOR('',#7321,1.);
#7321 = DIRECTION('',(3.3E-16,1.,-3.3E-16));
#7322 = ORIENTED_EDGE('',*,*,#6958,.F.);
#7323 = PLANE('',#7324);
#7324 = AXIS2_PLACEMENT_3D('',#7325,#7326,#7327);
#7325 = CARTESIAN_POINT('',(12.249999999995,-40.5,-56.65));
#7326 = DIRECTION('',(-4.4E-16,-3.3E-16,-1.));
#7327 = DIRECTION('',(1.,-1.1E-16,-4.4E-16));
#7328 = ADVANCED_FACE('',(#7329),#7352,.T.);
#7329 = FACE_BOUND('',#7330,.T.);
#7330 = EDGE_LOOP('',(#7331,#7332,#7338,#7339,#7345,#7346));
#7331 = ORIENTED_EDGE('',*,*,#7255,.F.);
#7332 = ORIENTED_EDGE('',*,*,#7333,.F.);
#7333 = EDGE_CURVE('',#6951,#7248,#7334,.T.);
#7334 = LINE('',#7335,#7336);
#7335 = CARTESIAN_POINT('',(20.25,-40.5,-51.65));
#7336 = VECTOR('',#7337,1.);
#7337 = DIRECTION('',(4.4E-16,-7.8E-16,-1.));
#7338 = ORIENTED_EDGE('',*,*,#6950,.F.);
#7339 = ORIENTED_EDGE('',*,*,#7340,.F.);
#7340 = EDGE_CURVE('',#7064,#6943,#7341,.T.);
#7341 = LINE('',#7342,#7343);
#7342 = CARTESIAN_POINT('',(20.25,-40.5,-51.65));
#7343 = VECTOR('',#7344,1.);
#7344 = DIRECTION('',(4.4E-16,-7.8E-16,-1.));
#7345 = ORIENTED_EDGE('',*,*,#7063,.F.);
#7346 = ORIENTED_EDGE('',*,*,#7347,.F.);
#7347 = EDGE_CURVE('',#7256,#7056,#7348,.T.);
#7348 = LINE('',#7349,#7350);
#7349 = CARTESIAN_POINT('',(20.25,-42.85788409677,-59.71380110392));
#7350 = VECTOR('',#7351,1.);
#7351 = DIRECTION('',(-3.6E-16,-0.260180814617,0.965559912023));
#7352 = PLANE('',#7353);
#7353 = AXIS2_PLACEMENT_3D('',#7354,#7355,#7356);
#7354 = CARTESIAN_POINT('',(20.25,-42.84695802456,-55.46491833569));
#7355 = DIRECTION('',(1.,3.3E-16,-1.33E-15));
#7356 = DIRECTION('',(3.3E-16,-1.,-1.1E-16));
#7357 = ADVANCED_FACE('',(#7358),#7391,.F.);
#7358 = FACE_BOUND('',#7359,.F.);
#7359 = EDGE_LOOP('',(#7360,#7368,#7369,#7377,#7385));
#7360 = ORIENTED_EDGE('',*,*,#7361,.F.);
#7361 = EDGE_CURVE('',#6935,#7362,#7364,.T.);
#7362 = VERTEX_POINT('',#7363);
#7363 = CARTESIAN_POINT('',(12.249999999995,-39.5,-55.));
#7364 = LINE('',#7365,#7366);
#7365 = CARTESIAN_POINT('',(12.249999999995,-40.5,-55.));
#7366 = VECTOR('',#7367,1.);
#7367 = DIRECTION('',(3.3E-16,1.,-3.3E-16));
#7368 = ORIENTED_EDGE('',*,*,#6942,.F.);
#7369 = ORIENTED_EDGE('',*,*,#7370,.T.);
#7370 = EDGE_CURVE('',#6943,#7371,#7373,.T.);
#7371 = VERTEX_POINT('',#7372);
#7372 = CARTESIAN_POINT('',(20.25,-36.5,-55.));
#7373 = LINE('',#7374,#7375);
#7374 = CARTESIAN_POINT('',(20.25,-40.5,-55.));
#7375 = VECTOR('',#7376,1.);
#7376 = DIRECTION('',(3.3E-16,1.,-3.3E-16));
#7377 = ORIENTED_EDGE('',*,*,#7378,.T.);
#7378 = EDGE_CURVE('',#7371,#7379,#7381,.T.);
#7379 = VERTEX_POINT('',#7380);
#7380 = CARTESIAN_POINT('',(15.249999999995,-36.5,-55.));
#7381 = LINE('',#7382,#7383);
#7382 = CARTESIAN_POINT('',(20.25,-36.5,-55.));
#7383 = VECTOR('',#7384,1.);
#7384 = DIRECTION('',(-1.,-1.1E-16,1.11E-15));
#7385 = ORIENTED_EDGE('',*,*,#7386,.F.);
#7386 = EDGE_CURVE('',#7362,#7379,#7387,.T.);
#7387 = LINE('',#7388,#7389);
#7388 = CARTESIAN_POINT('',(14.749999999996,-36.99999999999,-55.));
#7389 = VECTOR('',#7390,1.);
#7390 = DIRECTION('',(0.707106781187,0.707106781187,-5.5E-16));
#7391 = PLANE('',#7392);
#7392 = AXIS2_PLACEMENT_3D('',#7393,#7394,#7395);
#7393 = CARTESIAN_POINT('',(20.25,-40.5,-55.));
#7394 = DIRECTION('',(4.4E-16,3.3E-16,1.));
#7395 = DIRECTION('',(-1.,1.1E-16,4.4E-16));
#7396 = ADVANCED_FACE('',(#7397),#7415,.F.);
#7397 = FACE_BOUND('',#7398,.F.);
#7398 = EDGE_LOOP('',(#7399,#7400,#7408,#7414));
#7399 = ORIENTED_EDGE('',*,*,#7361,.T.);
#7400 = ORIENTED_EDGE('',*,*,#7401,.T.);
#7401 = EDGE_CURVE('',#7362,#7402,#7404,.T.);
#7402 = VERTEX_POINT('',#7403);
#7403 = CARTESIAN_POINT('',(12.249999999995,-39.5,-51.65));
#7404 = LINE('',#7405,#7406);
#7405 = CARTESIAN_POINT('',(12.249999999995,-39.5,-55.));
#7406 = VECTOR('',#7407,1.);
#7407 = DIRECTION('',(2.2E-16,5.6E-16,1.));
#7408 = ORIENTED_EDGE('',*,*,#7409,.F.);
#7409 = EDGE_CURVE('',#6927,#7402,#7410,.T.);
#7410 = LINE('',#7411,#7412);
#7411 = CARTESIAN_POINT('',(12.249999999995,-40.5,-51.65));
#7412 = VECTOR('',#7413,1.);
#7413 = DIRECTION('',(3.3E-16,1.,-3.3E-16));
#7414 = ORIENTED_EDGE('',*,*,#6934,.F.);
#7415 = PLANE('',#7416);
#7416 = AXIS2_PLACEMENT_3D('',#7417,#7418,#7419);
#7417 = CARTESIAN_POINT('',(12.249999999995,-40.5,-55.));
#7418 = DIRECTION('',(1.,-3.3E-16,-2.2E-16));
#7419 = DIRECTION('',(2.2E-16,5.6E-16,1.));
#7420 = ADVANCED_FACE('',(#7421),#7437,.T.);
#7421 = FACE_BOUND('',#7422,.T.);
#7422 = EDGE_LOOP('',(#7423,#7424,#7430,#7431));
#7423 = ORIENTED_EDGE('',*,*,#7223,.T.);
#7424 = ORIENTED_EDGE('',*,*,#7425,.T.);
#7425 = EDGE_CURVE('',#7226,#7048,#7426,.T.);
#7426 = LINE('',#7427,#7428);
#7427 = CARTESIAN_POINT('',(19.15,-43.92,-60.));
#7428 = VECTOR('',#7429,1.);
#7429 = DIRECTION('',(-3.6E-16,-0.260180814617,0.965559912023));
#7430 = ORIENTED_EDGE('',*,*,#7045,.F.);
#7431 = ORIENTED_EDGE('',*,*,#7432,.F.);
#7432 = EDGE_CURVE('',#7224,#7046,#7433,.T.);
#7433 = LINE('',#7434,#7435);
#7434 = CARTESIAN_POINT('',(-19.15,-43.92,-60.));
#7435 = VECTOR('',#7436,1.);
#7436 = DIRECTION('',(-3.6E-16,-0.260180814617,0.965559912023));
#7437 = PLANE('',#7438);
#7438 = AXIS2_PLACEMENT_3D('',#7439,#7440,#7441);
#7439 = CARTESIAN_POINT('',(-20.25,-43.92,-60.));
#7440 = DIRECTION('',(-3.2E-16,-0.965559912023,-0.260180814617));
#7441 = DIRECTION('',(-3.6E-16,-0.260180814617,0.965559912023));
#7442 = ADVANCED_FACE('',(#7443),#7449,.F.);
#7443 = FACE_BOUND('',#7444,.T.);
#7444 = EDGE_LOOP('',(#7445,#7446,#7447,#7448));
#7445 = ORIENTED_EDGE('',*,*,#7233,.F.);
#7446 = ORIENTED_EDGE('',*,*,#7432,.T.);
#7447 = ORIENTED_EDGE('',*,*,#7087,.T.);
#7448 = ORIENTED_EDGE('',*,*,#7154,.F.);
#7449 = PLANE('',#7450);
#7450 = AXIS2_PLACEMENT_3D('',#7451,#7452,#7453);
#7451 = CARTESIAN_POINT('',(-19.7,-43.38894204838,-59.85690055196));
#7452 = DIRECTION('',(0.707106781187,0.682753961433,0.18397561835));
#7453 = DIRECTION('',(-5.551115123126E-17,0.260180814617,-0.965559912023
    ));
#7454 = ADVANCED_FACE('',(#7455),#7461,.T.);
#7455 = FACE_BOUND('',#7456,.F.);
#7456 = EDGE_LOOP('',(#7457,#7458,#7459,#7460));
#7457 = ORIENTED_EDGE('',*,*,#7263,.F.);
#7458 = ORIENTED_EDGE('',*,*,#7425,.T.);
#7459 = ORIENTED_EDGE('',*,*,#7055,.T.);
#7460 = ORIENTED_EDGE('',*,*,#7347,.F.);
#7461 = PLANE('',#7462);
#7462 = AXIS2_PLACEMENT_3D('',#7463,#7464,#7465);
#7463 = CARTESIAN_POINT('',(19.7,-43.38894204838,-59.85690055196));
#7464 = DIRECTION('',(0.707106781187,-0.682753961433,-0.18397561835));
#7465 = DIRECTION('',(-3.885780586188E-16,0.260180814617,-0.965559912023
    ));
#7466 = ADVANCED_FACE('',(#7467),#7493,.F.);
#7467 = FACE_BOUND('',#7468,.F.);
#7468 = EDGE_LOOP('',(#7469,#7470,#7478,#7486,#7492));
#7469 = ORIENTED_EDGE('',*,*,#7409,.T.);
#7470 = ORIENTED_EDGE('',*,*,#7471,.T.);
#7471 = EDGE_CURVE('',#7402,#7472,#7474,.T.);
#7472 = VERTEX_POINT('',#7473);
#7473 = CARTESIAN_POINT('',(15.249999999995,-36.5,-51.65));
#7474 = LINE('',#7475,#7476);
#7475 = CARTESIAN_POINT('',(12.749999999995,-39.,-51.65));
#7476 = VECTOR('',#7477,1.);
#7477 = DIRECTION('',(0.707106781187,0.707106781187,-5.5E-16));
#7478 = ORIENTED_EDGE('',*,*,#7479,.T.);
#7479 = EDGE_CURVE('',#7472,#7480,#7482,.T.);
#7480 = VERTEX_POINT('',#7481);
#7481 = CARTESIAN_POINT('',(20.25,-36.5,-51.65));
#7482 = LINE('',#7483,#7484);
#7483 = CARTESIAN_POINT('',(12.249999999995,-36.5,-51.65));
#7484 = VECTOR('',#7485,1.);
#7485 = DIRECTION('',(1.,1.1E-16,-1.11E-15));
#7486 = ORIENTED_EDGE('',*,*,#7487,.F.);
#7487 = EDGE_CURVE('',#7064,#7480,#7488,.T.);
#7488 = LINE('',#7489,#7490);
#7489 = CARTESIAN_POINT('',(20.25,-40.5,-51.65));
#7490 = VECTOR('',#7491,1.);
#7491 = DIRECTION('',(3.3E-16,1.,-3.3E-16));
#7492 = ORIENTED_EDGE('',*,*,#7071,.F.);
#7493 = PLANE('',#7494);
#7494 = AXIS2_PLACEMENT_3D('',#7495,#7496,#7497);
#7495 = CARTESIAN_POINT('',(12.249999999995,-40.5,-51.65));
#7496 = DIRECTION('',(-4.4E-16,-3.3E-16,-1.));
#7497 = DIRECTION('',(1.,-1.1E-16,-4.4E-16));
#7498 = ADVANCED_FACE('',(#7499),#7517,.F.);
#7499 = FACE_BOUND('',#7500,.F.);
#7500 = EDGE_LOOP('',(#7501,#7509,#7515,#7516));
#7501 = ORIENTED_EDGE('',*,*,#7502,.T.);
#7502 = EDGE_CURVE('',#7136,#7503,#7505,.T.);
#7503 = VERTEX_POINT('',#7504);
#7504 = CARTESIAN_POINT('',(-20.25,-36.5,-60.));
#7505 = LINE('',#7506,#7507);
#7506 = CARTESIAN_POINT('',(-20.25,-40.5,-60.));
#7507 = VECTOR('',#7508,1.);
#7508 = DIRECTION('',(3.3E-16,1.,-3.3E-16));
#7509 = ORIENTED_EDGE('',*,*,#7510,.T.);
#7510 = EDGE_CURVE('',#7503,#7169,#7511,.T.);
#7511 = LINE('',#7512,#7513);
#7512 = CARTESIAN_POINT('',(-20.25,-36.5,-60.));
#7513 = VECTOR('',#7514,1.);
#7514 = DIRECTION('',(2.2E-16,5.6E-16,1.));
#7515 = ORIENTED_EDGE('',*,*,#7168,.F.);
#7516 = ORIENTED_EDGE('',*,*,#7145,.T.);
#7517 = PLANE('',#7518);
#7518 = AXIS2_PLACEMENT_3D('',#7519,#7520,#7521);
#7519 = CARTESIAN_POINT('',(-20.25,-40.5,-60.));
#7520 = DIRECTION('',(1.,-3.3E-16,-2.2E-16));
#7521 = DIRECTION('',(2.2E-16,5.6E-16,1.));
#7522 = ADVANCED_FACE('',(#7523),#7534,.F.);
#7523 = FACE_BOUND('',#7524,.T.);
#7524 = EDGE_LOOP('',(#7525,#7526,#7527,#7528));
#7525 = ORIENTED_EDGE('',*,*,#7510,.T.);
#7526 = ORIENTED_EDGE('',*,*,#7176,.T.);
#7527 = ORIENTED_EDGE('',*,*,#7200,.T.);
#7528 = ORIENTED_EDGE('',*,*,#7529,.T.);
#7529 = EDGE_CURVE('',#7201,#7503,#7530,.T.);
#7530 = LINE('',#7531,#7532);
#7531 = CARTESIAN_POINT('',(-12.25,-36.5,-60.));
#7532 = VECTOR('',#7533,1.);
#7533 = DIRECTION('',(-1.,-1.1E-16,1.11E-15));
#7534 = PLANE('',#7535);
#7535 = AXIS2_PLACEMENT_3D('',#7536,#7537,#7538);
#7536 = CARTESIAN_POINT('',(2.36966E-12,-36.5,-55.825));
#7537 = DIRECTION('',(-3.3E-16,-1.,1.1E-16));
#7538 = DIRECTION('',(1.,-3.3E-16,-6.7E-16));
#7539 = ADVANCED_FACE('',(#7540),#7546,.F.);
#7540 = FACE_BOUND('',#7541,.F.);
#7541 = EDGE_LOOP('',(#7542,#7543,#7544,#7545));
#7542 = ORIENTED_EDGE('',*,*,#7208,.T.);
#7543 = ORIENTED_EDGE('',*,*,#7529,.T.);
#7544 = ORIENTED_EDGE('',*,*,#7502,.F.);
#7545 = ORIENTED_EDGE('',*,*,#7240,.T.);
#7546 = PLANE('',#7547);
#7547 = AXIS2_PLACEMENT_3D('',#7548,#7549,#7550);
#7548 = CARTESIAN_POINT('',(-12.25,-40.5,-60.));
#7549 = DIRECTION('',(4.4E-16,3.3E-16,1.));
#7550 = DIRECTION('',(-1.,1.1E-16,4.4E-16));
#7551 = ADVANCED_FACE('',(#7552),#7570,.F.);
#7552 = FACE_BOUND('',#7553,.F.);
#7553 = EDGE_LOOP('',(#7554,#7562,#7568,#7569));
#7554 = ORIENTED_EDGE('',*,*,#7555,.T.);
#7555 = EDGE_CURVE('',#7248,#7556,#7558,.T.);
#7556 = VERTEX_POINT('',#7557);
#7557 = CARTESIAN_POINT('',(20.25,-36.5,-60.));
#7558 = LINE('',#7559,#7560);
#7559 = CARTESIAN_POINT('',(20.25,-40.5,-60.));
#7560 = VECTOR('',#7561,1.);
#7561 = DIRECTION('',(3.3E-16,1.,-3.3E-16));
#7562 = ORIENTED_EDGE('',*,*,#7563,.T.);
#7563 = EDGE_CURVE('',#7556,#7278,#7564,.T.);
#7564 = LINE('',#7565,#7566);
#7565 = CARTESIAN_POINT('',(20.25,-36.5,-60.));
#7566 = VECTOR('',#7567,1.);
#7567 = DIRECTION('',(-1.,-1.1E-16,1.11E-15));
#7568 = ORIENTED_EDGE('',*,*,#7277,.F.);
#7569 = ORIENTED_EDGE('',*,*,#7247,.T.);
#7570 = PLANE('',#7571);
#7571 = AXIS2_PLACEMENT_3D('',#7572,#7573,#7574);
#7572 = CARTESIAN_POINT('',(20.25,-40.5,-60.));
#7573 = DIRECTION('',(4.4E-16,3.3E-16,1.));
#7574 = DIRECTION('',(-1.,1.1E-16,4.4E-16));
#7575 = ADVANCED_FACE('',(#7576),#7587,.F.);
#7576 = FACE_BOUND('',#7577,.T.);
#7577 = EDGE_LOOP('',(#7578,#7579,#7580,#7581));
#7578 = ORIENTED_EDGE('',*,*,#7563,.T.);
#7579 = ORIENTED_EDGE('',*,*,#7285,.T.);
#7580 = ORIENTED_EDGE('',*,*,#7309,.T.);
#7581 = ORIENTED_EDGE('',*,*,#7582,.T.);
#7582 = EDGE_CURVE('',#7310,#7556,#7583,.T.);
#7583 = LINE('',#7584,#7585);
#7584 = CARTESIAN_POINT('',(20.25,-36.5,-56.65));
#7585 = VECTOR('',#7586,1.);
#7586 = DIRECTION('',(-2.2E-16,-5.6E-16,-1.));
#7587 = PLANE('',#7588);
#7588 = AXIS2_PLACEMENT_3D('',#7589,#7590,#7591);
#7589 = CARTESIAN_POINT('',(2.36966E-12,-36.5,-55.825));
#7590 = DIRECTION('',(-3.3E-16,-1.,1.1E-16));
#7591 = DIRECTION('',(1.,-3.3E-16,-6.7E-16));
#7592 = ADVANCED_FACE('',(#7593),#7599,.F.);
#7593 = FACE_BOUND('',#7594,.F.);
#7594 = EDGE_LOOP('',(#7595,#7596,#7597,#7598));
#7595 = ORIENTED_EDGE('',*,*,#7317,.T.);
#7596 = ORIENTED_EDGE('',*,*,#7582,.T.);
#7597 = ORIENTED_EDGE('',*,*,#7555,.F.);
#7598 = ORIENTED_EDGE('',*,*,#7333,.F.);
#7599 = PLANE('',#7600);
#7600 = AXIS2_PLACEMENT_3D('',#7601,#7602,#7603);
#7601 = CARTESIAN_POINT('',(20.25,-40.5,-56.65));
#7602 = DIRECTION('',(-1.,3.3E-16,2.2E-16));
#7603 = DIRECTION('',(-2.2E-16,-5.6E-16,-1.));
#7604 = ADVANCED_FACE('',(#7605),#7616,.F.);
#7605 = FACE_BOUND('',#7606,.F.);
#7606 = EDGE_LOOP('',(#7607,#7608,#7614,#7615));
#7607 = ORIENTED_EDGE('',*,*,#7487,.T.);
#7608 = ORIENTED_EDGE('',*,*,#7609,.T.);
#7609 = EDGE_CURVE('',#7480,#7371,#7610,.T.);
#7610 = LINE('',#7611,#7612);
#7611 = CARTESIAN_POINT('',(20.25,-36.5,-51.65));
#7612 = VECTOR('',#7613,1.);
#7613 = DIRECTION('',(-2.2E-16,-5.6E-16,-1.));
#7614 = ORIENTED_EDGE('',*,*,#7370,.F.);
#7615 = ORIENTED_EDGE('',*,*,#7340,.F.);
#7616 = PLANE('',#7617);
#7617 = AXIS2_PLACEMENT_3D('',#7618,#7619,#7620);
#7618 = CARTESIAN_POINT('',(20.25,-40.5,-51.65));
#7619 = DIRECTION('',(-1.,3.3E-16,2.2E-16));
#7620 = DIRECTION('',(-2.2E-16,-5.6E-16,-1.));
#7621 = ADVANCED_FACE('',(#7622),#7633,.T.);
#7622 = FACE_BOUND('',#7623,.T.);
#7623 = EDGE_LOOP('',(#7624,#7625,#7626,#7627));
#7624 = ORIENTED_EDGE('',*,*,#7386,.F.);
#7625 = ORIENTED_EDGE('',*,*,#7401,.T.);
#7626 = ORIENTED_EDGE('',*,*,#7471,.T.);
#7627 = ORIENTED_EDGE('',*,*,#7628,.F.);
#7628 = EDGE_CURVE('',#7379,#7472,#7629,.T.);
#7629 = LINE('',#7630,#7631);
#7630 = CARTESIAN_POINT('',(15.249999999995,-36.5,-55.));
#7631 = VECTOR('',#7632,1.);
#7632 = DIRECTION('',(2.2E-16,5.6E-16,1.));
#7633 = PLANE('',#7634);
#7634 = AXIS2_PLACEMENT_3D('',#7635,#7636,#7637);
#7635 = CARTESIAN_POINT('',(13.749999999995,-38.,-55.));
#7636 = DIRECTION('',(-0.707106781187,0.707106781187,-2.4E-16));
#7637 = DIRECTION('',(2.202943725152E-16,5.597056274848E-16,1.));
#7638 = ADVANCED_FACE('',(#7639),#7645,.F.);
#7639 = FACE_BOUND('',#7640,.F.);
#7640 = EDGE_LOOP('',(#7641,#7642,#7643,#7644));
#7641 = ORIENTED_EDGE('',*,*,#7378,.F.);
#7642 = ORIENTED_EDGE('',*,*,#7609,.F.);
#7643 = ORIENTED_EDGE('',*,*,#7479,.F.);
#7644 = ORIENTED_EDGE('',*,*,#7628,.F.);
#7645 = PLANE('',#7646);
#7646 = AXIS2_PLACEMENT_3D('',#7647,#7648,#7649);
#7647 = CARTESIAN_POINT('',(2.36966E-12,-36.5,-55.825));
#7648 = DIRECTION('',(-3.3E-16,-1.,1.1E-16));
#7649 = DIRECTION('',(1.,-3.3E-16,-6.7E-16));
#7650 = ( GEOMETRIC_REPRESENTATION_CONTEXT(3) 
GLOBAL_UNCERTAINTY_ASSIGNED_CONTEXT((#7654)) 
GLOBAL_UNIT_ASSIGNED_CONTEXT((#7651,#7652,#7653)) REPRESENTATION_CONTEXT
('Context #1','3D Context with UNIT and UNCERTAINTY') );
#7651 = ( LENGTH_UNIT() NAMED_UNIT(*) SI_UNIT(.MILLI.,.METRE.) );
#7652 = ( NAMED_UNIT(*) PLANE_ANGLE_UNIT() SI_UNIT($,.RADIAN.) );
#7653 = ( NAMED_UNIT(*) SI_UNIT($,.STERADIAN.) SOLID_ANGLE_UNIT() );
#7654 = UNCERTAINTY_MEASURE_WITH_UNIT(LENGTH_MEASURE(2.E-05),#7651,
  'distance_accuracy_value','confusion accuracy');
#7655 = CONTEXT_DEPENDENT_SHAPE_REPRESENTATION(#7656,#7658);
#7656 = ( REPRESENTATION_RELATIONSHIP('','',#6815,#10) 
REPRESENTATION_RELATIONSHIP_WITH_TRANSFORMATION(#7657) 
SHAPE_REPRESENTATION_RELATIONSHIP() );
#7657 = ITEM_DEFINED_TRANSFORMATION('','',#11,#27);
#7658 = PRODUCT_DEFINITION_SHAPE('Placement','Placement of an item',
  #7659);
#7659 = NEXT_ASSEMBLY_USAGE_OCCURRENCE('4','Body004','',#5,#6810,$);
#7660 = PRODUCT_RELATED_PRODUCT_CATEGORY('part',$,(#6812));
#7661 = SHAPE_DEFINITION_REPRESENTATION(#7662,#7668);
#7662 = PRODUCT_DEFINITION_SHAPE('','',#7663);
#7663 = PRODUCT_DEFINITION('design','',#7664,#7667);
#7664 = PRODUCT_DEFINITION_FORMATION('','',#7665);
#7665 = PRODUCT('Body005','Body005','',(#7666));
#7666 = PRODUCT_CONTEXT('',#2,'mechanical');
#7667 = PRODUCT_DEFINITION_CONTEXT('part definition',#2,'design');
#7668 = ADVANCED_BREP_SHAPE_REPRESENTATION('',(#11,#7669),#9336);
#7669 = MANIFOLD_SOLID_BREP('',#7670);
#7670 = CLOSED_SHELL('',(#7671,#7931,#7962,#7994,#8018,#8042,#8066,#8098
    ,#8122,#8139,#8170,#8194,#8218,#8235,#8283,#8307,#8331,#8355,#8379,
    #8413,#8438,#8469,#8493,#8534,#8575,#8599,#8616,#8641,#8667,#8692,
    #8708,#8732,#8755,#8766,#8778,#8802,#8833,#8857,#8874,#8891,#8922,
    #8940,#8964,#8981,#9012,#9036,#9067,#9084,#9102,#9114,#9138,#9162,
    #9179,#9196,#9213,#9225,#9249,#9266,#9290,#9307,#9324));
#7671 = ADVANCED_FACE('',(#7672,#7738,#7772,#7838,#7849,#7915),#7926,.T.
  );
#7672 = FACE_BOUND('',#7673,.T.);
#7673 = EDGE_LOOP('',(#7674,#7684,#7692,#7700,#7708,#7716,#7724,#7732));
#7674 = ORIENTED_EDGE('',*,*,#7675,.T.);
#7675 = EDGE_CURVE('',#7676,#7678,#7680,.T.);
#7676 = VERTEX_POINT('',#7677);
#7677 = CARTESIAN_POINT('',(-5.,108.,0.));
#7678 = VERTEX_POINT('',#7679);
#7679 = CARTESIAN_POINT('',(-5.,-3.,0.));
#7680 = LINE('',#7681,#7682);
#7681 = CARTESIAN_POINT('',(-5.,110.,0.));
#7682 = VECTOR('',#7683,1.);
#7683 = DIRECTION('',(0.,-1.,0.));
#7684 = ORIENTED_EDGE('',*,*,#7685,.F.);
#7685 = EDGE_CURVE('',#7686,#7678,#7688,.T.);
#7686 = VERTEX_POINT('',#7687);
#7687 = CARTESIAN_POINT('',(-4.,-4.,0.));
#7688 = LINE('',#7689,#7690);
#7689 = CARTESIAN_POINT('',(-8.75,0.75,0.));
#7690 = VECTOR('',#7691,1.);
#7691 = DIRECTION('',(-0.707106781187,0.707106781187,0.));
#7692 = ORIENTED_EDGE('',*,*,#7693,.T.);
#7693 = EDGE_CURVE('',#7686,#7694,#7696,.T.);
#7694 = VERTEX_POINT('',#7695);
#7695 = CARTESIAN_POINT('',(74.,-4.,0.));
#7696 = LINE('',#7697,#7698);
#7697 = CARTESIAN_POINT('',(-5.,-4.,0.));
#7698 = VECTOR('',#7699,1.);
#7699 = DIRECTION('',(1.,0.,0.));
#7700 = ORIENTED_EDGE('',*,*,#7701,.T.);
#7701 = EDGE_CURVE('',#7694,#7702,#7704,.T.);
#7702 = VERTEX_POINT('',#7703);
#7703 = CARTESIAN_POINT('',(75.,-3.,0.));
#7704 = LINE('',#7705,#7706);
#7705 = CARTESIAN_POINT('',(78.75,0.75,0.));
#7706 = VECTOR('',#7707,1.);
#7707 = DIRECTION('',(0.707106781187,0.707106781187,0.));
#7708 = ORIENTED_EDGE('',*,*,#7709,.T.);
#7709 = EDGE_CURVE('',#7702,#7710,#7712,.T.);
#7710 = VERTEX_POINT('',#7711);
#7711 = CARTESIAN_POINT('',(75.,108.,0.));
#7712 = LINE('',#7713,#7714);
#7713 = CARTESIAN_POINT('',(75.,-4.,0.));
#7714 = VECTOR('',#7715,1.);
#7715 = DIRECTION('',(0.,1.,0.));
#7716 = ORIENTED_EDGE('',*,*,#7717,.T.);
#7717 = EDGE_CURVE('',#7710,#7718,#7720,.T.);
#7718 = VERTEX_POINT('',#7719);
#7719 = CARTESIAN_POINT('',(73.,110.,0.));
#7720 = LINE('',#7721,#7722);
#7721 = CARTESIAN_POINT('',(78.25,104.75,0.));
#7722 = VECTOR('',#7723,1.);
#7723 = DIRECTION('',(-0.707106781187,0.707106781187,0.));
#7724 = ORIENTED_EDGE('',*,*,#7725,.T.);
#7725 = EDGE_CURVE('',#7718,#7726,#7728,.T.);
#7726 = VERTEX_POINT('',#7727);
#7727 = CARTESIAN_POINT('',(-3.,110.,0.));
#7728 = LINE('',#7729,#7730);
#7729 = CARTESIAN_POINT('',(75.,110.,0.));
#7730 = VECTOR('',#7731,1.);
#7731 = DIRECTION('',(-1.,0.,0.));
#7732 = ORIENTED_EDGE('',*,*,#7733,.F.);
#7733 = EDGE_CURVE('',#7676,#7726,#7734,.T.);
#7734 = LINE('',#7735,#7736);
#7735 = CARTESIAN_POINT('',(-8.25,104.75,0.));
#7736 = VECTOR('',#7737,1.);
#7737 = DIRECTION('',(0.707106781187,0.707106781187,0.));
#7738 = FACE_BOUND('',#7739,.T.);
#7739 = EDGE_LOOP('',(#7740,#7750,#7758,#7766));
#7740 = ORIENTED_EDGE('',*,*,#7741,.F.);
#7741 = EDGE_CURVE('',#7742,#7744,#7746,.T.);
#7742 = VERTEX_POINT('',#7743);
#7743 = CARTESIAN_POINT('',(0.,-0.75,0.));
#7744 = VERTEX_POINT('',#7745);
#7745 = CARTESIAN_POINT('',(0.,-2.25,0.));
#7746 = LINE('',#7747,#7748);
#7747 = CARTESIAN_POINT('',(0.,-0.75,0.));
#7748 = VECTOR('',#7749,1.);
#7749 = DIRECTION('',(0.,-1.,0.));
#7750 = ORIENTED_EDGE('',*,*,#7751,.F.);
#7751 = EDGE_CURVE('',#7752,#7742,#7754,.T.);
#7752 = VERTEX_POINT('',#7753);
#7753 = CARTESIAN_POINT('',(70.,-0.75,0.));
#7754 = LINE('',#7755,#7756);
#7755 = CARTESIAN_POINT('',(70.,-0.75,0.));
#7756 = VECTOR('',#7757,1.);
#7757 = DIRECTION('',(-1.,0.,0.));
#7758 = ORIENTED_EDGE('',*,*,#7759,.F.);
#7759 = EDGE_CURVE('',#7760,#7752,#7762,.T.);
#7760 = VERTEX_POINT('',#7761);
#7761 = CARTESIAN_POINT('',(70.,-2.25,0.));
#7762 = LINE('',#7763,#7764);
#7763 = CARTESIAN_POINT('',(70.,-2.25,0.));
#7764 = VECTOR('',#7765,1.);
#7765 = DIRECTION('',(0.,1.,0.));
#7766 = ORIENTED_EDGE('',*,*,#7767,.F.);
#7767 = EDGE_CURVE('',#7744,#7760,#7768,.T.);
#7768 = LINE('',#7769,#7770);
#7769 = CARTESIAN_POINT('',(0.,-2.25,0.));
#7770 = VECTOR('',#7771,1.);
#7771 = DIRECTION('',(1.,0.,0.));
#7772 = FACE_BOUND('',#7773,.T.);
#7773 = EDGE_LOOP('',(#7774,#7784,#7792,#7800,#7808,#7816,#7824,#7832));
#7774 = ORIENTED_EDGE('',*,*,#7775,.F.);
#7775 = EDGE_CURVE('',#7776,#7778,#7780,.T.);
#7776 = VERTEX_POINT('',#7777);
#7777 = CARTESIAN_POINT('',(-1.75,0.,0.));
#7778 = VERTEX_POINT('',#7779);
#7779 = CARTESIAN_POINT('',(-0.75,0.,0.));
#7780 = LINE('',#7781,#7782);
#7781 = CARTESIAN_POINT('',(15.875,0.,0.));
#7782 = VECTOR('',#7783,1.);
#7783 = DIRECTION('',(1.,0.,0.));
#7784 = ORIENTED_EDGE('',*,*,#7785,.F.);
#7785 = EDGE_CURVE('',#7786,#7776,#7788,.T.);
#7786 = VERTEX_POINT('',#7787);
#7787 = CARTESIAN_POINT('',(-3.25,0.,0.));
#7788 = LINE('',#7789,#7790);
#7789 = CARTESIAN_POINT('',(-3.25,0.,0.));
#7790 = VECTOR('',#7791,1.);
#7791 = DIRECTION('',(1.,0.,0.));
#7792 = ORIENTED_EDGE('',*,*,#7793,.F.);
#7793 = EDGE_CURVE('',#7794,#7786,#7796,.T.);
#7794 = VERTEX_POINT('',#7795);
#7795 = CARTESIAN_POINT('',(-3.25,25.,0.));
#7796 = LINE('',#7797,#7798);
#7797 = CARTESIAN_POINT('',(-3.25,25.,0.));
#7798 = VECTOR('',#7799,1.);
#7799 = DIRECTION('',(0.,-1.,0.));
#7800 = ORIENTED_EDGE('',*,*,#7801,.T.);
#7801 = EDGE_CURVE('',#7794,#7802,#7804,.T.);
#7802 = VERTEX_POINT('',#7803);
#7803 = CARTESIAN_POINT('',(-3.25,105.,0.));
#7804 = LINE('',#7805,#7806);
#7805 = CARTESIAN_POINT('',(-3.25,25.,0.));
#7806 = VECTOR('',#7807,1.);
#7807 = DIRECTION('',(0.,1.,0.));
#7808 = ORIENTED_EDGE('',*,*,#7809,.F.);
#7809 = EDGE_CURVE('',#7810,#7802,#7812,.T.);
#7810 = VERTEX_POINT('',#7811);
#7811 = CARTESIAN_POINT('',(-1.75,105.,0.));
#7812 = LINE('',#7813,#7814);
#7813 = CARTESIAN_POINT('',(-1.75,105.,0.));
#7814 = VECTOR('',#7815,1.);
#7815 = DIRECTION('',(-1.,0.,0.));
#7816 = ORIENTED_EDGE('',*,*,#7817,.T.);
#7817 = EDGE_CURVE('',#7810,#7818,#7820,.T.);
#7818 = VERTEX_POINT('',#7819);
#7819 = CARTESIAN_POINT('',(-0.75,105.,0.));
#7820 = LINE('',#7821,#7822);
#7821 = CARTESIAN_POINT('',(16.625,105.,0.));
#7822 = VECTOR('',#7823,1.);
#7823 = DIRECTION('',(1.,0.,0.));
#7824 = ORIENTED_EDGE('',*,*,#7825,.F.);
#7825 = EDGE_CURVE('',#7826,#7818,#7828,.T.);
#7826 = VERTEX_POINT('',#7827);
#7827 = CARTESIAN_POINT('',(-0.75,25.,0.));
#7828 = LINE('',#7829,#7830);
#7829 = CARTESIAN_POINT('',(-0.75,25.,0.));
#7830 = VECTOR('',#7831,1.);
#7831 = DIRECTION('',(0.,1.,0.));
#7832 = ORIENTED_EDGE('',*,*,#7833,.F.);
#7833 = EDGE_CURVE('',#7778,#7826,#7834,.T.);
#7834 = LINE('',#7835,#7836);
#7835 = CARTESIAN_POINT('',(-0.75,0.,0.));
#7836 = VECTOR('',#7837,1.);
#7837 = DIRECTION('',(0.,1.,0.));
#7838 = FACE_BOUND('',#7839,.T.);
#7839 = EDGE_LOOP('',(#7840));
#7840 = ORIENTED_EDGE('',*,*,#7841,.F.);
#7841 = EDGE_CURVE('',#7842,#7842,#7844,.T.);
#7842 = VERTEX_POINT('',#7843);
#7843 = CARTESIAN_POINT('',(16.95,99.8,0.));
#7844 = CIRCLE('',#7845,1.95);
#7845 = AXIS2_PLACEMENT_3D('',#7846,#7847,#7848);
#7846 = CARTESIAN_POINT('',(15.,99.8,0.));
#7847 = DIRECTION('',(0.,0.,1.));
#7848 = DIRECTION('',(1.,0.,0.));
#7849 = FACE_BOUND('',#7850,.T.);
#7850 = EDGE_LOOP('',(#7851,#7861,#7869,#7877,#7885,#7893,#7901,#7909));
#7851 = ORIENTED_EDGE('',*,*,#7852,.F.);
#7852 = EDGE_CURVE('',#7853,#7855,#7857,.T.);
#7853 = VERTEX_POINT('',#7854);
#7854 = CARTESIAN_POINT('',(70.75,25.,0.));
#7855 = VERTEX_POINT('',#7856);
#7856 = CARTESIAN_POINT('',(70.75,0.,0.));
#7857 = LINE('',#7858,#7859);
#7858 = CARTESIAN_POINT('',(70.75,25.,0.));
#7859 = VECTOR('',#7860,1.);
#7860 = DIRECTION('',(0.,-1.,0.));
#7861 = ORIENTED_EDGE('',*,*,#7862,.T.);
#7862 = EDGE_CURVE('',#7853,#7863,#7865,.T.);
#7863 = VERTEX_POINT('',#7864);
#7864 = CARTESIAN_POINT('',(70.75,105.,0.));
#7865 = LINE('',#7866,#7867);
#7866 = CARTESIAN_POINT('',(70.75,25.,0.));
#7867 = VECTOR('',#7868,1.);
#7868 = DIRECTION('',(0.,1.,0.));
#7869 = ORIENTED_EDGE('',*,*,#7870,.F.);
#7870 = EDGE_CURVE('',#7871,#7863,#7873,.T.);
#7871 = VERTEX_POINT('',#7872);
#7872 = CARTESIAN_POINT('',(71.75,105.,0.));
#7873 = LINE('',#7874,#7875);
#7874 = CARTESIAN_POINT('',(54.125,105.,0.));
#7875 = VECTOR('',#7876,1.);
#7876 = DIRECTION('',(-1.,0.,0.));
#7877 = ORIENTED_EDGE('',*,*,#7878,.F.);
#7878 = EDGE_CURVE('',#7879,#7871,#7881,.T.);
#7879 = VERTEX_POINT('',#7880);
#7880 = CARTESIAN_POINT('',(73.25,105.,0.));
#7881 = LINE('',#7882,#7883);
#7882 = CARTESIAN_POINT('',(73.25,105.,0.));
#7883 = VECTOR('',#7884,1.);
#7884 = DIRECTION('',(-1.,0.,0.));
#7885 = ORIENTED_EDGE('',*,*,#7886,.F.);
#7886 = EDGE_CURVE('',#7887,#7879,#7889,.T.);
#7887 = VERTEX_POINT('',#7888);
#7888 = CARTESIAN_POINT('',(73.25,25.,0.));
#7889 = LINE('',#7890,#7891);
#7890 = CARTESIAN_POINT('',(73.25,25.,0.));
#7891 = VECTOR('',#7892,1.);
#7892 = DIRECTION('',(0.,1.,0.));
#7893 = ORIENTED_EDGE('',*,*,#7894,.F.);
#7894 = EDGE_CURVE('',#7895,#7887,#7897,.T.);
#7895 = VERTEX_POINT('',#7896);
#7896 = CARTESIAN_POINT('',(73.25,0.,0.));
#7897 = LINE('',#7898,#7899);
#7898 = CARTESIAN_POINT('',(73.25,0.,0.));
#7899 = VECTOR('',#7900,1.);
#7900 = DIRECTION('',(0.,1.,0.));
#7901 = ORIENTED_EDGE('',*,*,#7902,.F.);
#7902 = EDGE_CURVE('',#7903,#7895,#7905,.T.);
#7903 = VERTEX_POINT('',#7904);
#7904 = CARTESIAN_POINT('',(71.75,0.,0.));
#7905 = LINE('',#7906,#7907);
#7906 = CARTESIAN_POINT('',(71.75,0.,0.));
#7907 = VECTOR('',#7908,1.);
#7908 = DIRECTION('',(1.,0.,0.));
#7909 = ORIENTED_EDGE('',*,*,#7910,.T.);
#7910 = EDGE_CURVE('',#7903,#7855,#7911,.T.);
#7911 = LINE('',#7912,#7913);
#7912 = CARTESIAN_POINT('',(53.375,0.,0.));
#7913 = VECTOR('',#7914,1.);
#7914 = DIRECTION('',(-1.,0.,0.));
#7915 = FACE_BOUND('',#7916,.T.);
#7916 = EDGE_LOOP('',(#7917));
#7917 = ORIENTED_EDGE('',*,*,#7918,.F.);
#7918 = EDGE_CURVE('',#7919,#7919,#7921,.T.);
#7919 = VERTEX_POINT('',#7920);
#7920 = CARTESIAN_POINT('',(56.95,99.8,0.));
#7921 = CIRCLE('',#7922,1.95);
#7922 = AXIS2_PLACEMENT_3D('',#7923,#7924,#7925);
#7923 = CARTESIAN_POINT('',(55.,99.8,0.));
#7924 = DIRECTION('',(0.,0.,1.));
#7925 = DIRECTION('',(1.,0.,0.));
#7926 = PLANE('',#7927);
#7927 = AXIS2_PLACEMENT_3D('',#7928,#7929,#7930);
#7928 = CARTESIAN_POINT('',(35.,53.,0.));
#7929 = DIRECTION('',(0.,0.,1.));
#7930 = DIRECTION('',(1.,0.,0.));
#7931 = ADVANCED_FACE('',(#7932),#7957,.T.);
#7932 = FACE_BOUND('',#7933,.T.);
#7933 = EDGE_LOOP('',(#7934,#7944,#7950,#7951));
#7934 = ORIENTED_EDGE('',*,*,#7935,.T.);
#7935 = EDGE_CURVE('',#7936,#7938,#7940,.T.);
#7936 = VERTEX_POINT('',#7937);
#7937 = CARTESIAN_POINT('',(-5.,108.,-7.));
#7938 = VERTEX_POINT('',#7939);
#7939 = CARTESIAN_POINT('',(-5.,-3.,-7.));
#7940 = LINE('',#7941,#7942);
#7941 = CARTESIAN_POINT('',(-5.,110.,-7.));
#7942 = VECTOR('',#7943,1.);
#7943 = DIRECTION('',(0.,-1.,0.));
#7944 = ORIENTED_EDGE('',*,*,#7945,.F.);
#7945 = EDGE_CURVE('',#7678,#7938,#7946,.T.);
#7946 = LINE('',#7947,#7948);
#7947 = CARTESIAN_POINT('',(-5.,-3.,0.));
#7948 = VECTOR('',#7949,1.);
#7949 = DIRECTION('',(-0.,-0.,-1.));
#7950 = ORIENTED_EDGE('',*,*,#7675,.F.);
#7951 = ORIENTED_EDGE('',*,*,#7952,.T.);
#7952 = EDGE_CURVE('',#7676,#7936,#7953,.T.);
#7953 = LINE('',#7954,#7955);
#7954 = CARTESIAN_POINT('',(-5.,108.,0.));
#7955 = VECTOR('',#7956,1.);
#7956 = DIRECTION('',(-0.,-0.,-1.));
#7957 = PLANE('',#7958);
#7958 = AXIS2_PLACEMENT_3D('',#7959,#7960,#7961);
#7959 = CARTESIAN_POINT('',(-5.,110.,0.));
#7960 = DIRECTION('',(-1.,0.,0.));
#7961 = DIRECTION('',(0.,-1.,0.));
#7962 = ADVANCED_FACE('',(#7963),#7989,.T.);
#7963 = FACE_BOUND('',#7964,.F.);
#7964 = EDGE_LOOP('',(#7965,#7973,#7981,#7987,#7988));
#7965 = ORIENTED_EDGE('',*,*,#7966,.T.);
#7966 = EDGE_CURVE('',#7936,#7967,#7969,.T.);
#7967 = VERTEX_POINT('',#7968);
#7968 = CARTESIAN_POINT('',(-4.,109.,-8.));
#7969 = LINE('',#7970,#7971);
#7970 = CARTESIAN_POINT('',(-5.333333333333,107.66666666666,
    -6.666666666667));
#7971 = VECTOR('',#7972,1.);
#7972 = DIRECTION('',(0.57735026919,0.57735026919,-0.57735026919));
#7973 = ORIENTED_EDGE('',*,*,#7974,.T.);
#7974 = EDGE_CURVE('',#7967,#7975,#7977,.T.);
#7975 = VERTEX_POINT('',#7976);
#7976 = CARTESIAN_POINT('',(-3.,110.,-7.));
#7977 = LINE('',#7978,#7979);
#7978 = CARTESIAN_POINT('',(10.666666666667,123.66666666666,
    6.666666666667));
#7979 = VECTOR('',#7980,1.);
#7980 = DIRECTION('',(0.57735026919,0.57735026919,0.57735026919));
#7981 = ORIENTED_EDGE('',*,*,#7982,.F.);
#7982 = EDGE_CURVE('',#7726,#7975,#7983,.T.);
#7983 = LINE('',#7984,#7985);
#7984 = CARTESIAN_POINT('',(-3.,110.,0.));
#7985 = VECTOR('',#7986,1.);
#7986 = DIRECTION('',(-0.,-0.,-1.));
#7987 = ORIENTED_EDGE('',*,*,#7733,.F.);
#7988 = ORIENTED_EDGE('',*,*,#7952,.T.);
#7989 = PLANE('',#7990);
#7990 = AXIS2_PLACEMENT_3D('',#7991,#7992,#7993);
#7991 = CARTESIAN_POINT('',(-4.,109.,0.));
#7992 = DIRECTION('',(-0.707106781187,0.707106781187,0.));
#7993 = DIRECTION('',(0.,0.,1.));
#7994 = ADVANCED_FACE('',(#7995),#8013,.T.);
#7995 = FACE_BOUND('',#7996,.F.);
#7996 = EDGE_LOOP('',(#7997,#7998,#8006,#8012));
#7997 = ORIENTED_EDGE('',*,*,#7685,.F.);
#7998 = ORIENTED_EDGE('',*,*,#7999,.T.);
#7999 = EDGE_CURVE('',#7686,#8000,#8002,.T.);
#8000 = VERTEX_POINT('',#8001);
#8001 = CARTESIAN_POINT('',(-4.,-4.,-7.));
#8002 = LINE('',#8003,#8004);
#8003 = CARTESIAN_POINT('',(-4.,-4.,0.));
#8004 = VECTOR('',#8005,1.);
#8005 = DIRECTION('',(-0.,-0.,-1.));
#8006 = ORIENTED_EDGE('',*,*,#8007,.T.);
#8007 = EDGE_CURVE('',#8000,#7938,#8008,.T.);
#8008 = LINE('',#8009,#8010);
#8009 = CARTESIAN_POINT('',(-4.5,-3.5,-7.));
#8010 = VECTOR('',#8011,1.);
#8011 = DIRECTION('',(-0.707106781187,0.707106781187,4.8E-16));
#8012 = ORIENTED_EDGE('',*,*,#7945,.F.);
#8013 = PLANE('',#8014);
#8014 = AXIS2_PLACEMENT_3D('',#8015,#8016,#8017);
#8015 = CARTESIAN_POINT('',(-4.5,-3.5,0.));
#8016 = DIRECTION('',(-0.707106781187,-0.707106781187,0.));
#8017 = DIRECTION('',(0.,0.,1.));
#8018 = ADVANCED_FACE('',(#8019),#8037,.T.);
#8019 = FACE_BOUND('',#8020,.T.);
#8020 = EDGE_LOOP('',(#8021,#8029,#8030,#8031));
#8021 = ORIENTED_EDGE('',*,*,#8022,.T.);
#8022 = EDGE_CURVE('',#8023,#7975,#8025,.T.);
#8023 = VERTEX_POINT('',#8024);
#8024 = CARTESIAN_POINT('',(73.,110.,-7.));
#8025 = LINE('',#8026,#8027);
#8026 = CARTESIAN_POINT('',(75.,110.,-7.));
#8027 = VECTOR('',#8028,1.);
#8028 = DIRECTION('',(-1.,0.,0.));
#8029 = ORIENTED_EDGE('',*,*,#7982,.F.);
#8030 = ORIENTED_EDGE('',*,*,#7725,.F.);
#8031 = ORIENTED_EDGE('',*,*,#8032,.T.);
#8032 = EDGE_CURVE('',#7718,#8023,#8033,.T.);
#8033 = LINE('',#8034,#8035);
#8034 = CARTESIAN_POINT('',(73.,110.,0.));
#8035 = VECTOR('',#8036,1.);
#8036 = DIRECTION('',(-0.,-0.,-1.));
#8037 = PLANE('',#8038);
#8038 = AXIS2_PLACEMENT_3D('',#8039,#8040,#8041);
#8039 = CARTESIAN_POINT('',(75.,110.,0.));
#8040 = DIRECTION('',(0.,1.,0.));
#8041 = DIRECTION('',(-1.,0.,0.));
#8042 = ADVANCED_FACE('',(#8043),#8061,.T.);
#8043 = FACE_BOUND('',#8044,.T.);
#8044 = EDGE_LOOP('',(#8045,#8046,#8047,#8055));
#8045 = ORIENTED_EDGE('',*,*,#7693,.F.);
#8046 = ORIENTED_EDGE('',*,*,#7999,.T.);
#8047 = ORIENTED_EDGE('',*,*,#8048,.T.);
#8048 = EDGE_CURVE('',#8000,#8049,#8051,.T.);
#8049 = VERTEX_POINT('',#8050);
#8050 = CARTESIAN_POINT('',(74.,-4.,-7.));
#8051 = LINE('',#8052,#8053);
#8052 = CARTESIAN_POINT('',(-5.,-4.,-7.));
#8053 = VECTOR('',#8054,1.);
#8054 = DIRECTION('',(1.,0.,0.));
#8055 = ORIENTED_EDGE('',*,*,#8056,.F.);
#8056 = EDGE_CURVE('',#7694,#8049,#8057,.T.);
#8057 = LINE('',#8058,#8059);
#8058 = CARTESIAN_POINT('',(74.,-4.,0.));
#8059 = VECTOR('',#8060,1.);
#8060 = DIRECTION('',(-0.,-0.,-1.));
#8061 = PLANE('',#8062);
#8062 = AXIS2_PLACEMENT_3D('',#8063,#8064,#8065);
#8063 = CARTESIAN_POINT('',(-5.,-4.,0.));
#8064 = DIRECTION('',(0.,-1.,0.));
#8065 = DIRECTION('',(1.,0.,0.));
#8066 = ADVANCED_FACE('',(#8067),#8093,.T.);
#8067 = FACE_BOUND('',#8068,.T.);
#8068 = EDGE_LOOP('',(#8069,#8079,#8085,#8086,#8087));
#8069 = ORIENTED_EDGE('',*,*,#8070,.T.);
#8070 = EDGE_CURVE('',#8071,#8073,#8075,.T.);
#8071 = VERTEX_POINT('',#8072);
#8072 = CARTESIAN_POINT('',(75.,108.,-7.));
#8073 = VERTEX_POINT('',#8074);
#8074 = CARTESIAN_POINT('',(74.,109.,-8.));
#8075 = LINE('',#8076,#8077);
#8076 = CARTESIAN_POINT('',(94.333333333333,88.666666666667,
    12.333333333333));
#8077 = VECTOR('',#8078,1.);
#8078 = DIRECTION('',(-0.57735026919,0.57735026919,-0.57735026919));
#8079 = ORIENTED_EDGE('',*,*,#8080,.T.);
#8080 = EDGE_CURVE('',#8073,#8023,#8081,.T.);
#8081 = LINE('',#8082,#8083);
#8082 = CARTESIAN_POINT('',(72.666666666667,110.33333333333,
    -6.666666666667));
#8083 = VECTOR('',#8084,1.);
#8084 = DIRECTION('',(-0.57735026919,0.57735026919,0.57735026919));
#8085 = ORIENTED_EDGE('',*,*,#8032,.F.);
#8086 = ORIENTED_EDGE('',*,*,#7717,.F.);
#8087 = ORIENTED_EDGE('',*,*,#8088,.T.);
#8088 = EDGE_CURVE('',#7710,#8071,#8089,.T.);
#8089 = LINE('',#8090,#8091);
#8090 = CARTESIAN_POINT('',(75.,108.,0.));
#8091 = VECTOR('',#8092,1.);
#8092 = DIRECTION('',(-0.,-0.,-1.));
#8093 = PLANE('',#8094);
#8094 = AXIS2_PLACEMENT_3D('',#8095,#8096,#8097);
#8095 = CARTESIAN_POINT('',(74.,109.,0.));
#8096 = DIRECTION('',(0.707106781187,0.707106781187,0.));
#8097 = DIRECTION('',(0.,0.,-1.));
#8098 = ADVANCED_FACE('',(#8099),#8117,.T.);
#8099 = FACE_BOUND('',#8100,.T.);
#8100 = EDGE_LOOP('',(#8101,#8102,#8103,#8111));
#8101 = ORIENTED_EDGE('',*,*,#7701,.F.);
#8102 = ORIENTED_EDGE('',*,*,#8056,.T.);
#8103 = ORIENTED_EDGE('',*,*,#8104,.T.);
#8104 = EDGE_CURVE('',#8049,#8105,#8107,.T.);
#8105 = VERTEX_POINT('',#8106);
#8106 = CARTESIAN_POINT('',(75.,-3.,-7.));
#8107 = LINE('',#8108,#8109);
#8108 = CARTESIAN_POINT('',(74.5,-3.5,-7.));
#8109 = VECTOR('',#8110,1.);
#8110 = DIRECTION('',(0.707106781187,0.707106781187,-3.85E-15));
#8111 = ORIENTED_EDGE('',*,*,#8112,.F.);
#8112 = EDGE_CURVE('',#7702,#8105,#8113,.T.);
#8113 = LINE('',#8114,#8115);
#8114 = CARTESIAN_POINT('',(75.,-3.,0.));
#8115 = VECTOR('',#8116,1.);
#8116 = DIRECTION('',(-0.,-0.,-1.));
#8117 = PLANE('',#8118);
#8118 = AXIS2_PLACEMENT_3D('',#8119,#8120,#8121);
#8119 = CARTESIAN_POINT('',(74.5,-3.5,0.));
#8120 = DIRECTION('',(0.707106781187,-0.707106781187,0.));
#8121 = DIRECTION('',(0.,0.,-1.));
#8122 = ADVANCED_FACE('',(#8123),#8134,.T.);
#8123 = FACE_BOUND('',#8124,.T.);
#8124 = EDGE_LOOP('',(#8125,#8131,#8132,#8133));
#8125 = ORIENTED_EDGE('',*,*,#8126,.T.);
#8126 = EDGE_CURVE('',#8105,#8071,#8127,.T.);
#8127 = LINE('',#8128,#8129);
#8128 = CARTESIAN_POINT('',(75.,-4.,-7.));
#8129 = VECTOR('',#8130,1.);
#8130 = DIRECTION('',(0.,1.,0.));
#8131 = ORIENTED_EDGE('',*,*,#8088,.F.);
#8132 = ORIENTED_EDGE('',*,*,#7709,.F.);
#8133 = ORIENTED_EDGE('',*,*,#8112,.T.);
#8134 = PLANE('',#8135);
#8135 = AXIS2_PLACEMENT_3D('',#8136,#8137,#8138);
#8136 = CARTESIAN_POINT('',(75.,-4.,0.));
#8137 = DIRECTION('',(1.,0.,0.));
#8138 = DIRECTION('',(0.,1.,0.));
#8139 = ADVANCED_FACE('',(#8140),#8165,.F.);
#8140 = FACE_BOUND('',#8141,.F.);
#8141 = EDGE_LOOP('',(#8142,#8150,#8158,#8164));
#8142 = ORIENTED_EDGE('',*,*,#8143,.T.);
#8143 = EDGE_CURVE('',#7742,#8144,#8146,.T.);
#8144 = VERTEX_POINT('',#8145);
#8145 = CARTESIAN_POINT('',(0.,-0.75,-5.));
#8146 = LINE('',#8147,#8148);
#8147 = CARTESIAN_POINT('',(0.,-0.75,0.));
#8148 = VECTOR('',#8149,1.);
#8149 = DIRECTION('',(-0.,-0.,-1.));
#8150 = ORIENTED_EDGE('',*,*,#8151,.T.);
#8151 = EDGE_CURVE('',#8144,#8152,#8154,.T.);
#8152 = VERTEX_POINT('',#8153);
#8153 = CARTESIAN_POINT('',(0.,-2.25,-5.));
#8154 = LINE('',#8155,#8156);
#8155 = CARTESIAN_POINT('',(0.,-0.75,-5.));
#8156 = VECTOR('',#8157,1.);
#8157 = DIRECTION('',(0.,-1.,0.));
#8158 = ORIENTED_EDGE('',*,*,#8159,.F.);
#8159 = EDGE_CURVE('',#7744,#8152,#8160,.T.);
#8160 = LINE('',#8161,#8162);
#8161 = CARTESIAN_POINT('',(0.,-2.25,0.));
#8162 = VECTOR('',#8163,1.);
#8163 = DIRECTION('',(-0.,-0.,-1.));
#8164 = ORIENTED_EDGE('',*,*,#7741,.F.);
#8165 = PLANE('',#8166);
#8166 = AXIS2_PLACEMENT_3D('',#8167,#8168,#8169);
#8167 = CARTESIAN_POINT('',(0.,-0.75,0.));
#8168 = DIRECTION('',(-1.,0.,0.));
#8169 = DIRECTION('',(0.,-1.,0.));
#8170 = ADVANCED_FACE('',(#8171),#8189,.F.);
#8171 = FACE_BOUND('',#8172,.F.);
#8172 = EDGE_LOOP('',(#8173,#8181,#8187,#8188));
#8173 = ORIENTED_EDGE('',*,*,#8174,.T.);
#8174 = EDGE_CURVE('',#7752,#8175,#8177,.T.);
#8175 = VERTEX_POINT('',#8176);
#8176 = CARTESIAN_POINT('',(70.,-0.75,-5.));
#8177 = LINE('',#8178,#8179);
#8178 = CARTESIAN_POINT('',(70.,-0.75,0.));
#8179 = VECTOR('',#8180,1.);
#8180 = DIRECTION('',(-0.,-0.,-1.));
#8181 = ORIENTED_EDGE('',*,*,#8182,.T.);
#8182 = EDGE_CURVE('',#8175,#8144,#8183,.T.);
#8183 = LINE('',#8184,#8185);
#8184 = CARTESIAN_POINT('',(70.,-0.75,-5.));
#8185 = VECTOR('',#8186,1.);
#8186 = DIRECTION('',(-1.,0.,0.));
#8187 = ORIENTED_EDGE('',*,*,#8143,.F.);
#8188 = ORIENTED_EDGE('',*,*,#7751,.F.);
#8189 = PLANE('',#8190);
#8190 = AXIS2_PLACEMENT_3D('',#8191,#8192,#8193);
#8191 = CARTESIAN_POINT('',(70.,-0.75,0.));
#8192 = DIRECTION('',(0.,1.,0.));
#8193 = DIRECTION('',(-1.,0.,0.));
#8194 = ADVANCED_FACE('',(#8195),#8213,.F.);
#8195 = FACE_BOUND('',#8196,.F.);
#8196 = EDGE_LOOP('',(#8197,#8198,#8206,#8212));
#8197 = ORIENTED_EDGE('',*,*,#8159,.T.);
#8198 = ORIENTED_EDGE('',*,*,#8199,.T.);
#8199 = EDGE_CURVE('',#8152,#8200,#8202,.T.);
#8200 = VERTEX_POINT('',#8201);
#8201 = CARTESIAN_POINT('',(70.,-2.25,-5.));
#8202 = LINE('',#8203,#8204);
#8203 = CARTESIAN_POINT('',(0.,-2.25,-5.));
#8204 = VECTOR('',#8205,1.);
#8205 = DIRECTION('',(1.,0.,0.));
#8206 = ORIENTED_EDGE('',*,*,#8207,.F.);
#8207 = EDGE_CURVE('',#7760,#8200,#8208,.T.);
#8208 = LINE('',#8209,#8210);
#8209 = CARTESIAN_POINT('',(70.,-2.25,0.));
#8210 = VECTOR('',#8211,1.);
#8211 = DIRECTION('',(-0.,-0.,-1.));
#8212 = ORIENTED_EDGE('',*,*,#7767,.F.);
#8213 = PLANE('',#8214);
#8214 = AXIS2_PLACEMENT_3D('',#8215,#8216,#8217);
#8215 = CARTESIAN_POINT('',(0.,-2.25,0.));
#8216 = DIRECTION('',(0.,-1.,0.));
#8217 = DIRECTION('',(1.,0.,0.));
#8218 = ADVANCED_FACE('',(#8219),#8230,.F.);
#8219 = FACE_BOUND('',#8220,.F.);
#8220 = EDGE_LOOP('',(#8221,#8222,#8228,#8229));
#8221 = ORIENTED_EDGE('',*,*,#8207,.T.);
#8222 = ORIENTED_EDGE('',*,*,#8223,.T.);
#8223 = EDGE_CURVE('',#8200,#8175,#8224,.T.);
#8224 = LINE('',#8225,#8226);
#8225 = CARTESIAN_POINT('',(70.,-2.25,-5.));
#8226 = VECTOR('',#8227,1.);
#8227 = DIRECTION('',(0.,1.,0.));
#8228 = ORIENTED_EDGE('',*,*,#8174,.F.);
#8229 = ORIENTED_EDGE('',*,*,#7759,.F.);
#8230 = PLANE('',#8231);
#8231 = AXIS2_PLACEMENT_3D('',#8232,#8233,#8234);
#8232 = CARTESIAN_POINT('',(70.,-2.25,0.));
#8233 = DIRECTION('',(1.,0.,0.));
#8234 = DIRECTION('',(0.,1.,0.));
#8235 = ADVANCED_FACE('',(#8236),#8278,.F.);
#8236 = FACE_BOUND('',#8237,.F.);
#8237 = EDGE_LOOP('',(#8238,#8248,#8254,#8255,#8256,#8264,#8272));
#8238 = ORIENTED_EDGE('',*,*,#8239,.F.);
#8239 = EDGE_CURVE('',#8240,#8242,#8244,.T.);
#8240 = VERTEX_POINT('',#8241);
#8241 = CARTESIAN_POINT('',(-1.75,0.,-1.));
#8242 = VERTEX_POINT('',#8243);
#8243 = CARTESIAN_POINT('',(-1.75,-1.E-15,-2.5));
#8244 = LINE('',#8245,#8246);
#8245 = CARTESIAN_POINT('',(-1.75,0.,0.));
#8246 = VECTOR('',#8247,1.);
#8247 = DIRECTION('',(-0.,-0.,-1.));
#8248 = ORIENTED_EDGE('',*,*,#8249,.F.);
#8249 = EDGE_CURVE('',#7778,#8240,#8250,.T.);
#8250 = LINE('',#8251,#8252);
#8251 = CARTESIAN_POINT('',(-1.625,0.,-0.875));
#8252 = VECTOR('',#8253,1.);
#8253 = DIRECTION('',(-0.707106781187,-0.,-0.707106781187));
#8254 = ORIENTED_EDGE('',*,*,#7775,.F.);
#8255 = ORIENTED_EDGE('',*,*,#7785,.F.);
#8256 = ORIENTED_EDGE('',*,*,#8257,.T.);
#8257 = EDGE_CURVE('',#7786,#8258,#8260,.T.);
#8258 = VERTEX_POINT('',#8259);
#8259 = CARTESIAN_POINT('',(-3.25,0.,-5.));
#8260 = LINE('',#8261,#8262);
#8261 = CARTESIAN_POINT('',(-3.25,0.,0.));
#8262 = VECTOR('',#8263,1.);
#8263 = DIRECTION('',(-0.,-0.,-1.));
#8264 = ORIENTED_EDGE('',*,*,#8265,.T.);
#8265 = EDGE_CURVE('',#8258,#8266,#8268,.T.);
#8266 = VERTEX_POINT('',#8267);
#8267 = CARTESIAN_POINT('',(-1.75,-1.E-15,-5.));
#8268 = LINE('',#8269,#8270);
#8269 = CARTESIAN_POINT('',(-3.25,0.,-5.));
#8270 = VECTOR('',#8271,1.);
#8271 = DIRECTION('',(1.,0.,0.));
#8272 = ORIENTED_EDGE('',*,*,#8273,.F.);
#8273 = EDGE_CURVE('',#8242,#8266,#8274,.T.);
#8274 = LINE('',#8275,#8276);
#8275 = CARTESIAN_POINT('',(-1.75,0.,0.));
#8276 = VECTOR('',#8277,1.);
#8277 = DIRECTION('',(-0.,-0.,-1.));
#8278 = PLANE('',#8279);
#8279 = AXIS2_PLACEMENT_3D('',#8280,#8281,#8282);
#8280 = CARTESIAN_POINT('',(-3.25,0.,0.));
#8281 = DIRECTION('',(0.,-1.,0.));
#8282 = DIRECTION('',(1.,0.,0.));
#8283 = ADVANCED_FACE('',(#8284),#8302,.F.);
#8284 = FACE_BOUND('',#8285,.T.);
#8285 = EDGE_LOOP('',(#8286,#8287,#8288,#8296));
#8286 = ORIENTED_EDGE('',*,*,#8249,.F.);
#8287 = ORIENTED_EDGE('',*,*,#7833,.T.);
#8288 = ORIENTED_EDGE('',*,*,#8289,.T.);
#8289 = EDGE_CURVE('',#7826,#8290,#8292,.T.);
#8290 = VERTEX_POINT('',#8291);
#8291 = CARTESIAN_POINT('',(-1.75,25.,-1.));
#8292 = LINE('',#8293,#8294);
#8293 = CARTESIAN_POINT('',(-1.25,25.,-0.5));
#8294 = VECTOR('',#8295,1.);
#8295 = DIRECTION('',(-0.707106781187,0.,-0.707106781187));
#8296 = ORIENTED_EDGE('',*,*,#8297,.F.);
#8297 = EDGE_CURVE('',#8240,#8290,#8298,.T.);
#8298 = LINE('',#8299,#8300);
#8299 = CARTESIAN_POINT('',(-1.75,0.,-1.));
#8300 = VECTOR('',#8301,1.);
#8301 = DIRECTION('',(0.,1.,0.));
#8302 = PLANE('',#8303);
#8303 = AXIS2_PLACEMENT_3D('',#8304,#8305,#8306);
#8304 = CARTESIAN_POINT('',(-1.25,0.,-0.5));
#8305 = DIRECTION('',(0.707106781187,0.,-0.707106781187));
#8306 = DIRECTION('',(-0.,-1.,-0.));
#8307 = ADVANCED_FACE('',(#8308),#8326,.F.);
#8308 = FACE_BOUND('',#8309,.F.);
#8309 = EDGE_LOOP('',(#8310,#8318,#8324,#8325));
#8310 = ORIENTED_EDGE('',*,*,#8311,.T.);
#8311 = EDGE_CURVE('',#7794,#8312,#8314,.T.);
#8312 = VERTEX_POINT('',#8313);
#8313 = CARTESIAN_POINT('',(-3.25,25.,-5.));
#8314 = LINE('',#8315,#8316);
#8315 = CARTESIAN_POINT('',(-3.25,25.,0.));
#8316 = VECTOR('',#8317,1.);
#8317 = DIRECTION('',(-0.,-0.,-1.));
#8318 = ORIENTED_EDGE('',*,*,#8319,.T.);
#8319 = EDGE_CURVE('',#8312,#8258,#8320,.T.);
#8320 = LINE('',#8321,#8322);
#8321 = CARTESIAN_POINT('',(-3.25,25.,-5.));
#8322 = VECTOR('',#8323,1.);
#8323 = DIRECTION('',(0.,-1.,0.));
#8324 = ORIENTED_EDGE('',*,*,#8257,.F.);
#8325 = ORIENTED_EDGE('',*,*,#7793,.F.);
#8326 = PLANE('',#8327);
#8327 = AXIS2_PLACEMENT_3D('',#8328,#8329,#8330);
#8328 = CARTESIAN_POINT('',(-3.25,25.,0.));
#8329 = DIRECTION('',(-1.,0.,0.));
#8330 = DIRECTION('',(0.,-1.,0.));
#8331 = ADVANCED_FACE('',(#8332),#8350,.T.);
#8332 = FACE_BOUND('',#8333,.T.);
#8333 = EDGE_LOOP('',(#8334,#8335,#8343,#8349));
#8334 = ORIENTED_EDGE('',*,*,#7825,.T.);
#8335 = ORIENTED_EDGE('',*,*,#8336,.T.);
#8336 = EDGE_CURVE('',#7818,#8337,#8339,.T.);
#8337 = VERTEX_POINT('',#8338);
#8338 = CARTESIAN_POINT('',(-1.75,105.,-1.));
#8339 = LINE('',#8340,#8341);
#8340 = CARTESIAN_POINT('',(-1.25,105.,-0.5));
#8341 = VECTOR('',#8342,1.);
#8342 = DIRECTION('',(-0.707106781187,0.,-0.707106781187));
#8343 = ORIENTED_EDGE('',*,*,#8344,.F.);
#8344 = EDGE_CURVE('',#8290,#8337,#8345,.T.);
#8345 = LINE('',#8346,#8347);
#8346 = CARTESIAN_POINT('',(-1.75,25.,-1.));
#8347 = VECTOR('',#8348,1.);
#8348 = DIRECTION('',(0.,1.,0.));
#8349 = ORIENTED_EDGE('',*,*,#8289,.F.);
#8350 = PLANE('',#8351);
#8351 = AXIS2_PLACEMENT_3D('',#8352,#8353,#8354);
#8352 = CARTESIAN_POINT('',(-0.75,25.,1.1E-16));
#8353 = DIRECTION('',(-0.707106781187,0.,0.707106781187));
#8354 = DIRECTION('',(-0.707106781187,0.,-0.707106781187));
#8355 = ADVANCED_FACE('',(#8356),#8374,.F.);
#8356 = FACE_BOUND('',#8357,.F.);
#8357 = EDGE_LOOP('',(#8358,#8359,#8367,#8373));
#8358 = ORIENTED_EDGE('',*,*,#7801,.T.);
#8359 = ORIENTED_EDGE('',*,*,#8360,.T.);
#8360 = EDGE_CURVE('',#7802,#8361,#8363,.T.);
#8361 = VERTEX_POINT('',#8362);
#8362 = CARTESIAN_POINT('',(-3.25,105.,-5.));
#8363 = LINE('',#8364,#8365);
#8364 = CARTESIAN_POINT('',(-3.25,105.,0.));
#8365 = VECTOR('',#8366,1.);
#8366 = DIRECTION('',(-0.,-0.,-1.));
#8367 = ORIENTED_EDGE('',*,*,#8368,.F.);
#8368 = EDGE_CURVE('',#8312,#8361,#8369,.T.);
#8369 = LINE('',#8370,#8371);
#8370 = CARTESIAN_POINT('',(-3.25,25.,-5.));
#8371 = VECTOR('',#8372,1.);
#8372 = DIRECTION('',(0.,1.,0.));
#8373 = ORIENTED_EDGE('',*,*,#8311,.F.);
#8374 = PLANE('',#8375);
#8375 = AXIS2_PLACEMENT_3D('',#8376,#8377,#8378);
#8376 = CARTESIAN_POINT('',(-3.25,25.,0.));
#8377 = DIRECTION('',(-1.,0.,0.));
#8378 = DIRECTION('',(0.,0.,-1.));
#8379 = ADVANCED_FACE('',(#8380),#8408,.F.);
#8380 = FACE_BOUND('',#8381,.F.);
#8381 = EDGE_LOOP('',(#8382,#8390,#8398,#8404,#8405,#8406,#8407));
#8382 = ORIENTED_EDGE('',*,*,#8383,.T.);
#8383 = EDGE_CURVE('',#8337,#8384,#8386,.T.);
#8384 = VERTEX_POINT('',#8385);
#8385 = CARTESIAN_POINT('',(-1.75,105.,-2.5));
#8386 = LINE('',#8387,#8388);
#8387 = CARTESIAN_POINT('',(-1.75,105.,0.));
#8388 = VECTOR('',#8389,1.);
#8389 = DIRECTION('',(-0.,-0.,-1.));
#8390 = ORIENTED_EDGE('',*,*,#8391,.T.);
#8391 = EDGE_CURVE('',#8384,#8392,#8394,.T.);
#8392 = VERTEX_POINT('',#8393);
#8393 = CARTESIAN_POINT('',(-1.75,105.,-5.));
#8394 = LINE('',#8395,#8396);
#8395 = CARTESIAN_POINT('',(-1.75,105.,0.));
#8396 = VECTOR('',#8397,1.);
#8397 = DIRECTION('',(-0.,-0.,-1.));
#8398 = ORIENTED_EDGE('',*,*,#8399,.T.);
#8399 = EDGE_CURVE('',#8392,#8361,#8400,.T.);
#8400 = LINE('',#8401,#8402);
#8401 = CARTESIAN_POINT('',(-1.75,105.,-5.));
#8402 = VECTOR('',#8403,1.);
#8403 = DIRECTION('',(-1.,0.,0.));
#8404 = ORIENTED_EDGE('',*,*,#8360,.F.);
#8405 = ORIENTED_EDGE('',*,*,#7809,.F.);
#8406 = ORIENTED_EDGE('',*,*,#7817,.T.);
#8407 = ORIENTED_EDGE('',*,*,#8336,.T.);
#8408 = PLANE('',#8409);
#8409 = AXIS2_PLACEMENT_3D('',#8410,#8411,#8412);
#8410 = CARTESIAN_POINT('',(-1.75,105.,0.));
#8411 = DIRECTION('',(0.,1.,0.));
#8412 = DIRECTION('',(-1.,0.,0.));
#8413 = ADVANCED_FACE('',(#8414),#8433,.F.);
#8414 = FACE_BOUND('',#8415,.T.);
#8415 = EDGE_LOOP('',(#8416,#8424,#8425,#8426));
#8416 = ORIENTED_EDGE('',*,*,#8417,.F.);
#8417 = EDGE_CURVE('',#7842,#8418,#8420,.T.);
#8418 = VERTEX_POINT('',#8419);
#8419 = CARTESIAN_POINT('',(16.95,99.8,-6.));
#8420 = LINE('',#8421,#8422);
#8421 = CARTESIAN_POINT('',(16.95,99.8,0.));
#8422 = VECTOR('',#8423,1.);
#8423 = DIRECTION('',(-7.E-17,0.,-1.));
#8424 = ORIENTED_EDGE('',*,*,#7841,.T.);
#8425 = ORIENTED_EDGE('',*,*,#8417,.T.);
#8426 = ORIENTED_EDGE('',*,*,#8427,.F.);
#8427 = EDGE_CURVE('',#8418,#8418,#8428,.T.);
#8428 = CIRCLE('',#8429,1.95);
#8429 = AXIS2_PLACEMENT_3D('',#8430,#8431,#8432);
#8430 = CARTESIAN_POINT('',(15.,99.8,-6.));
#8431 = DIRECTION('',(0.,0.,1.));
#8432 = DIRECTION('',(1.,0.,0.));
#8433 = CYLINDRICAL_SURFACE('',#8434,1.95);
#8434 = AXIS2_PLACEMENT_3D('',#8435,#8436,#8437);
#8435 = CARTESIAN_POINT('',(15.,99.8,0.));
#8436 = DIRECTION('',(-0.,-0.,-1.));
#8437 = DIRECTION('',(1.,0.,0.));
#8438 = ADVANCED_FACE('',(#8439),#8464,.F.);
#8439 = FACE_BOUND('',#8440,.T.);
#8440 = EDGE_LOOP('',(#8441,#8449,#8450,#8458));
#8441 = ORIENTED_EDGE('',*,*,#8442,.F.);
#8442 = EDGE_CURVE('',#7853,#8443,#8445,.T.);
#8443 = VERTEX_POINT('',#8444);
#8444 = CARTESIAN_POINT('',(71.75,25.,-1.));
#8445 = LINE('',#8446,#8447);
#8446 = CARTESIAN_POINT('',(71.625,25.,-0.875));
#8447 = VECTOR('',#8448,1.);
#8448 = DIRECTION('',(0.707106781187,0.,-0.707106781187));
#8449 = ORIENTED_EDGE('',*,*,#7852,.T.);
#8450 = ORIENTED_EDGE('',*,*,#8451,.T.);
#8451 = EDGE_CURVE('',#7855,#8452,#8454,.T.);
#8452 = VERTEX_POINT('',#8453);
#8453 = CARTESIAN_POINT('',(71.75,0.,-1.));
#8454 = LINE('',#8455,#8456);
#8455 = CARTESIAN_POINT('',(71.25,3.55E-15,-0.5));
#8456 = VECTOR('',#8457,1.);
#8457 = DIRECTION('',(0.707106781187,0.,-0.707106781187));
#8458 = ORIENTED_EDGE('',*,*,#8459,.F.);
#8459 = EDGE_CURVE('',#8443,#8452,#8460,.T.);
#8460 = LINE('',#8461,#8462);
#8461 = CARTESIAN_POINT('',(71.75,25.,-1.));
#8462 = VECTOR('',#8463,1.);
#8463 = DIRECTION('',(0.,-1.,0.));
#8464 = PLANE('',#8465);
#8465 = AXIS2_PLACEMENT_3D('',#8466,#8467,#8468);
#8466 = CARTESIAN_POINT('',(71.25,25.,-0.5));
#8467 = DIRECTION('',(-0.707106781187,0.,-0.707106781187));
#8468 = DIRECTION('',(0.,1.,0.));
#8469 = ADVANCED_FACE('',(#8470),#8488,.F.);
#8470 = FACE_BOUND('',#8471,.F.);
#8471 = EDGE_LOOP('',(#8472,#8473,#8481,#8487));
#8472 = ORIENTED_EDGE('',*,*,#7862,.T.);
#8473 = ORIENTED_EDGE('',*,*,#8474,.T.);
#8474 = EDGE_CURVE('',#7863,#8475,#8477,.T.);
#8475 = VERTEX_POINT('',#8476);
#8476 = CARTESIAN_POINT('',(71.75,105.,-1.));
#8477 = LINE('',#8478,#8479);
#8478 = CARTESIAN_POINT('',(71.625,105.,-0.875));
#8479 = VECTOR('',#8480,1.);
#8480 = DIRECTION('',(0.707106781187,0.,-0.707106781187));
#8481 = ORIENTED_EDGE('',*,*,#8482,.F.);
#8482 = EDGE_CURVE('',#8443,#8475,#8483,.T.);
#8483 = LINE('',#8484,#8485);
#8484 = CARTESIAN_POINT('',(71.75,25.,-1.));
#8485 = VECTOR('',#8486,1.);
#8486 = DIRECTION('',(0.,1.,0.));
#8487 = ORIENTED_EDGE('',*,*,#8442,.F.);
#8488 = PLANE('',#8489);
#8489 = AXIS2_PLACEMENT_3D('',#8490,#8491,#8492);
#8490 = CARTESIAN_POINT('',(70.75,25.,-1.1E-16));
#8491 = DIRECTION('',(-0.707106781187,0.,-0.707106781187));
#8492 = DIRECTION('',(0.707106781187,0.,-0.707106781187));
#8493 = ADVANCED_FACE('',(#8494),#8529,.F.);
#8494 = FACE_BOUND('',#8495,.F.);
#8495 = EDGE_LOOP('',(#8496,#8504,#8512,#8520,#8526,#8527,#8528));
#8496 = ORIENTED_EDGE('',*,*,#8497,.T.);
#8497 = EDGE_CURVE('',#8452,#8498,#8500,.T.);
#8498 = VERTEX_POINT('',#8499);
#8499 = CARTESIAN_POINT('',(71.75,-1.E-15,-2.5));
#8500 = LINE('',#8501,#8502);
#8501 = CARTESIAN_POINT('',(71.75,0.,0.));
#8502 = VECTOR('',#8503,1.);
#8503 = DIRECTION('',(-0.,-0.,-1.));
#8504 = ORIENTED_EDGE('',*,*,#8505,.T.);
#8505 = EDGE_CURVE('',#8498,#8506,#8508,.T.);
#8506 = VERTEX_POINT('',#8507);
#8507 = CARTESIAN_POINT('',(71.75,-1.E-15,-5.));
#8508 = LINE('',#8509,#8510);
#8509 = CARTESIAN_POINT('',(71.75,0.,0.));
#8510 = VECTOR('',#8511,1.);
#8511 = DIRECTION('',(-0.,-0.,-1.));
#8512 = ORIENTED_EDGE('',*,*,#8513,.T.);
#8513 = EDGE_CURVE('',#8506,#8514,#8516,.T.);
#8514 = VERTEX_POINT('',#8515);
#8515 = CARTESIAN_POINT('',(73.25,0.,-5.));
#8516 = LINE('',#8517,#8518);
#8517 = CARTESIAN_POINT('',(71.75,0.,-5.));
#8518 = VECTOR('',#8519,1.);
#8519 = DIRECTION('',(1.,0.,0.));
#8520 = ORIENTED_EDGE('',*,*,#8521,.F.);
#8521 = EDGE_CURVE('',#7895,#8514,#8522,.T.);
#8522 = LINE('',#8523,#8524);
#8523 = CARTESIAN_POINT('',(73.25,0.,0.));
#8524 = VECTOR('',#8525,1.);
#8525 = DIRECTION('',(-0.,-0.,-1.));
#8526 = ORIENTED_EDGE('',*,*,#7902,.F.);
#8527 = ORIENTED_EDGE('',*,*,#7910,.T.);
#8528 = ORIENTED_EDGE('',*,*,#8451,.T.);
#8529 = PLANE('',#8530);
#8530 = AXIS2_PLACEMENT_3D('',#8531,#8532,#8533);
#8531 = CARTESIAN_POINT('',(71.75,0.,0.));
#8532 = DIRECTION('',(0.,-1.,0.));
#8533 = DIRECTION('',(1.,0.,0.));
#8534 = ADVANCED_FACE('',(#8535),#8570,.F.);
#8535 = FACE_BOUND('',#8536,.F.);
#8536 = EDGE_LOOP('',(#8537,#8545,#8546,#8547,#8548,#8556,#8564));
#8537 = ORIENTED_EDGE('',*,*,#8538,.F.);
#8538 = EDGE_CURVE('',#8475,#8539,#8541,.T.);
#8539 = VERTEX_POINT('',#8540);
#8540 = CARTESIAN_POINT('',(71.75,105.,-2.5));
#8541 = LINE('',#8542,#8543);
#8542 = CARTESIAN_POINT('',(71.75,105.,0.));
#8543 = VECTOR('',#8544,1.);
#8544 = DIRECTION('',(-0.,-0.,-1.));
#8545 = ORIENTED_EDGE('',*,*,#8474,.F.);
#8546 = ORIENTED_EDGE('',*,*,#7870,.F.);
#8547 = ORIENTED_EDGE('',*,*,#7878,.F.);
#8548 = ORIENTED_EDGE('',*,*,#8549,.T.);
#8549 = EDGE_CURVE('',#7879,#8550,#8552,.T.);
#8550 = VERTEX_POINT('',#8551);
#8551 = CARTESIAN_POINT('',(73.25,105.,-5.));
#8552 = LINE('',#8553,#8554);
#8553 = CARTESIAN_POINT('',(73.25,105.,0.));
#8554 = VECTOR('',#8555,1.);
#8555 = DIRECTION('',(-0.,-0.,-1.));
#8556 = ORIENTED_EDGE('',*,*,#8557,.T.);
#8557 = EDGE_CURVE('',#8550,#8558,#8560,.T.);
#8558 = VERTEX_POINT('',#8559);
#8559 = CARTESIAN_POINT('',(71.75,105.,-5.));
#8560 = LINE('',#8561,#8562);
#8561 = CARTESIAN_POINT('',(73.25,105.,-5.));
#8562 = VECTOR('',#8563,1.);
#8563 = DIRECTION('',(-1.,0.,0.));
#8564 = ORIENTED_EDGE('',*,*,#8565,.F.);
#8565 = EDGE_CURVE('',#8539,#8558,#8566,.T.);
#8566 = LINE('',#8567,#8568);
#8567 = CARTESIAN_POINT('',(71.75,105.,0.));
#8568 = VECTOR('',#8569,1.);
#8569 = DIRECTION('',(-0.,-0.,-1.));
#8570 = PLANE('',#8571);
#8571 = AXIS2_PLACEMENT_3D('',#8572,#8573,#8574);
#8572 = CARTESIAN_POINT('',(73.25,105.,0.));
#8573 = DIRECTION('',(0.,1.,0.));
#8574 = DIRECTION('',(-1.,0.,0.));
#8575 = ADVANCED_FACE('',(#8576),#8594,.F.);
#8576 = FACE_BOUND('',#8577,.F.);
#8577 = EDGE_LOOP('',(#8578,#8579,#8587,#8593));
#8578 = ORIENTED_EDGE('',*,*,#8521,.T.);
#8579 = ORIENTED_EDGE('',*,*,#8580,.T.);
#8580 = EDGE_CURVE('',#8514,#8581,#8583,.T.);
#8581 = VERTEX_POINT('',#8582);
#8582 = CARTESIAN_POINT('',(73.25,25.,-5.));
#8583 = LINE('',#8584,#8585);
#8584 = CARTESIAN_POINT('',(73.25,0.,-5.));
#8585 = VECTOR('',#8586,1.);
#8586 = DIRECTION('',(0.,1.,0.));
#8587 = ORIENTED_EDGE('',*,*,#8588,.F.);
#8588 = EDGE_CURVE('',#7887,#8581,#8589,.T.);
#8589 = LINE('',#8590,#8591);
#8590 = CARTESIAN_POINT('',(73.25,25.,0.));
#8591 = VECTOR('',#8592,1.);
#8592 = DIRECTION('',(-0.,-0.,-1.));
#8593 = ORIENTED_EDGE('',*,*,#7894,.F.);
#8594 = PLANE('',#8595);
#8595 = AXIS2_PLACEMENT_3D('',#8596,#8597,#8598);
#8596 = CARTESIAN_POINT('',(73.25,0.,0.));
#8597 = DIRECTION('',(1.,0.,0.));
#8598 = DIRECTION('',(0.,1.,0.));
#8599 = ADVANCED_FACE('',(#8600),#8611,.T.);
#8600 = FACE_BOUND('',#8601,.T.);
#8601 = EDGE_LOOP('',(#8602,#8603,#8604,#8610));
#8602 = ORIENTED_EDGE('',*,*,#7886,.T.);
#8603 = ORIENTED_EDGE('',*,*,#8549,.T.);
#8604 = ORIENTED_EDGE('',*,*,#8605,.F.);
#8605 = EDGE_CURVE('',#8581,#8550,#8606,.T.);
#8606 = LINE('',#8607,#8608);
#8607 = CARTESIAN_POINT('',(73.25,25.,-5.));
#8608 = VECTOR('',#8609,1.);
#8609 = DIRECTION('',(0.,1.,0.));
#8610 = ORIENTED_EDGE('',*,*,#8588,.F.);
#8611 = PLANE('',#8612);
#8612 = AXIS2_PLACEMENT_3D('',#8613,#8614,#8615);
#8613 = CARTESIAN_POINT('',(73.25,25.,0.));
#8614 = DIRECTION('',(-1.,0.,0.));
#8615 = DIRECTION('',(0.,0.,-1.));
#8616 = ADVANCED_FACE('',(#8617),#8636,.F.);
#8617 = FACE_BOUND('',#8618,.T.);
#8618 = EDGE_LOOP('',(#8619,#8627,#8628,#8629));
#8619 = ORIENTED_EDGE('',*,*,#8620,.F.);
#8620 = EDGE_CURVE('',#7919,#8621,#8623,.T.);
#8621 = VERTEX_POINT('',#8622);
#8622 = CARTESIAN_POINT('',(56.95,99.8,-6.));
#8623 = LINE('',#8624,#8625);
#8624 = CARTESIAN_POINT('',(56.95,99.8,0.));
#8625 = VECTOR('',#8626,1.);
#8626 = DIRECTION('',(-7.E-17,0.,-1.));
#8627 = ORIENTED_EDGE('',*,*,#7918,.T.);
#8628 = ORIENTED_EDGE('',*,*,#8620,.T.);
#8629 = ORIENTED_EDGE('',*,*,#8630,.F.);
#8630 = EDGE_CURVE('',#8621,#8621,#8631,.T.);
#8631 = CIRCLE('',#8632,1.95);
#8632 = AXIS2_PLACEMENT_3D('',#8633,#8634,#8635);
#8633 = CARTESIAN_POINT('',(55.,99.8,-6.));
#8634 = DIRECTION('',(0.,0.,1.));
#8635 = DIRECTION('',(1.,0.,0.));
#8636 = CYLINDRICAL_SURFACE('',#8637,1.95);
#8637 = AXIS2_PLACEMENT_3D('',#8638,#8639,#8640);
#8638 = CARTESIAN_POINT('',(55.,99.8,0.));
#8639 = DIRECTION('',(-0.,-0.,-1.));
#8640 = DIRECTION('',(1.,0.,0.));
#8641 = ADVANCED_FACE('',(#8642),#8662,.F.);
#8642 = FACE_BOUND('',#8643,.F.);
#8643 = EDGE_LOOP('',(#8644,#8645,#8653,#8661));
#8644 = ORIENTED_EDGE('',*,*,#7935,.T.);
#8645 = ORIENTED_EDGE('',*,*,#8646,.F.);
#8646 = EDGE_CURVE('',#8647,#7938,#8649,.T.);
#8647 = VERTEX_POINT('',#8648);
#8648 = CARTESIAN_POINT('',(-4.,-3.,-8.));
#8649 = LINE('',#8650,#8651);
#8650 = CARTESIAN_POINT('',(-4.25,-3.,-7.75));
#8651 = VECTOR('',#8652,1.);
#8652 = DIRECTION('',(-0.707106781187,-4.8E-16,0.707106781187));
#8653 = ORIENTED_EDGE('',*,*,#8654,.F.);
#8654 = EDGE_CURVE('',#8655,#8647,#8657,.T.);
#8655 = VERTEX_POINT('',#8656);
#8656 = CARTESIAN_POINT('',(-4.,109.,-8.));
#8657 = LINE('',#8658,#8659);
#8658 = CARTESIAN_POINT('',(-4.,110.,-8.));
#8659 = VECTOR('',#8660,1.);
#8660 = DIRECTION('',(0.,-1.,0.));
#8661 = ORIENTED_EDGE('',*,*,#7966,.F.);
#8662 = PLANE('',#8663);
#8663 = AXIS2_PLACEMENT_3D('',#8664,#8665,#8666);
#8664 = CARTESIAN_POINT('',(-4.5,110.,-7.5));
#8665 = DIRECTION('',(0.707106781187,0.,0.707106781187));
#8666 = DIRECTION('',(0.,-1.,0.));
#8667 = ADVANCED_FACE('',(#8668),#8687,.F.);
#8668 = FACE_BOUND('',#8669,.F.);
#8669 = EDGE_LOOP('',(#8670,#8678,#8679,#8680,#8681));
#8670 = ORIENTED_EDGE('',*,*,#8671,.F.);
#8671 = EDGE_CURVE('',#8073,#8672,#8674,.T.);
#8672 = VERTEX_POINT('',#8673);
#8673 = CARTESIAN_POINT('',(74.,109.,-8.));
#8674 = LINE('',#8675,#8676);
#8675 = CARTESIAN_POINT('',(55.666666666667,90.666666666667,
    -26.33333333333));
#8676 = VECTOR('',#8677,1.);
#8677 = DIRECTION('',(-0.57735026919,-0.57735026919,-0.57735026919));
#8678 = ORIENTED_EDGE('',*,*,#8080,.T.);
#8679 = ORIENTED_EDGE('',*,*,#8022,.T.);
#8680 = ORIENTED_EDGE('',*,*,#7974,.F.);
#8681 = ORIENTED_EDGE('',*,*,#8682,.F.);
#8682 = EDGE_CURVE('',#8672,#8655,#8683,.T.);
#8683 = LINE('',#8684,#8685);
#8684 = CARTESIAN_POINT('',(75.,109.,-8.));
#8685 = VECTOR('',#8686,1.);
#8686 = DIRECTION('',(-1.,0.,0.));
#8687 = PLANE('',#8688);
#8688 = AXIS2_PLACEMENT_3D('',#8689,#8690,#8691);
#8689 = CARTESIAN_POINT('',(75.,109.5,-7.5));
#8690 = DIRECTION('',(0.,-0.707106781187,0.707106781187));
#8691 = DIRECTION('',(-1.,0.,0.));
#8692 = ADVANCED_FACE('',(#8693),#8703,.F.);
#8693 = FACE_BOUND('',#8694,.F.);
#8694 = EDGE_LOOP('',(#8695,#8701,#8702));
#8695 = ORIENTED_EDGE('',*,*,#8696,.F.);
#8696 = EDGE_CURVE('',#8647,#8000,#8697,.T.);
#8697 = LINE('',#8698,#8699);
#8698 = CARTESIAN_POINT('',(-4.,-3.25,-7.75));
#8699 = VECTOR('',#8700,1.);
#8700 = DIRECTION('',(-9.6E-16,-0.707106781187,0.707106781187));
#8701 = ORIENTED_EDGE('',*,*,#8646,.T.);
#8702 = ORIENTED_EDGE('',*,*,#8007,.F.);
#8703 = PLANE('',#8704);
#8704 = AXIS2_PLACEMENT_3D('',#8705,#8706,#8707);
#8705 = CARTESIAN_POINT('',(-4.,-3.,-8.));
#8706 = DIRECTION('',(0.57735026919,0.57735026919,0.57735026919));
#8707 = DIRECTION('',(-0.707106781187,0.707106781187,-1.110223024625E-16
    ));
#8708 = ADVANCED_FACE('',(#8709),#8727,.F.);
#8709 = FACE_BOUND('',#8710,.F.);
#8710 = EDGE_LOOP('',(#8711,#8712,#8713,#8721));
#8711 = ORIENTED_EDGE('',*,*,#8696,.T.);
#8712 = ORIENTED_EDGE('',*,*,#8048,.T.);
#8713 = ORIENTED_EDGE('',*,*,#8714,.F.);
#8714 = EDGE_CURVE('',#8715,#8049,#8717,.T.);
#8715 = VERTEX_POINT('',#8716);
#8716 = CARTESIAN_POINT('',(74.,-3.,-8.));
#8717 = LINE('',#8718,#8719);
#8718 = CARTESIAN_POINT('',(74.,-3.25,-7.75));
#8719 = VECTOR('',#8720,1.);
#8720 = DIRECTION('',(0.,-0.707106781187,0.707106781187));
#8721 = ORIENTED_EDGE('',*,*,#8722,.F.);
#8722 = EDGE_CURVE('',#8647,#8715,#8723,.T.);
#8723 = LINE('',#8724,#8725);
#8724 = CARTESIAN_POINT('',(-5.,-3.,-8.));
#8725 = VECTOR('',#8726,1.);
#8726 = DIRECTION('',(1.,0.,0.));
#8727 = PLANE('',#8728);
#8728 = AXIS2_PLACEMENT_3D('',#8729,#8730,#8731);
#8729 = CARTESIAN_POINT('',(-5.,-3.5,-7.5));
#8730 = DIRECTION('',(0.,0.707106781187,0.707106781187));
#8731 = DIRECTION('',(1.,0.,0.));
#8732 = ADVANCED_FACE('',(#8733),#8750,.F.);
#8733 = FACE_BOUND('',#8734,.F.);
#8734 = EDGE_LOOP('',(#8735,#8736,#8737,#8738,#8744));
#8735 = ORIENTED_EDGE('',*,*,#8126,.T.);
#8736 = ORIENTED_EDGE('',*,*,#8070,.T.);
#8737 = ORIENTED_EDGE('',*,*,#8671,.T.);
#8738 = ORIENTED_EDGE('',*,*,#8739,.F.);
#8739 = EDGE_CURVE('',#8715,#8672,#8740,.T.);
#8740 = LINE('',#8741,#8742);
#8741 = CARTESIAN_POINT('',(74.,-4.,-8.));
#8742 = VECTOR('',#8743,1.);
#8743 = DIRECTION('',(0.,1.,0.));
#8744 = ORIENTED_EDGE('',*,*,#8745,.T.);
#8745 = EDGE_CURVE('',#8715,#8105,#8746,.T.);
#8746 = LINE('',#8747,#8748);
#8747 = CARTESIAN_POINT('',(74.25,-3.,-7.75));
#8748 = VECTOR('',#8749,1.);
#8749 = DIRECTION('',(0.707106781187,-3.85E-15,0.707106781187));
#8750 = PLANE('',#8751);
#8751 = AXIS2_PLACEMENT_3D('',#8752,#8753,#8754);
#8752 = CARTESIAN_POINT('',(74.5,-4.,-7.5));
#8753 = DIRECTION('',(-0.707106781187,0.,0.707106781187));
#8754 = DIRECTION('',(0.,1.,0.));
#8755 = ADVANCED_FACE('',(#8756),#8761,.T.);
#8756 = FACE_BOUND('',#8757,.T.);
#8757 = EDGE_LOOP('',(#8758,#8759,#8760));
#8758 = ORIENTED_EDGE('',*,*,#8714,.F.);
#8759 = ORIENTED_EDGE('',*,*,#8745,.T.);
#8760 = ORIENTED_EDGE('',*,*,#8104,.F.);
#8761 = PLANE('',#8762);
#8762 = AXIS2_PLACEMENT_3D('',#8763,#8764,#8765);
#8763 = CARTESIAN_POINT('',(74.,-3.,-8.));
#8764 = DIRECTION('',(0.57735026919,-0.57735026919,-0.57735026919));
#8765 = DIRECTION('',(0.707106781187,0.707106781187,-6.938893903907E-16)
  );
#8766 = ADVANCED_FACE('',(#8767),#8773,.T.);
#8767 = FACE_BOUND('',#8768,.T.);
#8768 = EDGE_LOOP('',(#8769,#8770,#8771,#8772));
#8769 = ORIENTED_EDGE('',*,*,#8151,.T.);
#8770 = ORIENTED_EDGE('',*,*,#8199,.T.);
#8771 = ORIENTED_EDGE('',*,*,#8223,.T.);
#8772 = ORIENTED_EDGE('',*,*,#8182,.T.);
#8773 = PLANE('',#8774);
#8774 = AXIS2_PLACEMENT_3D('',#8775,#8776,#8777);
#8775 = CARTESIAN_POINT('',(35.,4.45983935743,-5.));
#8776 = DIRECTION('',(0.,0.,1.));
#8777 = DIRECTION('',(1.,0.,0.));
#8778 = ADVANCED_FACE('',(#8779),#8797,.F.);
#8779 = FACE_BOUND('',#8780,.F.);
#8780 = EDGE_LOOP('',(#8781,#8789,#8790,#8791));
#8781 = ORIENTED_EDGE('',*,*,#8782,.F.);
#8782 = EDGE_CURVE('',#8290,#8783,#8785,.T.);
#8783 = VERTEX_POINT('',#8784);
#8784 = CARTESIAN_POINT('',(-1.75,25.,-2.5));
#8785 = LINE('',#8786,#8787);
#8786 = CARTESIAN_POINT('',(-1.75,25.,0.));
#8787 = VECTOR('',#8788,1.);
#8788 = DIRECTION('',(-0.,-0.,-1.));
#8789 = ORIENTED_EDGE('',*,*,#8297,.F.);
#8790 = ORIENTED_EDGE('',*,*,#8239,.T.);
#8791 = ORIENTED_EDGE('',*,*,#8792,.T.);
#8792 = EDGE_CURVE('',#8242,#8783,#8793,.T.);
#8793 = LINE('',#8794,#8795);
#8794 = CARTESIAN_POINT('',(-1.75,-5.6E-16,-2.5));
#8795 = VECTOR('',#8796,1.);
#8796 = DIRECTION('',(0.,1.,-2.2E-16));
#8797 = PLANE('',#8798);
#8798 = AXIS2_PLACEMENT_3D('',#8799,#8800,#8801);
#8799 = CARTESIAN_POINT('',(-1.75,0.,0.));
#8800 = DIRECTION('',(1.,0.,0.));
#8801 = DIRECTION('',(0.,1.,0.));
#8802 = ADVANCED_FACE('',(#8803),#8828,.T.);
#8803 = FACE_BOUND('',#8804,.T.);
#8804 = EDGE_LOOP('',(#8805,#8813,#8821,#8827));
#8805 = ORIENTED_EDGE('',*,*,#8806,.T.);
#8806 = EDGE_CURVE('',#8242,#8807,#8809,.T.);
#8807 = VERTEX_POINT('',#8808);
#8808 = CARTESIAN_POINT('',(-0.250000000007,-1.E-15,-2.5));
#8809 = LINE('',#8810,#8811);
#8810 = CARTESIAN_POINT('',(-1.75,0.,-2.5));
#8811 = VECTOR('',#8812,1.);
#8812 = DIRECTION('',(1.,0.,0.));
#8813 = ORIENTED_EDGE('',*,*,#8814,.T.);
#8814 = EDGE_CURVE('',#8807,#8815,#8817,.T.);
#8815 = VERTEX_POINT('',#8816);
#8816 = CARTESIAN_POINT('',(-0.250000000007,-1.E-15,-5.));
#8817 = LINE('',#8818,#8819);
#8818 = CARTESIAN_POINT('',(-0.250000000007,0.,-2.5));
#8819 = VECTOR('',#8820,1.);
#8820 = DIRECTION('',(0.,0.,-1.));
#8821 = ORIENTED_EDGE('',*,*,#8822,.T.);
#8822 = EDGE_CURVE('',#8815,#8266,#8823,.T.);
#8823 = LINE('',#8824,#8825);
#8824 = CARTESIAN_POINT('',(-0.250000000007,0.,-5.));
#8825 = VECTOR('',#8826,1.);
#8826 = DIRECTION('',(-1.,0.,0.));
#8827 = ORIENTED_EDGE('',*,*,#8273,.F.);
#8828 = PLANE('',#8829);
#8829 = AXIS2_PLACEMENT_3D('',#8830,#8831,#8832);
#8830 = CARTESIAN_POINT('',(35.00000000003,-8.3E-16,-3.75));
#8831 = DIRECTION('',(0.,1.,0.));
#8832 = DIRECTION('',(0.,0.,1.));
#8833 = ADVANCED_FACE('',(#8834),#8852,.T.);
#8834 = FACE_BOUND('',#8835,.T.);
#8835 = EDGE_LOOP('',(#8836,#8837,#8838,#8846));
#8836 = ORIENTED_EDGE('',*,*,#8319,.T.);
#8837 = ORIENTED_EDGE('',*,*,#8265,.T.);
#8838 = ORIENTED_EDGE('',*,*,#8839,.T.);
#8839 = EDGE_CURVE('',#8266,#8840,#8842,.T.);
#8840 = VERTEX_POINT('',#8841);
#8841 = CARTESIAN_POINT('',(-1.75,25.,-5.));
#8842 = LINE('',#8843,#8844);
#8843 = CARTESIAN_POINT('',(-1.75,0.,-5.));
#8844 = VECTOR('',#8845,1.);
#8845 = DIRECTION('',(0.,1.,0.));
#8846 = ORIENTED_EDGE('',*,*,#8847,.T.);
#8847 = EDGE_CURVE('',#8840,#8312,#8848,.T.);
#8848 = LINE('',#8849,#8850);
#8849 = CARTESIAN_POINT('',(-1.75,25.,-5.));
#8850 = VECTOR('',#8851,1.);
#8851 = DIRECTION('',(-1.,0.,0.));
#8852 = PLANE('',#8853);
#8853 = AXIS2_PLACEMENT_3D('',#8854,#8855,#8856);
#8854 = CARTESIAN_POINT('',(35.,4.45983935743,-5.));
#8855 = DIRECTION('',(0.,0.,1.));
#8856 = DIRECTION('',(1.,0.,0.));
#8857 = ADVANCED_FACE('',(#8858),#8869,.T.);
#8858 = FACE_BOUND('',#8859,.T.);
#8859 = EDGE_LOOP('',(#8860,#8861,#8862,#8868));
#8860 = ORIENTED_EDGE('',*,*,#8344,.T.);
#8861 = ORIENTED_EDGE('',*,*,#8383,.T.);
#8862 = ORIENTED_EDGE('',*,*,#8863,.F.);
#8863 = EDGE_CURVE('',#8783,#8384,#8864,.T.);
#8864 = LINE('',#8865,#8866);
#8865 = CARTESIAN_POINT('',(-1.75,25.,-2.5));
#8866 = VECTOR('',#8867,1.);
#8867 = DIRECTION('',(0.,1.,0.));
#8868 = ORIENTED_EDGE('',*,*,#8782,.F.);
#8869 = PLANE('',#8870);
#8870 = AXIS2_PLACEMENT_3D('',#8871,#8872,#8873);
#8871 = CARTESIAN_POINT('',(-1.75,25.,-1.));
#8872 = DIRECTION('',(-1.,0.,0.));
#8873 = DIRECTION('',(0.,0.,-1.));
#8874 = ADVANCED_FACE('',(#8875),#8886,.T.);
#8875 = FACE_BOUND('',#8876,.T.);
#8876 = EDGE_LOOP('',(#8877,#8883,#8884,#8885));
#8877 = ORIENTED_EDGE('',*,*,#8878,.T.);
#8878 = EDGE_CURVE('',#8840,#8392,#8879,.T.);
#8879 = LINE('',#8880,#8881);
#8880 = CARTESIAN_POINT('',(-1.75,25.,-5.));
#8881 = VECTOR('',#8882,1.);
#8882 = DIRECTION('',(0.,1.,0.));
#8883 = ORIENTED_EDGE('',*,*,#8399,.T.);
#8884 = ORIENTED_EDGE('',*,*,#8368,.F.);
#8885 = ORIENTED_EDGE('',*,*,#8847,.F.);
#8886 = PLANE('',#8887);
#8887 = AXIS2_PLACEMENT_3D('',#8888,#8889,#8890);
#8888 = CARTESIAN_POINT('',(-1.75,25.,-5.));
#8889 = DIRECTION('',(0.,0.,1.));
#8890 = DIRECTION('',(-1.,0.,0.));
#8891 = ADVANCED_FACE('',(#8892),#8917,.F.);
#8892 = FACE_BOUND('',#8893,.F.);
#8893 = EDGE_LOOP('',(#8894,#8895,#8903,#8911));
#8894 = ORIENTED_EDGE('',*,*,#8391,.F.);
#8895 = ORIENTED_EDGE('',*,*,#8896,.T.);
#8896 = EDGE_CURVE('',#8384,#8897,#8899,.T.);
#8897 = VERTEX_POINT('',#8898);
#8898 = CARTESIAN_POINT('',(-0.250000000007,105.,-2.5));
#8899 = LINE('',#8900,#8901);
#8900 = CARTESIAN_POINT('',(-1.75,105.,-2.5));
#8901 = VECTOR('',#8902,1.);
#8902 = DIRECTION('',(1.,0.,0.));
#8903 = ORIENTED_EDGE('',*,*,#8904,.T.);
#8904 = EDGE_CURVE('',#8897,#8905,#8907,.T.);
#8905 = VERTEX_POINT('',#8906);
#8906 = CARTESIAN_POINT('',(-0.250000000007,105.,-5.));
#8907 = LINE('',#8908,#8909);
#8908 = CARTESIAN_POINT('',(-0.250000000007,105.,-1.25));
#8909 = VECTOR('',#8910,1.);
#8910 = DIRECTION('',(0.,0.,-1.));
#8911 = ORIENTED_EDGE('',*,*,#8912,.T.);
#8912 = EDGE_CURVE('',#8905,#8392,#8913,.T.);
#8913 = LINE('',#8914,#8915);
#8914 = CARTESIAN_POINT('',(-1.000000000004,105.,-5.));
#8915 = VECTOR('',#8916,1.);
#8916 = DIRECTION('',(-1.,0.,0.));
#8917 = PLANE('',#8918);
#8918 = AXIS2_PLACEMENT_3D('',#8919,#8920,#8921);
#8919 = CARTESIAN_POINT('',(-1.75,105.,0.));
#8920 = DIRECTION('',(0.,1.,0.));
#8921 = DIRECTION('',(-1.,0.,0.));
#8922 = ADVANCED_FACE('',(#8923),#8935,.F.);
#8923 = FACE_BOUND('',#8924,.T.);
#8924 = EDGE_LOOP('',(#8925,#8926,#8934));
#8925 = ORIENTED_EDGE('',*,*,#8427,.T.);
#8926 = ORIENTED_EDGE('',*,*,#8927,.T.);
#8927 = EDGE_CURVE('',#8418,#8928,#8930,.T.);
#8928 = VERTEX_POINT('',#8929);
#8929 = CARTESIAN_POINT('',(15.,99.8,-7.171678207104));
#8930 = LINE('',#8931,#8932);
#8931 = CARTESIAN_POINT('',(16.95,99.8,-6.));
#8932 = VECTOR('',#8933,1.);
#8933 = DIRECTION('',(-0.857167300702,-0.,-0.51503807491));
#8934 = ORIENTED_EDGE('',*,*,#8927,.F.);
#8935 = CONICAL_SURFACE('',#8936,1.95,1.029744258677);
#8936 = AXIS2_PLACEMENT_3D('',#8937,#8938,#8939);
#8937 = CARTESIAN_POINT('',(15.,99.8,-6.));
#8938 = DIRECTION('',(0.,0.,1.));
#8939 = DIRECTION('',(1.,0.,0.));
#8940 = ADVANCED_FACE('',(#8941),#8959,.F.);
#8941 = FACE_BOUND('',#8942,.F.);
#8942 = EDGE_LOOP('',(#8943,#8944,#8945,#8953));
#8943 = ORIENTED_EDGE('',*,*,#8497,.F.);
#8944 = ORIENTED_EDGE('',*,*,#8459,.F.);
#8945 = ORIENTED_EDGE('',*,*,#8946,.T.);
#8946 = EDGE_CURVE('',#8443,#8947,#8949,.T.);
#8947 = VERTEX_POINT('',#8948);
#8948 = CARTESIAN_POINT('',(71.75,25.,-2.5));
#8949 = LINE('',#8950,#8951);
#8950 = CARTESIAN_POINT('',(71.75,25.,0.));
#8951 = VECTOR('',#8952,1.);
#8952 = DIRECTION('',(-0.,-0.,-1.));
#8953 = ORIENTED_EDGE('',*,*,#8954,.F.);
#8954 = EDGE_CURVE('',#8498,#8947,#8955,.T.);
#8955 = LINE('',#8956,#8957);
#8956 = CARTESIAN_POINT('',(71.75,-5.6E-16,-2.5));
#8957 = VECTOR('',#8958,1.);
#8958 = DIRECTION('',(0.,1.,-2.2E-16));
#8959 = PLANE('',#8960);
#8960 = AXIS2_PLACEMENT_3D('',#8961,#8962,#8963);
#8961 = CARTESIAN_POINT('',(71.75,25.,0.));
#8962 = DIRECTION('',(-1.,0.,0.));
#8963 = DIRECTION('',(0.,-1.,0.));
#8964 = ADVANCED_FACE('',(#8965),#8976,.F.);
#8965 = FACE_BOUND('',#8966,.F.);
#8966 = EDGE_LOOP('',(#8967,#8968,#8969,#8975));
#8967 = ORIENTED_EDGE('',*,*,#8482,.T.);
#8968 = ORIENTED_EDGE('',*,*,#8538,.T.);
#8969 = ORIENTED_EDGE('',*,*,#8970,.F.);
#8970 = EDGE_CURVE('',#8947,#8539,#8971,.T.);
#8971 = LINE('',#8972,#8973);
#8972 = CARTESIAN_POINT('',(71.75,25.,-2.5));
#8973 = VECTOR('',#8974,1.);
#8974 = DIRECTION('',(0.,1.,0.));
#8975 = ORIENTED_EDGE('',*,*,#8946,.F.);
#8976 = PLANE('',#8977);
#8977 = AXIS2_PLACEMENT_3D('',#8978,#8979,#8980);
#8978 = CARTESIAN_POINT('',(71.75,25.,-1.));
#8979 = DIRECTION('',(-1.,0.,0.));
#8980 = DIRECTION('',(0.,0.,-1.));
#8981 = ADVANCED_FACE('',(#8982),#9007,.T.);
#8982 = FACE_BOUND('',#8983,.T.);
#8983 = EDGE_LOOP('',(#8984,#8992,#9000,#9006));
#8984 = ORIENTED_EDGE('',*,*,#8985,.T.);
#8985 = EDGE_CURVE('',#8506,#8986,#8988,.T.);
#8986 = VERTEX_POINT('',#8987);
#8987 = CARTESIAN_POINT('',(70.25,-1.E-15,-5.));
#8988 = LINE('',#8989,#8990);
#8989 = CARTESIAN_POINT('',(71.75,0.,-5.));
#8990 = VECTOR('',#8991,1.);
#8991 = DIRECTION('',(-1.,0.,0.));
#8992 = ORIENTED_EDGE('',*,*,#8993,.T.);
#8993 = EDGE_CURVE('',#8986,#8994,#8996,.T.);
#8994 = VERTEX_POINT('',#8995);
#8995 = CARTESIAN_POINT('',(70.25,-1.E-15,-2.5));
#8996 = LINE('',#8997,#8998);
#8997 = CARTESIAN_POINT('',(70.25,0.,-5.));
#8998 = VECTOR('',#8999,1.);
#8999 = DIRECTION('',(0.,0.,1.));
#9000 = ORIENTED_EDGE('',*,*,#9001,.T.);
#9001 = EDGE_CURVE('',#8994,#8498,#9002,.T.);
#9002 = LINE('',#9003,#9004);
#9003 = CARTESIAN_POINT('',(70.25,0.,-2.5));
#9004 = VECTOR('',#9005,1.);
#9005 = DIRECTION('',(1.,0.,0.));
#9006 = ORIENTED_EDGE('',*,*,#8505,.T.);
#9007 = PLANE('',#9008);
#9008 = AXIS2_PLACEMENT_3D('',#9009,#9010,#9011);
#9009 = CARTESIAN_POINT('',(35.00000000003,-8.3E-16,-3.75));
#9010 = DIRECTION('',(0.,1.,0.));
#9011 = DIRECTION('',(0.,0.,1.));
#9012 = ADVANCED_FACE('',(#9013),#9031,.T.);
#9013 = FACE_BOUND('',#9014,.T.);
#9014 = EDGE_LOOP('',(#9015,#9023,#9029,#9030));
#9015 = ORIENTED_EDGE('',*,*,#9016,.T.);
#9016 = EDGE_CURVE('',#8581,#9017,#9019,.T.);
#9017 = VERTEX_POINT('',#9018);
#9018 = CARTESIAN_POINT('',(71.75,25.,-5.));
#9019 = LINE('',#9020,#9021);
#9020 = CARTESIAN_POINT('',(73.25,25.,-5.));
#9021 = VECTOR('',#9022,1.);
#9022 = DIRECTION('',(-1.,0.,0.));
#9023 = ORIENTED_EDGE('',*,*,#9024,.T.);
#9024 = EDGE_CURVE('',#9017,#8506,#9025,.T.);
#9025 = LINE('',#9026,#9027);
#9026 = CARTESIAN_POINT('',(71.75,25.,-5.));
#9027 = VECTOR('',#9028,1.);
#9028 = DIRECTION('',(0.,-1.,0.));
#9029 = ORIENTED_EDGE('',*,*,#8513,.T.);
#9030 = ORIENTED_EDGE('',*,*,#8580,.T.);
#9031 = PLANE('',#9032);
#9032 = AXIS2_PLACEMENT_3D('',#9033,#9034,#9035);
#9033 = CARTESIAN_POINT('',(35.,4.45983935743,-5.));
#9034 = DIRECTION('',(0.,0.,1.));
#9035 = DIRECTION('',(1.,0.,0.));
#9036 = ADVANCED_FACE('',(#9037),#9062,.F.);
#9037 = FACE_BOUND('',#9038,.F.);
#9038 = EDGE_LOOP('',(#9039,#9040,#9048,#9056));
#9039 = ORIENTED_EDGE('',*,*,#8565,.T.);
#9040 = ORIENTED_EDGE('',*,*,#9041,.T.);
#9041 = EDGE_CURVE('',#8558,#9042,#9044,.T.);
#9042 = VERTEX_POINT('',#9043);
#9043 = CARTESIAN_POINT('',(70.25,105.,-5.));
#9044 = LINE('',#9045,#9046);
#9045 = CARTESIAN_POINT('',(35.,105.,-5.));
#9046 = VECTOR('',#9047,1.);
#9047 = DIRECTION('',(-1.,0.,0.));
#9048 = ORIENTED_EDGE('',*,*,#9049,.T.);
#9049 = EDGE_CURVE('',#9042,#9050,#9052,.T.);
#9050 = VERTEX_POINT('',#9051);
#9051 = CARTESIAN_POINT('',(70.25,105.,-2.5));
#9052 = LINE('',#9053,#9054);
#9053 = CARTESIAN_POINT('',(70.25,105.,-2.5));
#9054 = VECTOR('',#9055,1.);
#9055 = DIRECTION('',(0.,0.,1.));
#9056 = ORIENTED_EDGE('',*,*,#9057,.T.);
#9057 = EDGE_CURVE('',#9050,#8539,#9058,.T.);
#9058 = LINE('',#9059,#9060);
#9059 = CARTESIAN_POINT('',(34.25,105.,-2.5));
#9060 = VECTOR('',#9061,1.);
#9061 = DIRECTION('',(1.,0.,0.));
#9062 = PLANE('',#9063);
#9063 = AXIS2_PLACEMENT_3D('',#9064,#9065,#9066);
#9064 = CARTESIAN_POINT('',(-1.75,105.,0.));
#9065 = DIRECTION('',(0.,1.,0.));
#9066 = DIRECTION('',(-1.,0.,0.));
#9067 = ADVANCED_FACE('',(#9068),#9079,.T.);
#9068 = FACE_BOUND('',#9069,.T.);
#9069 = EDGE_LOOP('',(#9070,#9071,#9072,#9078));
#9070 = ORIENTED_EDGE('',*,*,#8605,.T.);
#9071 = ORIENTED_EDGE('',*,*,#8557,.T.);
#9072 = ORIENTED_EDGE('',*,*,#9073,.F.);
#9073 = EDGE_CURVE('',#9017,#8558,#9074,.T.);
#9074 = LINE('',#9075,#9076);
#9075 = CARTESIAN_POINT('',(71.75,25.,-5.));
#9076 = VECTOR('',#9077,1.);
#9077 = DIRECTION('',(0.,1.,0.));
#9078 = ORIENTED_EDGE('',*,*,#9016,.F.);
#9079 = PLANE('',#9080);
#9080 = AXIS2_PLACEMENT_3D('',#9081,#9082,#9083);
#9081 = CARTESIAN_POINT('',(73.25,25.,-5.));
#9082 = DIRECTION('',(0.,0.,1.));
#9083 = DIRECTION('',(-1.,0.,0.));
#9084 = ADVANCED_FACE('',(#9085),#9097,.F.);
#9085 = FACE_BOUND('',#9086,.T.);
#9086 = EDGE_LOOP('',(#9087,#9088,#9096));
#9087 = ORIENTED_EDGE('',*,*,#8630,.T.);
#9088 = ORIENTED_EDGE('',*,*,#9089,.T.);
#9089 = EDGE_CURVE('',#8621,#9090,#9092,.T.);
#9090 = VERTEX_POINT('',#9091);
#9091 = CARTESIAN_POINT('',(55.,99.8,-7.171678207104));
#9092 = LINE('',#9093,#9094);
#9093 = CARTESIAN_POINT('',(56.95,99.8,-6.));
#9094 = VECTOR('',#9095,1.);
#9095 = DIRECTION('',(-0.857167300702,-0.,-0.51503807491));
#9096 = ORIENTED_EDGE('',*,*,#9089,.F.);
#9097 = CONICAL_SURFACE('',#9098,1.95,1.029744258677);
#9098 = AXIS2_PLACEMENT_3D('',#9099,#9100,#9101);
#9099 = CARTESIAN_POINT('',(55.,99.8,-6.));
#9100 = DIRECTION('',(0.,0.,1.));
#9101 = DIRECTION('',(1.,0.,0.));
#9102 = ADVANCED_FACE('',(#9103),#9109,.F.);
#9103 = FACE_BOUND('',#9104,.F.);
#9104 = EDGE_LOOP('',(#9105,#9106,#9107,#9108));
#9105 = ORIENTED_EDGE('',*,*,#8722,.T.);
#9106 = ORIENTED_EDGE('',*,*,#8739,.T.);
#9107 = ORIENTED_EDGE('',*,*,#8682,.T.);
#9108 = ORIENTED_EDGE('',*,*,#8654,.T.);
#9109 = PLANE('',#9110);
#9110 = AXIS2_PLACEMENT_3D('',#9111,#9112,#9113);
#9111 = CARTESIAN_POINT('',(35.,53.,-8.));
#9112 = DIRECTION('',(0.,0.,1.));
#9113 = DIRECTION('',(1.,0.,0.));
#9114 = ADVANCED_FACE('',(#9115),#9133,.T.);
#9115 = FACE_BOUND('',#9116,.T.);
#9116 = EDGE_LOOP('',(#9117,#9118,#9119,#9127));
#9117 = ORIENTED_EDGE('',*,*,#8806,.F.);
#9118 = ORIENTED_EDGE('',*,*,#8792,.T.);
#9119 = ORIENTED_EDGE('',*,*,#9120,.T.);
#9120 = EDGE_CURVE('',#8783,#9121,#9123,.T.);
#9121 = VERTEX_POINT('',#9122);
#9122 = CARTESIAN_POINT('',(-0.250000000007,25.,-2.5));
#9123 = LINE('',#9124,#9125);
#9124 = CARTESIAN_POINT('',(-1.75,25.,-2.5));
#9125 = VECTOR('',#9126,1.);
#9126 = DIRECTION('',(1.,0.,0.));
#9127 = ORIENTED_EDGE('',*,*,#9128,.F.);
#9128 = EDGE_CURVE('',#8807,#9121,#9129,.T.);
#9129 = LINE('',#9130,#9131);
#9130 = CARTESIAN_POINT('',(-0.250000000007,-5.6E-16,-2.5));
#9131 = VECTOR('',#9132,1.);
#9132 = DIRECTION('',(0.,1.,-2.2E-16));
#9133 = PLANE('',#9134);
#9134 = AXIS2_PLACEMENT_3D('',#9135,#9136,#9137);
#9135 = CARTESIAN_POINT('',(-1.75,-5.6E-16,-2.5));
#9136 = DIRECTION('',(0.,-2.2E-16,-1.));
#9137 = DIRECTION('',(1.,0.,0.));
#9138 = ADVANCED_FACE('',(#9139),#9157,.T.);
#9139 = FACE_BOUND('',#9140,.T.);
#9140 = EDGE_LOOP('',(#9141,#9142,#9143,#9151));
#9141 = ORIENTED_EDGE('',*,*,#8814,.F.);
#9142 = ORIENTED_EDGE('',*,*,#9128,.T.);
#9143 = ORIENTED_EDGE('',*,*,#9144,.T.);
#9144 = EDGE_CURVE('',#9121,#9145,#9147,.T.);
#9145 = VERTEX_POINT('',#9146);
#9146 = CARTESIAN_POINT('',(-0.250000000007,25.,-5.));
#9147 = LINE('',#9148,#9149);
#9148 = CARTESIAN_POINT('',(-0.250000000007,25.,-1.25));
#9149 = VECTOR('',#9150,1.);
#9150 = DIRECTION('',(0.,0.,-1.));
#9151 = ORIENTED_EDGE('',*,*,#9152,.F.);
#9152 = EDGE_CURVE('',#8815,#9145,#9153,.T.);
#9153 = LINE('',#9154,#9155);
#9154 = CARTESIAN_POINT('',(-0.250000000007,-1.11E-15,-5.));
#9155 = VECTOR('',#9156,1.);
#9156 = DIRECTION('',(0.,1.,-2.2E-16));
#9157 = PLANE('',#9158);
#9158 = AXIS2_PLACEMENT_3D('',#9159,#9160,#9161);
#9159 = CARTESIAN_POINT('',(-0.250000000007,-5.6E-16,-2.5));
#9160 = DIRECTION('',(-1.,0.,0.));
#9161 = DIRECTION('',(-0.,-2.2E-16,-1.));
#9162 = ADVANCED_FACE('',(#9163),#9174,.T.);
#9163 = FACE_BOUND('',#9164,.T.);
#9164 = EDGE_LOOP('',(#9165,#9166,#9167,#9173));
#9165 = ORIENTED_EDGE('',*,*,#8822,.F.);
#9166 = ORIENTED_EDGE('',*,*,#9152,.T.);
#9167 = ORIENTED_EDGE('',*,*,#9168,.T.);
#9168 = EDGE_CURVE('',#9145,#8840,#9169,.T.);
#9169 = LINE('',#9170,#9171);
#9170 = CARTESIAN_POINT('',(-1.000000000004,25.,-5.));
#9171 = VECTOR('',#9172,1.);
#9172 = DIRECTION('',(-1.,0.,0.));
#9173 = ORIENTED_EDGE('',*,*,#8839,.F.);
#9174 = PLANE('',#9175);
#9175 = AXIS2_PLACEMENT_3D('',#9176,#9177,#9178);
#9176 = CARTESIAN_POINT('',(-0.250000000007,-1.11E-15,-5.));
#9177 = DIRECTION('',(0.,2.2E-16,1.));
#9178 = DIRECTION('',(-1.,0.,0.));
#9179 = ADVANCED_FACE('',(#9180),#9191,.T.);
#9180 = FACE_BOUND('',#9181,.T.);
#9181 = EDGE_LOOP('',(#9182,#9183,#9184,#9190));
#9182 = ORIENTED_EDGE('',*,*,#8863,.T.);
#9183 = ORIENTED_EDGE('',*,*,#8896,.T.);
#9184 = ORIENTED_EDGE('',*,*,#9185,.F.);
#9185 = EDGE_CURVE('',#9121,#8897,#9186,.T.);
#9186 = LINE('',#9187,#9188);
#9187 = CARTESIAN_POINT('',(-0.250000000007,25.,-2.5));
#9188 = VECTOR('',#9189,1.);
#9189 = DIRECTION('',(0.,1.,0.));
#9190 = ORIENTED_EDGE('',*,*,#9120,.F.);
#9191 = PLANE('',#9192);
#9192 = AXIS2_PLACEMENT_3D('',#9193,#9194,#9195);
#9193 = CARTESIAN_POINT('',(-1.75,25.,-2.5));
#9194 = DIRECTION('',(0.,0.,-1.));
#9195 = DIRECTION('',(1.,0.,0.));
#9196 = ADVANCED_FACE('',(#9197),#9208,.T.);
#9197 = FACE_BOUND('',#9198,.T.);
#9198 = EDGE_LOOP('',(#9199,#9205,#9206,#9207));
#9199 = ORIENTED_EDGE('',*,*,#9200,.T.);
#9200 = EDGE_CURVE('',#9145,#8905,#9201,.T.);
#9201 = LINE('',#9202,#9203);
#9202 = CARTESIAN_POINT('',(-0.250000000007,25.,-5.));
#9203 = VECTOR('',#9204,1.);
#9204 = DIRECTION('',(0.,1.,0.));
#9205 = ORIENTED_EDGE('',*,*,#8912,.T.);
#9206 = ORIENTED_EDGE('',*,*,#8878,.F.);
#9207 = ORIENTED_EDGE('',*,*,#9168,.F.);
#9208 = PLANE('',#9209);
#9209 = AXIS2_PLACEMENT_3D('',#9210,#9211,#9212);
#9210 = CARTESIAN_POINT('',(-0.250000000007,25.,-5.));
#9211 = DIRECTION('',(0.,0.,1.));
#9212 = DIRECTION('',(-1.,0.,0.));
#9213 = ADVANCED_FACE('',(#9214),#9220,.T.);
#9214 = FACE_BOUND('',#9215,.T.);
#9215 = EDGE_LOOP('',(#9216,#9217,#9218,#9219));
#9216 = ORIENTED_EDGE('',*,*,#9185,.T.);
#9217 = ORIENTED_EDGE('',*,*,#8904,.T.);
#9218 = ORIENTED_EDGE('',*,*,#9200,.F.);
#9219 = ORIENTED_EDGE('',*,*,#9144,.F.);
#9220 = PLANE('',#9221);
#9221 = AXIS2_PLACEMENT_3D('',#9222,#9223,#9224);
#9222 = CARTESIAN_POINT('',(-0.250000000007,25.,-2.5));
#9223 = DIRECTION('',(-1.,0.,0.));
#9224 = DIRECTION('',(0.,0.,-1.));
#9225 = ADVANCED_FACE('',(#9226),#9244,.T.);
#9226 = FACE_BOUND('',#9227,.T.);
#9227 = EDGE_LOOP('',(#9228,#9229,#9237,#9243));
#9228 = ORIENTED_EDGE('',*,*,#9001,.F.);
#9229 = ORIENTED_EDGE('',*,*,#9230,.T.);
#9230 = EDGE_CURVE('',#8994,#9231,#9233,.T.);
#9231 = VERTEX_POINT('',#9232);
#9232 = CARTESIAN_POINT('',(70.25,25.,-2.5));
#9233 = LINE('',#9234,#9235);
#9234 = CARTESIAN_POINT('',(70.25,-5.6E-16,-2.5));
#9235 = VECTOR('',#9236,1.);
#9236 = DIRECTION('',(0.,1.,-2.2E-16));
#9237 = ORIENTED_EDGE('',*,*,#9238,.T.);
#9238 = EDGE_CURVE('',#9231,#8947,#9239,.T.);
#9239 = LINE('',#9240,#9241);
#9240 = CARTESIAN_POINT('',(34.25,25.,-2.5));
#9241 = VECTOR('',#9242,1.);
#9242 = DIRECTION('',(1.,0.,0.));
#9243 = ORIENTED_EDGE('',*,*,#8954,.F.);
#9244 = PLANE('',#9245);
#9245 = AXIS2_PLACEMENT_3D('',#9246,#9247,#9248);
#9246 = CARTESIAN_POINT('',(70.25,-5.6E-16,-2.5));
#9247 = DIRECTION('',(0.,-2.2E-16,-1.));
#9248 = DIRECTION('',(1.,0.,0.));
#9249 = ADVANCED_FACE('',(#9250),#9261,.T.);
#9250 = FACE_BOUND('',#9251,.T.);
#9251 = EDGE_LOOP('',(#9252,#9258,#9259,#9260));
#9252 = ORIENTED_EDGE('',*,*,#9253,.T.);
#9253 = EDGE_CURVE('',#9231,#9050,#9254,.T.);
#9254 = LINE('',#9255,#9256);
#9255 = CARTESIAN_POINT('',(70.25,25.,-2.5));
#9256 = VECTOR('',#9257,1.);
#9257 = DIRECTION('',(0.,1.,0.));
#9258 = ORIENTED_EDGE('',*,*,#9057,.T.);
#9259 = ORIENTED_EDGE('',*,*,#8970,.F.);
#9260 = ORIENTED_EDGE('',*,*,#9238,.F.);
#9261 = PLANE('',#9262);
#9262 = AXIS2_PLACEMENT_3D('',#9263,#9264,#9265);
#9263 = CARTESIAN_POINT('',(70.25,25.,-2.5));
#9264 = DIRECTION('',(0.,0.,-1.));
#9265 = DIRECTION('',(1.,0.,0.));
#9266 = ADVANCED_FACE('',(#9267),#9285,.T.);
#9267 = FACE_BOUND('',#9268,.T.);
#9268 = EDGE_LOOP('',(#9269,#9270,#9271,#9279));
#9269 = ORIENTED_EDGE('',*,*,#8985,.F.);
#9270 = ORIENTED_EDGE('',*,*,#9024,.F.);
#9271 = ORIENTED_EDGE('',*,*,#9272,.T.);
#9272 = EDGE_CURVE('',#9017,#9273,#9275,.T.);
#9273 = VERTEX_POINT('',#9274);
#9274 = CARTESIAN_POINT('',(70.25,25.,-5.));
#9275 = LINE('',#9276,#9277);
#9276 = CARTESIAN_POINT('',(35.,25.,-5.));
#9277 = VECTOR('',#9278,1.);
#9278 = DIRECTION('',(-1.,0.,0.));
#9279 = ORIENTED_EDGE('',*,*,#9280,.F.);
#9280 = EDGE_CURVE('',#8986,#9273,#9281,.T.);
#9281 = LINE('',#9282,#9283);
#9282 = CARTESIAN_POINT('',(70.25,-1.11E-15,-5.));
#9283 = VECTOR('',#9284,1.);
#9284 = DIRECTION('',(0.,1.,-2.2E-16));
#9285 = PLANE('',#9286);
#9286 = AXIS2_PLACEMENT_3D('',#9287,#9288,#9289);
#9287 = CARTESIAN_POINT('',(71.75,-1.11E-15,-5.));
#9288 = DIRECTION('',(0.,2.2E-16,1.));
#9289 = DIRECTION('',(-1.,0.,0.));
#9290 = ADVANCED_FACE('',(#9291),#9302,.T.);
#9291 = FACE_BOUND('',#9292,.T.);
#9292 = EDGE_LOOP('',(#9293,#9294,#9295,#9301));
#9293 = ORIENTED_EDGE('',*,*,#8993,.F.);
#9294 = ORIENTED_EDGE('',*,*,#9280,.T.);
#9295 = ORIENTED_EDGE('',*,*,#9296,.T.);
#9296 = EDGE_CURVE('',#9273,#9231,#9297,.T.);
#9297 = LINE('',#9298,#9299);
#9298 = CARTESIAN_POINT('',(70.25,25.,-2.5));
#9299 = VECTOR('',#9300,1.);
#9300 = DIRECTION('',(0.,0.,1.));
#9301 = ORIENTED_EDGE('',*,*,#9230,.F.);
#9302 = PLANE('',#9303);
#9303 = AXIS2_PLACEMENT_3D('',#9304,#9305,#9306);
#9304 = CARTESIAN_POINT('',(70.25,-1.11E-15,-5.));
#9305 = DIRECTION('',(1.,0.,0.));
#9306 = DIRECTION('',(0.,2.2E-16,1.));
#9307 = ADVANCED_FACE('',(#9308),#9319,.T.);
#9308 = FACE_BOUND('',#9309,.T.);
#9309 = EDGE_LOOP('',(#9310,#9316,#9317,#9318));
#9310 = ORIENTED_EDGE('',*,*,#9311,.T.);
#9311 = EDGE_CURVE('',#9273,#9042,#9312,.T.);
#9312 = LINE('',#9313,#9314);
#9313 = CARTESIAN_POINT('',(70.25,25.,-5.));
#9314 = VECTOR('',#9315,1.);
#9315 = DIRECTION('',(0.,1.,0.));
#9316 = ORIENTED_EDGE('',*,*,#9049,.T.);
#9317 = ORIENTED_EDGE('',*,*,#9253,.F.);
#9318 = ORIENTED_EDGE('',*,*,#9296,.F.);
#9319 = PLANE('',#9320);
#9320 = AXIS2_PLACEMENT_3D('',#9321,#9322,#9323);
#9321 = CARTESIAN_POINT('',(70.25,25.,-5.));
#9322 = DIRECTION('',(1.,0.,0.));
#9323 = DIRECTION('',(0.,0.,1.));
#9324 = ADVANCED_FACE('',(#9325),#9331,.T.);
#9325 = FACE_BOUND('',#9326,.T.);
#9326 = EDGE_LOOP('',(#9327,#9328,#9329,#9330));
#9327 = ORIENTED_EDGE('',*,*,#9073,.T.);
#9328 = ORIENTED_EDGE('',*,*,#9041,.T.);
#9329 = ORIENTED_EDGE('',*,*,#9311,.F.);
#9330 = ORIENTED_EDGE('',*,*,#9272,.F.);
#9331 = PLANE('',#9332);
#9332 = AXIS2_PLACEMENT_3D('',#9333,#9334,#9335);
#9333 = CARTESIAN_POINT('',(71.75,25.,-5.));
#9334 = DIRECTION('',(0.,0.,1.));
#9335 = DIRECTION('',(-1.,0.,0.));
#9336 = ( GEOMETRIC_REPRESENTATION_CONTEXT(3) 
GLOBAL_UNCERTAINTY_ASSIGNED_CONTEXT((#9340)) 
GLOBAL_UNIT_ASSIGNED_CONTEXT((#9337,#9338,#9339)) REPRESENTATION_CONTEXT
('Context #1','3D Context with UNIT and UNCERTAINTY') );
#9337 = ( LENGTH_UNIT() NAMED_UNIT(*) SI_UNIT(.MILLI.,.METRE.) );
#9338 = ( NAMED_UNIT(*) PLANE_ANGLE_UNIT() SI_UNIT($,.RADIAN.) );
#9339 = ( NAMED_UNIT(*) SI_UNIT($,.STERADIAN.) SOLID_ANGLE_UNIT() );
#9340 = UNCERTAINTY_MEASURE_WITH_UNIT(LENGTH_MEASURE(1.E-05),#9337,
  'distance_accuracy_value','confusion accuracy');
#9341 = CONTEXT_DEPENDENT_SHAPE_REPRESENTATION(#9342,#9344);
#9342 = ( REPRESENTATION_RELATIONSHIP('','',#7668,#10) 
REPRESENTATION_RELATIONSHIP_WITH_TRANSFORMATION(#9343) 
SHAPE_REPRESENTATION_RELATIONSHIP() );
#9343 = ITEM_DEFINED_TRANSFORMATION('','',#11,#31);
#9344 = PRODUCT_DEFINITION_SHAPE('Placement','Placement of an item',
  #9345);
#9345 = NEXT_ASSEMBLY_USAGE_OCCURRENCE('5','Body005','',#5,#7663,$);
#9346 = PRODUCT_RELATED_PRODUCT_CATEGORY('part',$,(#7665));
#9347 = SHAPE_DEFINITION_REPRESENTATION(#9348,#9354);
#9348 = PRODUCT_DEFINITION_SHAPE('','',#9349);
#9349 = PRODUCT_DEFINITION('design','',#9350,#9353);
#9350 = PRODUCT_DEFINITION_FORMATION('','',#9351);
#9351 = PRODUCT('Body006','Body006','',(#9352));
#9352 = PRODUCT_CONTEXT('',#2,'mechanical');
#9353 = PRODUCT_DEFINITION_CONTEXT('part definition',#2,'design');
#9354 = ADVANCED_BREP_SHAPE_REPRESENTATION('',(#11,#9355),#10686);
#9355 = MANIFOLD_SOLID_BREP('',#9356);
#9356 = CLOSED_SHELL('',(#9357,#9429,#9620,#9637,#9654,#9678,#9702,#9719
    ,#9743,#9767,#9798,#9838,#9894,#9918,#9942,#9982,#10006,#10023,
    #10054,#10110,#10134,#10165,#10189,#10213,#10230,#10279,#10328,
    #10383,#10400,#10417,#10463,#10480,#10497,#10514,#10526,#10543,
    #10560,#10577,#10594,#10606,#10618,#10640,#10657,#10674));
#9357 = ADVANCED_FACE('',(#9358),#9424,.F.);
#9358 = FACE_BOUND('',#9359,.F.);
#9359 = EDGE_LOOP('',(#9360,#9370,#9378,#9386,#9394,#9402,#9410,#9418));
#9360 = ORIENTED_EDGE('',*,*,#9361,.F.);
#9361 = EDGE_CURVE('',#9362,#9364,#9366,.T.);
#9362 = VERTEX_POINT('',#9363);
#9363 = CARTESIAN_POINT('',(-4.,-4.,0.));
#9364 = VERTEX_POINT('',#9365);
#9365 = CARTESIAN_POINT('',(-2.85,-4.,1.E-15));
#9366 = LINE('',#9367,#9368);
#9367 = CARTESIAN_POINT('',(-5.,-4.,0.));
#9368 = VECTOR('',#9369,1.);
#9369 = DIRECTION('',(1.,0.,0.));
#9370 = ORIENTED_EDGE('',*,*,#9371,.T.);
#9371 = EDGE_CURVE('',#9362,#9372,#9374,.T.);
#9372 = VERTEX_POINT('',#9373);
#9373 = CARTESIAN_POINT('',(-4.,-4.,1.));
#9374 = LINE('',#9375,#9376);
#9375 = CARTESIAN_POINT('',(-4.,-4.,0.));
#9376 = VECTOR('',#9377,1.);
#9377 = DIRECTION('',(0.,0.,1.));
#9378 = ORIENTED_EDGE('',*,*,#9379,.T.);
#9379 = EDGE_CURVE('',#9372,#9380,#9382,.T.);
#9380 = VERTEX_POINT('',#9381);
#9381 = CARTESIAN_POINT('',(74.,-4.,1.));
#9382 = LINE('',#9383,#9384);
#9383 = CARTESIAN_POINT('',(-5.,-4.,1.));
#9384 = VECTOR('',#9385,1.);
#9385 = DIRECTION('',(1.,0.,0.));
#9386 = ORIENTED_EDGE('',*,*,#9387,.F.);
#9387 = EDGE_CURVE('',#9388,#9380,#9390,.T.);
#9388 = VERTEX_POINT('',#9389);
#9389 = CARTESIAN_POINT('',(74.,-4.,0.));
#9390 = LINE('',#9391,#9392);
#9391 = CARTESIAN_POINT('',(74.,-4.,0.));
#9392 = VECTOR('',#9393,1.);
#9393 = DIRECTION('',(0.,0.,1.));
#9394 = ORIENTED_EDGE('',*,*,#9395,.F.);
#9395 = EDGE_CURVE('',#9396,#9388,#9398,.T.);
#9396 = VERTEX_POINT('',#9397);
#9397 = CARTESIAN_POINT('',(72.849999999999,-4.,1.E-15));
#9398 = LINE('',#9399,#9400);
#9399 = CARTESIAN_POINT('',(-5.,-4.,0.));
#9400 = VECTOR('',#9401,1.);
#9401 = DIRECTION('',(1.,0.,0.));
#9402 = ORIENTED_EDGE('',*,*,#9403,.F.);
#9403 = EDGE_CURVE('',#9404,#9396,#9406,.T.);
#9404 = VERTEX_POINT('',#9405);
#9405 = CARTESIAN_POINT('',(72.05,-4.,1.E-15));
#9406 = LINE('',#9407,#9408);
#9407 = CARTESIAN_POINT('',(-5.,-4.,0.));
#9408 = VECTOR('',#9409,1.);
#9409 = DIRECTION('',(1.,0.,0.));
#9410 = ORIENTED_EDGE('',*,*,#9411,.F.);
#9411 = EDGE_CURVE('',#9412,#9404,#9414,.T.);
#9412 = VERTEX_POINT('',#9413);
#9413 = CARTESIAN_POINT('',(-2.05,-4.,1.E-15));
#9414 = LINE('',#9415,#9416);
#9415 = CARTESIAN_POINT('',(-5.,-4.,0.));
#9416 = VECTOR('',#9417,1.);
#9417 = DIRECTION('',(1.,0.,0.));
#9418 = ORIENTED_EDGE('',*,*,#9419,.F.);
#9419 = EDGE_CURVE('',#9364,#9412,#9420,.T.);
#9420 = LINE('',#9421,#9422);
#9421 = CARTESIAN_POINT('',(-5.,-4.,0.));
#9422 = VECTOR('',#9423,1.);
#9423 = DIRECTION('',(1.,0.,0.));
#9424 = PLANE('',#9425);
#9425 = AXIS2_PLACEMENT_3D('',#9426,#9427,#9428);
#9426 = CARTESIAN_POINT('',(-5.,-4.,0.));
#9427 = DIRECTION('',(0.,1.,0.));
#9428 = DIRECTION('',(1.,0.,0.));
#9429 = ADVANCED_FACE('',(#9430,#9581),#9615,.F.);
#9430 = FACE_BOUND('',#9431,.F.);
#9431 = EDGE_LOOP('',(#9432,#9440,#9441,#9449,#9457,#9465,#9473,#9479,
    #9480,#9488,#9496,#9504,#9512,#9518,#9519,#9527,#9535,#9543,#9551,
    #9559,#9567,#9575));
#9432 = ORIENTED_EDGE('',*,*,#9433,.F.);
#9433 = EDGE_CURVE('',#9362,#9434,#9436,.T.);
#9434 = VERTEX_POINT('',#9435);
#9435 = CARTESIAN_POINT('',(-5.,-3.,0.));
#9436 = LINE('',#9437,#9438);
#9437 = CARTESIAN_POINT('',(0.710372864652,-8.710372864652,0.));
#9438 = VECTOR('',#9439,1.);
#9439 = DIRECTION('',(-0.707106781187,0.707106781187,0.));
#9440 = ORIENTED_EDGE('',*,*,#9361,.T.);
#9441 = ORIENTED_EDGE('',*,*,#9442,.T.);
#9442 = EDGE_CURVE('',#9364,#9443,#9445,.T.);
#9443 = VERTEX_POINT('',#9444);
#9444 = CARTESIAN_POINT('',(-2.85,1.,0.));
#9445 = LINE('',#9446,#9447);
#9446 = CARTESIAN_POINT('',(-2.85,-4.,8.9E-16));
#9447 = VECTOR('',#9448,1.);
#9448 = DIRECTION('',(0.,1.,-2.2E-16));
#9449 = ORIENTED_EDGE('',*,*,#9450,.T.);
#9450 = EDGE_CURVE('',#9443,#9451,#9453,.T.);
#9451 = VERTEX_POINT('',#9452);
#9452 = CARTESIAN_POINT('',(-2.85,24.,-5.E-15));
#9453 = LINE('',#9454,#9455);
#9454 = CARTESIAN_POINT('',(-2.85,-4.,8.9E-16));
#9455 = VECTOR('',#9456,1.);
#9456 = DIRECTION('',(0.,1.,-2.2E-16));
#9457 = ORIENTED_EDGE('',*,*,#9458,.T.);
#9458 = EDGE_CURVE('',#9451,#9459,#9461,.T.);
#9459 = VERTEX_POINT('',#9460);
#9460 = CARTESIAN_POINT('',(-2.05,24.,-5.E-15));
#9461 = LINE('',#9462,#9463);
#9462 = CARTESIAN_POINT('',(-2.85,24.,-5.11E-15));
#9463 = VECTOR('',#9464,1.);
#9464 = DIRECTION('',(1.,0.,0.));
#9465 = ORIENTED_EDGE('',*,*,#9466,.F.);
#9466 = EDGE_CURVE('',#9467,#9459,#9469,.T.);
#9467 = VERTEX_POINT('',#9468);
#9468 = CARTESIAN_POINT('',(-2.05,1.,0.));
#9469 = LINE('',#9470,#9471);
#9470 = CARTESIAN_POINT('',(-2.05,-4.,8.9E-16));
#9471 = VECTOR('',#9472,1.);
#9472 = DIRECTION('',(0.,1.,-2.2E-16));
#9473 = ORIENTED_EDGE('',*,*,#9474,.F.);
#9474 = EDGE_CURVE('',#9412,#9467,#9475,.T.);
#9475 = LINE('',#9476,#9477);
#9476 = CARTESIAN_POINT('',(-2.05,-4.,8.9E-16));
#9477 = VECTOR('',#9478,1.);
#9478 = DIRECTION('',(0.,1.,-2.2E-16));
#9479 = ORIENTED_EDGE('',*,*,#9411,.T.);
#9480 = ORIENTED_EDGE('',*,*,#9481,.T.);
#9481 = EDGE_CURVE('',#9404,#9482,#9484,.T.);
#9482 = VERTEX_POINT('',#9483);
#9483 = CARTESIAN_POINT('',(72.05,1.,0.));
#9484 = LINE('',#9485,#9486);
#9485 = CARTESIAN_POINT('',(72.05,-4.,8.9E-16));
#9486 = VECTOR('',#9487,1.);
#9487 = DIRECTION('',(0.,1.,-2.2E-16));
#9488 = ORIENTED_EDGE('',*,*,#9489,.T.);
#9489 = EDGE_CURVE('',#9482,#9490,#9492,.T.);
#9490 = VERTEX_POINT('',#9491);
#9491 = CARTESIAN_POINT('',(72.05,24.,-5.E-15));
#9492 = LINE('',#9493,#9494);
#9493 = CARTESIAN_POINT('',(72.05,-4.,8.9E-16));
#9494 = VECTOR('',#9495,1.);
#9495 = DIRECTION('',(0.,1.,-2.2E-16));
#9496 = ORIENTED_EDGE('',*,*,#9497,.F.);
#9497 = EDGE_CURVE('',#9498,#9490,#9500,.T.);
#9498 = VERTEX_POINT('',#9499);
#9499 = CARTESIAN_POINT('',(72.849999999999,24.,-5.E-15));
#9500 = LINE('',#9501,#9502);
#9501 = CARTESIAN_POINT('',(72.849999999999,24.,-5.11E-15));
#9502 = VECTOR('',#9503,1.);
#9503 = DIRECTION('',(-1.,0.,0.));
#9504 = ORIENTED_EDGE('',*,*,#9505,.F.);
#9505 = EDGE_CURVE('',#9506,#9498,#9508,.T.);
#9506 = VERTEX_POINT('',#9507);
#9507 = CARTESIAN_POINT('',(72.849999999999,1.,0.));
#9508 = LINE('',#9509,#9510);
#9509 = CARTESIAN_POINT('',(72.849999999999,-4.,8.9E-16));
#9510 = VECTOR('',#9511,1.);
#9511 = DIRECTION('',(0.,1.,-2.2E-16));
#9512 = ORIENTED_EDGE('',*,*,#9513,.F.);
#9513 = EDGE_CURVE('',#9396,#9506,#9514,.T.);
#9514 = LINE('',#9515,#9516);
#9515 = CARTESIAN_POINT('',(72.849999999999,-4.,8.9E-16));
#9516 = VECTOR('',#9517,1.);
#9517 = DIRECTION('',(0.,1.,-2.2E-16));
#9518 = ORIENTED_EDGE('',*,*,#9395,.T.);
#9519 = ORIENTED_EDGE('',*,*,#9520,.T.);
#9520 = EDGE_CURVE('',#9388,#9521,#9523,.T.);
#9521 = VERTEX_POINT('',#9522);
#9522 = CARTESIAN_POINT('',(75.,-3.,0.));
#9523 = LINE('',#9524,#9525);
#9524 = CARTESIAN_POINT('',(69.289627135348,-8.710372864652,0.));
#9525 = VECTOR('',#9526,1.);
#9526 = DIRECTION('',(0.707106781187,0.707106781187,0.));
#9527 = ORIENTED_EDGE('',*,*,#9528,.T.);
#9528 = EDGE_CURVE('',#9521,#9529,#9531,.T.);
#9529 = VERTEX_POINT('',#9530);
#9530 = CARTESIAN_POINT('',(75.,53.,0.));
#9531 = LINE('',#9532,#9533);
#9532 = CARTESIAN_POINT('',(75.,-4.,0.));
#9533 = VECTOR('',#9534,1.);
#9534 = DIRECTION('',(0.,1.,0.));
#9535 = ORIENTED_EDGE('',*,*,#9536,.T.);
#9536 = EDGE_CURVE('',#9529,#9537,#9539,.T.);
#9537 = VERTEX_POINT('',#9538);
#9538 = CARTESIAN_POINT('',(70.25,53.,0.));
#9539 = LINE('',#9540,#9541);
#9540 = CARTESIAN_POINT('',(75.,53.,0.));
#9541 = VECTOR('',#9542,1.);
#9542 = DIRECTION('',(-1.,0.,0.));
#9543 = ORIENTED_EDGE('',*,*,#9544,.T.);
#9544 = EDGE_CURVE('',#9537,#9545,#9547,.T.);
#9545 = VERTEX_POINT('',#9546);
#9546 = CARTESIAN_POINT('',(70.25,-0.25,0.));
#9547 = LINE('',#9548,#9549);
#9548 = CARTESIAN_POINT('',(70.25,53.,0.));
#9549 = VECTOR('',#9550,1.);
#9550 = DIRECTION('',(0.,-1.,0.));
#9551 = ORIENTED_EDGE('',*,*,#9552,.T.);
#9552 = EDGE_CURVE('',#9545,#9553,#9555,.T.);
#9553 = VERTEX_POINT('',#9554);
#9554 = CARTESIAN_POINT('',(-0.25,-0.25,0.));
#9555 = LINE('',#9556,#9557);
#9556 = CARTESIAN_POINT('',(70.25,-0.25,0.));
#9557 = VECTOR('',#9558,1.);
#9558 = DIRECTION('',(-1.,0.,0.));
#9559 = ORIENTED_EDGE('',*,*,#9560,.T.);
#9560 = EDGE_CURVE('',#9553,#9561,#9563,.T.);
#9561 = VERTEX_POINT('',#9562);
#9562 = CARTESIAN_POINT('',(-0.25,53.,0.));
#9563 = LINE('',#9564,#9565);
#9564 = CARTESIAN_POINT('',(-0.25,-0.25,0.));
#9565 = VECTOR('',#9566,1.);
#9566 = DIRECTION('',(0.,1.,0.));
#9567 = ORIENTED_EDGE('',*,*,#9568,.T.);
#9568 = EDGE_CURVE('',#9561,#9569,#9571,.T.);
#9569 = VERTEX_POINT('',#9570);
#9570 = CARTESIAN_POINT('',(-5.,53.,0.));
#9571 = LINE('',#9572,#9573);
#9572 = CARTESIAN_POINT('',(-0.25,53.,0.));
#9573 = VECTOR('',#9574,1.);
#9574 = DIRECTION('',(-1.,0.,0.));
#9575 = ORIENTED_EDGE('',*,*,#9576,.T.);
#9576 = EDGE_CURVE('',#9569,#9434,#9577,.T.);
#9577 = LINE('',#9578,#9579);
#9578 = CARTESIAN_POINT('',(-5.,53.,0.));
#9579 = VECTOR('',#9580,1.);
#9580 = DIRECTION('',(2.E-17,-1.,0.));
#9581 = FACE_BOUND('',#9582,.F.);
#9582 = EDGE_LOOP('',(#9583,#9593,#9601,#9609));
#9583 = ORIENTED_EDGE('',*,*,#9584,.T.);
#9584 = EDGE_CURVE('',#9585,#9587,#9589,.T.);
#9585 = VERTEX_POINT('',#9586);
#9586 = CARTESIAN_POINT('',(69.9,-2.15,0.));
#9587 = VERTEX_POINT('',#9588);
#9588 = CARTESIAN_POINT('',(1.E-01,-2.15,0.));
#9589 = LINE('',#9590,#9591);
#9590 = CARTESIAN_POINT('',(69.9,-2.15,0.));
#9591 = VECTOR('',#9592,1.);
#9592 = DIRECTION('',(-1.,0.,0.));
#9593 = ORIENTED_EDGE('',*,*,#9594,.T.);
#9594 = EDGE_CURVE('',#9587,#9595,#9597,.T.);
#9595 = VERTEX_POINT('',#9596);
#9596 = CARTESIAN_POINT('',(0.1,-0.85,0.));
#9597 = LINE('',#9598,#9599);
#9598 = CARTESIAN_POINT('',(0.1,-2.15,0.));
#9599 = VECTOR('',#9600,1.);
#9600 = DIRECTION('',(0.,1.,0.));
#9601 = ORIENTED_EDGE('',*,*,#9602,.T.);
#9602 = EDGE_CURVE('',#9595,#9603,#9605,.T.);
#9603 = VERTEX_POINT('',#9604);
#9604 = CARTESIAN_POINT('',(69.9,-0.85,0.));
#9605 = LINE('',#9606,#9607);
#9606 = CARTESIAN_POINT('',(0.1,-0.85,0.));
#9607 = VECTOR('',#9608,1.);
#9608 = DIRECTION('',(1.,0.,0.));
#9609 = ORIENTED_EDGE('',*,*,#9610,.T.);
#9610 = EDGE_CURVE('',#9603,#9585,#9611,.T.);
#9611 = LINE('',#9612,#9613);
#9612 = CARTESIAN_POINT('',(69.9,-0.85,0.));
#9613 = VECTOR('',#9614,1.);
#9614 = DIRECTION('',(0.,-1.,0.));
#9615 = PLANE('',#9616);
#9616 = AXIS2_PLACEMENT_3D('',#9617,#9618,#9619);
#9617 = CARTESIAN_POINT('',(35.,15.158508541393,0.));
#9618 = DIRECTION('',(0.,0.,1.));
#9619 = DIRECTION('',(1.,0.,0.));
#9620 = ADVANCED_FACE('',(#9621),#9632,.T.);
#9621 = FACE_BOUND('',#9622,.T.);
#9622 = EDGE_LOOP('',(#9623,#9624,#9630,#9631));
#9623 = ORIENTED_EDGE('',*,*,#9442,.T.);
#9624 = ORIENTED_EDGE('',*,*,#9625,.T.);
#9625 = EDGE_CURVE('',#9443,#9467,#9626,.T.);
#9626 = LINE('',#9627,#9628);
#9627 = CARTESIAN_POINT('',(-5.,1.,-1.E-15));
#9628 = VECTOR('',#9629,1.);
#9629 = DIRECTION('',(1.,0.,0.));
#9630 = ORIENTED_EDGE('',*,*,#9474,.F.);
#9631 = ORIENTED_EDGE('',*,*,#9419,.F.);
#9632 = PLANE('',#9633);
#9633 = AXIS2_PLACEMENT_3D('',#9634,#9635,#9636);
#9634 = CARTESIAN_POINT('',(-2.85,-4.,0.));
#9635 = DIRECTION('',(0.,-2.5E-16,-1.));
#9636 = DIRECTION('',(1.,0.,0.));
#9637 = ADVANCED_FACE('',(#9638),#9649,.T.);
#9638 = FACE_BOUND('',#9639,.T.);
#9639 = EDGE_LOOP('',(#9640,#9641,#9647,#9648));
#9640 = ORIENTED_EDGE('',*,*,#9481,.T.);
#9641 = ORIENTED_EDGE('',*,*,#9642,.T.);
#9642 = EDGE_CURVE('',#9482,#9506,#9643,.T.);
#9643 = LINE('',#9644,#9645);
#9644 = CARTESIAN_POINT('',(-5.,1.,-1.E-15));
#9645 = VECTOR('',#9646,1.);
#9646 = DIRECTION('',(1.,0.,0.));
#9647 = ORIENTED_EDGE('',*,*,#9513,.F.);
#9648 = ORIENTED_EDGE('',*,*,#9403,.F.);
#9649 = PLANE('',#9650);
#9650 = AXIS2_PLACEMENT_3D('',#9651,#9652,#9653);
#9651 = CARTESIAN_POINT('',(72.05,-4.,0.));
#9652 = DIRECTION('',(0.,-2.5E-16,-1.));
#9653 = DIRECTION('',(1.,0.,0.));
#9654 = ADVANCED_FACE('',(#9655),#9673,.T.);
#9655 = FACE_BOUND('',#9656,.T.);
#9656 = EDGE_LOOP('',(#9657,#9658,#9659,#9667));
#9657 = ORIENTED_EDGE('',*,*,#9433,.F.);
#9658 = ORIENTED_EDGE('',*,*,#9371,.T.);
#9659 = ORIENTED_EDGE('',*,*,#9660,.T.);
#9660 = EDGE_CURVE('',#9372,#9661,#9663,.T.);
#9661 = VERTEX_POINT('',#9662);
#9662 = CARTESIAN_POINT('',(-5.,-3.,2.));
#9663 = LINE('',#9664,#9665);
#9664 = CARTESIAN_POINT('',(-4.333333333333,-3.666666666667,
    1.333333333333));
#9665 = VECTOR('',#9666,1.);
#9666 = DIRECTION('',(-0.57735026919,0.57735026919,0.57735026919));
#9667 = ORIENTED_EDGE('',*,*,#9668,.F.);
#9668 = EDGE_CURVE('',#9434,#9661,#9669,.T.);
#9669 = LINE('',#9670,#9671);
#9670 = CARTESIAN_POINT('',(-5.,-3.,0.));
#9671 = VECTOR('',#9672,1.);
#9672 = DIRECTION('',(0.,0.,1.));
#9673 = PLANE('',#9674);
#9674 = AXIS2_PLACEMENT_3D('',#9675,#9676,#9677);
#9675 = CARTESIAN_POINT('',(-4.5,-3.5,0.));
#9676 = DIRECTION('',(-0.707106781187,-0.707106781187,0.));
#9677 = DIRECTION('',(0.,0.,1.));
#9678 = ADVANCED_FACE('',(#9679),#9697,.T.);
#9679 = FACE_BOUND('',#9680,.F.);
#9680 = EDGE_LOOP('',(#9681,#9682,#9683,#9691));
#9681 = ORIENTED_EDGE('',*,*,#9520,.F.);
#9682 = ORIENTED_EDGE('',*,*,#9387,.T.);
#9683 = ORIENTED_EDGE('',*,*,#9684,.T.);
#9684 = EDGE_CURVE('',#9380,#9685,#9687,.T.);
#9685 = VERTEX_POINT('',#9686);
#9686 = CARTESIAN_POINT('',(75.,-3.,2.));
#9687 = LINE('',#9688,#9689);
#9688 = CARTESIAN_POINT('',(61.,-17.,-12.));
#9689 = VECTOR('',#9690,1.);
#9690 = DIRECTION('',(0.57735026919,0.57735026919,0.57735026919));
#9691 = ORIENTED_EDGE('',*,*,#9692,.F.);
#9692 = EDGE_CURVE('',#9521,#9685,#9693,.T.);
#9693 = LINE('',#9694,#9695);
#9694 = CARTESIAN_POINT('',(75.,-3.,0.));
#9695 = VECTOR('',#9696,1.);
#9696 = DIRECTION('',(0.,0.,1.));
#9697 = PLANE('',#9698);
#9698 = AXIS2_PLACEMENT_3D('',#9699,#9700,#9701);
#9699 = CARTESIAN_POINT('',(74.5,-3.5,0.));
#9700 = DIRECTION('',(0.707106781187,-0.707106781187,0.));
#9701 = DIRECTION('',(-0.,-0.,-1.));
#9702 = ADVANCED_FACE('',(#9703),#9714,.F.);
#9703 = FACE_BOUND('',#9704,.T.);
#9704 = EDGE_LOOP('',(#9705,#9706,#9707,#9708));
#9705 = ORIENTED_EDGE('',*,*,#9660,.F.);
#9706 = ORIENTED_EDGE('',*,*,#9379,.T.);
#9707 = ORIENTED_EDGE('',*,*,#9684,.T.);
#9708 = ORIENTED_EDGE('',*,*,#9709,.F.);
#9709 = EDGE_CURVE('',#9661,#9685,#9710,.T.);
#9710 = LINE('',#9711,#9712);
#9711 = CARTESIAN_POINT('',(-5.,-3.,2.));
#9712 = VECTOR('',#9713,1.);
#9713 = DIRECTION('',(1.,0.,0.));
#9714 = PLANE('',#9715);
#9715 = AXIS2_PLACEMENT_3D('',#9716,#9717,#9718);
#9716 = CARTESIAN_POINT('',(-5.,-3.5,1.5));
#9717 = DIRECTION('',(0.,0.707106781187,-0.707106781187));
#9718 = DIRECTION('',(-1.,-0.,-0.));
#9719 = ADVANCED_FACE('',(#9720),#9738,.F.);
#9720 = FACE_BOUND('',#9721,.F.);
#9721 = EDGE_LOOP('',(#9722,#9723,#9731,#9737));
#9722 = ORIENTED_EDGE('',*,*,#9576,.F.);
#9723 = ORIENTED_EDGE('',*,*,#9724,.T.);
#9724 = EDGE_CURVE('',#9569,#9725,#9727,.T.);
#9725 = VERTEX_POINT('',#9726);
#9726 = CARTESIAN_POINT('',(-5.,53.,2.));
#9727 = LINE('',#9728,#9729);
#9728 = CARTESIAN_POINT('',(-5.,53.,0.));
#9729 = VECTOR('',#9730,1.);
#9730 = DIRECTION('',(0.,0.,1.));
#9731 = ORIENTED_EDGE('',*,*,#9732,.T.);
#9732 = EDGE_CURVE('',#9725,#9661,#9733,.T.);
#9733 = LINE('',#9734,#9735);
#9734 = CARTESIAN_POINT('',(-5.,53.,2.));
#9735 = VECTOR('',#9736,1.);
#9736 = DIRECTION('',(2.E-17,-1.,0.));
#9737 = ORIENTED_EDGE('',*,*,#9668,.F.);
#9738 = PLANE('',#9739);
#9739 = AXIS2_PLACEMENT_3D('',#9740,#9741,#9742);
#9740 = CARTESIAN_POINT('',(-5.,53.,0.));
#9741 = DIRECTION('',(1.,2.E-17,0.));
#9742 = DIRECTION('',(2.E-17,-1.,0.));
#9743 = ADVANCED_FACE('',(#9744),#9762,.F.);
#9744 = FACE_BOUND('',#9745,.F.);
#9745 = EDGE_LOOP('',(#9746,#9754,#9760,#9761));
#9746 = ORIENTED_EDGE('',*,*,#9747,.T.);
#9747 = EDGE_CURVE('',#9561,#9748,#9750,.T.);
#9748 = VERTEX_POINT('',#9749);
#9749 = CARTESIAN_POINT('',(-0.25,53.,2.));
#9750 = LINE('',#9751,#9752);
#9751 = CARTESIAN_POINT('',(-0.25,53.,0.));
#9752 = VECTOR('',#9753,1.);
#9753 = DIRECTION('',(0.,0.,1.));
#9754 = ORIENTED_EDGE('',*,*,#9755,.T.);
#9755 = EDGE_CURVE('',#9748,#9725,#9756,.T.);
#9756 = LINE('',#9757,#9758);
#9757 = CARTESIAN_POINT('',(-0.25,53.,2.));
#9758 = VECTOR('',#9759,1.);
#9759 = DIRECTION('',(-1.,0.,0.));
#9760 = ORIENTED_EDGE('',*,*,#9724,.F.);
#9761 = ORIENTED_EDGE('',*,*,#9568,.F.);
#9762 = PLANE('',#9763);
#9763 = AXIS2_PLACEMENT_3D('',#9764,#9765,#9766);
#9764 = CARTESIAN_POINT('',(-0.25,53.,0.));
#9765 = DIRECTION('',(0.,-1.,0.));
#9766 = DIRECTION('',(-1.,0.,0.));
#9767 = ADVANCED_FACE('',(#9768),#9793,.T.);
#9768 = FACE_BOUND('',#9769,.T.);
#9769 = EDGE_LOOP('',(#9770,#9778,#9779,#9787));
#9770 = ORIENTED_EDGE('',*,*,#9771,.F.);
#9771 = EDGE_CURVE('',#9443,#9772,#9774,.T.);
#9772 = VERTEX_POINT('',#9773);
#9773 = CARTESIAN_POINT('',(-2.85,1.,-3.5));
#9774 = LINE('',#9775,#9776);
#9775 = CARTESIAN_POINT('',(-2.85,1.,-1.1E-16));
#9776 = VECTOR('',#9777,1.);
#9777 = DIRECTION('',(0.,0.,-1.));
#9778 = ORIENTED_EDGE('',*,*,#9450,.T.);
#9779 = ORIENTED_EDGE('',*,*,#9780,.T.);
#9780 = EDGE_CURVE('',#9451,#9781,#9783,.T.);
#9781 = VERTEX_POINT('',#9782);
#9782 = CARTESIAN_POINT('',(-2.85,24.,-3.5));
#9783 = LINE('',#9784,#9785);
#9784 = CARTESIAN_POINT('',(-2.85,24.,-5.11E-15));
#9785 = VECTOR('',#9786,1.);
#9786 = DIRECTION('',(0.,0.,-1.));
#9787 = ORIENTED_EDGE('',*,*,#9788,.F.);
#9788 = EDGE_CURVE('',#9772,#9781,#9789,.T.);
#9789 = LINE('',#9790,#9791);
#9790 = CARTESIAN_POINT('',(-2.85,-4.,-3.5));
#9791 = VECTOR('',#9792,1.);
#9792 = DIRECTION('',(0.,1.,-2.2E-16));
#9793 = PLANE('',#9794);
#9794 = AXIS2_PLACEMENT_3D('',#9795,#9796,#9797);
#9795 = CARTESIAN_POINT('',(-2.85,-4.,8.9E-16));
#9796 = DIRECTION('',(-1.,0.,0.));
#9797 = DIRECTION('',(-0.,-2.2E-16,-1.));
#9798 = ADVANCED_FACE('',(#9799),#9833,.F.);
#9799 = FACE_BOUND('',#9800,.F.);
#9800 = EDGE_LOOP('',(#9801,#9802,#9810,#9818,#9826,#9832));
#9801 = ORIENTED_EDGE('',*,*,#9560,.F.);
#9802 = ORIENTED_EDGE('',*,*,#9803,.T.);
#9803 = EDGE_CURVE('',#9553,#9804,#9806,.T.);
#9804 = VERTEX_POINT('',#9805);
#9805 = CARTESIAN_POINT('',(-0.25,-0.25,1.65));
#9806 = LINE('',#9807,#9808);
#9807 = CARTESIAN_POINT('',(-0.25,-0.25,0.));
#9808 = VECTOR('',#9809,1.);
#9809 = DIRECTION('',(0.,0.,1.));
#9810 = ORIENTED_EDGE('',*,*,#9811,.T.);
#9811 = EDGE_CURVE('',#9804,#9812,#9814,.T.);
#9812 = VERTEX_POINT('',#9813);
#9813 = CARTESIAN_POINT('',(-0.25,28.75,1.65));
#9814 = LINE('',#9815,#9816);
#9815 = CARTESIAN_POINT('',(-0.25,-0.25,1.65));
#9816 = VECTOR('',#9817,1.);
#9817 = DIRECTION('',(0.,1.,-2.2E-16));
#9818 = ORIENTED_EDGE('',*,*,#9819,.T.);
#9819 = EDGE_CURVE('',#9812,#9820,#9822,.T.);
#9820 = VERTEX_POINT('',#9821);
#9821 = CARTESIAN_POINT('',(-0.25,28.75,2.));
#9822 = LINE('',#9823,#9824);
#9823 = CARTESIAN_POINT('',(-0.25,28.75,1.65));
#9824 = VECTOR('',#9825,1.);
#9825 = DIRECTION('',(0.,0.,1.));
#9826 = ORIENTED_EDGE('',*,*,#9827,.T.);
#9827 = EDGE_CURVE('',#9820,#9748,#9828,.T.);
#9828 = LINE('',#9829,#9830);
#9829 = CARTESIAN_POINT('',(-0.25,-0.25,2.));
#9830 = VECTOR('',#9831,1.);
#9831 = DIRECTION('',(0.,1.,0.));
#9832 = ORIENTED_EDGE('',*,*,#9747,.F.);
#9833 = PLANE('',#9834);
#9834 = AXIS2_PLACEMENT_3D('',#9835,#9836,#9837);
#9835 = CARTESIAN_POINT('',(-0.25,-0.25,0.));
#9836 = DIRECTION('',(-1.,0.,0.));
#9837 = DIRECTION('',(0.,1.,0.));
#9838 = ADVANCED_FACE('',(#9839),#9889,.T.);
#9839 = FACE_BOUND('',#9840,.F.);
#9840 = EDGE_LOOP('',(#9841,#9842,#9850,#9858,#9866,#9874,#9882,#9888));
#9841 = ORIENTED_EDGE('',*,*,#9780,.T.);
#9842 = ORIENTED_EDGE('',*,*,#9843,.T.);
#9843 = EDGE_CURVE('',#9781,#9844,#9846,.T.);
#9844 = VERTEX_POINT('',#9845);
#9845 = CARTESIAN_POINT('',(-2.25,24.,-4.1));
#9846 = LINE('',#9847,#9848);
#9847 = CARTESIAN_POINT('',(-2.85,24.,-3.5));
#9848 = VECTOR('',#9849,1.);
#9849 = DIRECTION('',(0.707106781187,0.,-0.707106781187));
#9850 = ORIENTED_EDGE('',*,*,#9851,.T.);
#9851 = EDGE_CURVE('',#9844,#9852,#9854,.T.);
#9852 = VERTEX_POINT('',#9853);
#9853 = CARTESIAN_POINT('',(-2.05,24.,-4.1));
#9854 = LINE('',#9855,#9856);
#9855 = CARTESIAN_POINT('',(-2.25,24.,-4.1));
#9856 = VECTOR('',#9857,1.);
#9857 = DIRECTION('',(1.,0.,0.));
#9858 = ORIENTED_EDGE('',*,*,#9859,.T.);
#9859 = EDGE_CURVE('',#9852,#9860,#9862,.T.);
#9860 = VERTEX_POINT('',#9861);
#9861 = CARTESIAN_POINT('',(-1.45,24.,-3.5));
#9862 = LINE('',#9863,#9864);
#9863 = CARTESIAN_POINT('',(-2.05,24.,-4.1));
#9864 = VECTOR('',#9865,1.);
#9865 = DIRECTION('',(0.707106781187,0.,0.707106781187));
#9866 = ORIENTED_EDGE('',*,*,#9867,.T.);
#9867 = EDGE_CURVE('',#9860,#9868,#9870,.T.);
#9868 = VERTEX_POINT('',#9869);
#9869 = CARTESIAN_POINT('',(-1.45,24.,-3.3));
#9870 = LINE('',#9871,#9872);
#9871 = CARTESIAN_POINT('',(-1.45,24.,-3.5));
#9872 = VECTOR('',#9873,1.);
#9873 = DIRECTION('',(0.,0.,1.));
#9874 = ORIENTED_EDGE('',*,*,#9875,.T.);
#9875 = EDGE_CURVE('',#9868,#9876,#9878,.T.);
#9876 = VERTEX_POINT('',#9877);
#9877 = CARTESIAN_POINT('',(-2.05,24.,-2.7));
#9878 = LINE('',#9879,#9880);
#9879 = CARTESIAN_POINT('',(-1.45,24.,-3.3));
#9880 = VECTOR('',#9881,1.);
#9881 = DIRECTION('',(-0.707106781187,0.,0.707106781187));
#9882 = ORIENTED_EDGE('',*,*,#9883,.T.);
#9883 = EDGE_CURVE('',#9876,#9459,#9884,.T.);
#9884 = LINE('',#9885,#9886);
#9885 = CARTESIAN_POINT('',(-2.05,24.,-2.7));
#9886 = VECTOR('',#9887,1.);
#9887 = DIRECTION('',(0.,0.,1.));
#9888 = ORIENTED_EDGE('',*,*,#9458,.F.);
#9889 = PLANE('',#9890);
#9890 = AXIS2_PLACEMENT_3D('',#9891,#9892,#9893);
#9891 = CARTESIAN_POINT('',(35.000000000009,24.,-2.037527149405));
#9892 = DIRECTION('',(0.,1.,-2.5E-16));
#9893 = DIRECTION('',(0.,2.5E-16,1.));
#9894 = ADVANCED_FACE('',(#9895),#9913,.F.);
#9895 = FACE_BOUND('',#9896,.F.);
#9896 = EDGE_LOOP('',(#9897,#9898,#9906,#9912));
#9897 = ORIENTED_EDGE('',*,*,#9552,.F.);
#9898 = ORIENTED_EDGE('',*,*,#9899,.T.);
#9899 = EDGE_CURVE('',#9545,#9900,#9902,.T.);
#9900 = VERTEX_POINT('',#9901);
#9901 = CARTESIAN_POINT('',(70.25,-0.25,1.65));
#9902 = LINE('',#9903,#9904);
#9903 = CARTESIAN_POINT('',(70.25,-0.25,0.));
#9904 = VECTOR('',#9905,1.);
#9905 = DIRECTION('',(0.,0.,1.));
#9906 = ORIENTED_EDGE('',*,*,#9907,.T.);
#9907 = EDGE_CURVE('',#9900,#9804,#9908,.T.);
#9908 = LINE('',#9909,#9910);
#9909 = CARTESIAN_POINT('',(70.25,-0.25,1.65));
#9910 = VECTOR('',#9911,1.);
#9911 = DIRECTION('',(-1.,0.,0.));
#9912 = ORIENTED_EDGE('',*,*,#9803,.F.);
#9913 = PLANE('',#9914);
#9914 = AXIS2_PLACEMENT_3D('',#9915,#9916,#9917);
#9915 = CARTESIAN_POINT('',(70.25,-0.25,0.));
#9916 = DIRECTION('',(0.,-1.,0.));
#9917 = DIRECTION('',(-1.,0.,0.));
#9918 = ADVANCED_FACE('',(#9919),#9937,.T.);
#9919 = FACE_BOUND('',#9920,.T.);
#9920 = EDGE_LOOP('',(#9921,#9929,#9935,#9936));
#9921 = ORIENTED_EDGE('',*,*,#9922,.F.);
#9922 = EDGE_CURVE('',#9923,#9467,#9925,.T.);
#9923 = VERTEX_POINT('',#9924);
#9924 = CARTESIAN_POINT('',(-2.05,1.,-2.7));
#9925 = LINE('',#9926,#9927);
#9926 = CARTESIAN_POINT('',(-2.05,1.,-2.7));
#9927 = VECTOR('',#9928,1.);
#9928 = DIRECTION('',(0.,0.,1.));
#9929 = ORIENTED_EDGE('',*,*,#9930,.T.);
#9930 = EDGE_CURVE('',#9923,#9876,#9931,.T.);
#9931 = LINE('',#9932,#9933);
#9932 = CARTESIAN_POINT('',(-2.05,-4.,-2.7));
#9933 = VECTOR('',#9934,1.);
#9934 = DIRECTION('',(0.,1.,-2.2E-16));
#9935 = ORIENTED_EDGE('',*,*,#9883,.T.);
#9936 = ORIENTED_EDGE('',*,*,#9466,.F.);
#9937 = PLANE('',#9938);
#9938 = AXIS2_PLACEMENT_3D('',#9939,#9940,#9941);
#9939 = CARTESIAN_POINT('',(-2.05,-4.,-2.7));
#9940 = DIRECTION('',(1.,0.,0.));
#9941 = DIRECTION('',(0.,2.2E-16,1.));
#9942 = ADVANCED_FACE('',(#9943),#9977,.F.);
#9943 = FACE_BOUND('',#9944,.F.);
#9944 = EDGE_LOOP('',(#9945,#9946,#9954,#9962,#9970,#9976));
#9945 = ORIENTED_EDGE('',*,*,#9544,.F.);
#9946 = ORIENTED_EDGE('',*,*,#9947,.T.);
#9947 = EDGE_CURVE('',#9537,#9948,#9950,.T.);
#9948 = VERTEX_POINT('',#9949);
#9949 = CARTESIAN_POINT('',(70.25,53.,2.));
#9950 = LINE('',#9951,#9952);
#9951 = CARTESIAN_POINT('',(70.25,53.,0.));
#9952 = VECTOR('',#9953,1.);
#9953 = DIRECTION('',(0.,0.,1.));
#9954 = ORIENTED_EDGE('',*,*,#9955,.T.);
#9955 = EDGE_CURVE('',#9948,#9956,#9958,.T.);
#9956 = VERTEX_POINT('',#9957);
#9957 = CARTESIAN_POINT('',(70.25,28.75,2.));
#9958 = LINE('',#9959,#9960);
#9959 = CARTESIAN_POINT('',(70.25,53.,2.));
#9960 = VECTOR('',#9961,1.);
#9961 = DIRECTION('',(0.,-1.,0.));
#9962 = ORIENTED_EDGE('',*,*,#9963,.T.);
#9963 = EDGE_CURVE('',#9956,#9964,#9966,.T.);
#9964 = VERTEX_POINT('',#9965);
#9965 = CARTESIAN_POINT('',(70.25,28.75,1.65));
#9966 = LINE('',#9967,#9968);
#9967 = CARTESIAN_POINT('',(70.25,28.75,2.));
#9968 = VECTOR('',#9969,1.);
#9969 = DIRECTION('',(0.,0.,-1.));
#9970 = ORIENTED_EDGE('',*,*,#9971,.F.);
#9971 = EDGE_CURVE('',#9900,#9964,#9972,.T.);
#9972 = LINE('',#9973,#9974);
#9973 = CARTESIAN_POINT('',(70.25,-0.25,1.65));
#9974 = VECTOR('',#9975,1.);
#9975 = DIRECTION('',(0.,1.,-2.2E-16));
#9976 = ORIENTED_EDGE('',*,*,#9899,.F.);
#9977 = PLANE('',#9978);
#9978 = AXIS2_PLACEMENT_3D('',#9979,#9980,#9981);
#9979 = CARTESIAN_POINT('',(70.25,53.,0.));
#9980 = DIRECTION('',(1.,0.,0.));
#9981 = DIRECTION('',(0.,-1.,0.));
#9982 = ADVANCED_FACE('',(#9983),#10001,.F.);
#9983 = FACE_BOUND('',#9984,.F.);
#9984 = EDGE_LOOP('',(#9985,#9993,#9999,#10000));
#9985 = ORIENTED_EDGE('',*,*,#9986,.T.);
#9986 = EDGE_CURVE('',#9529,#9987,#9989,.T.);
#9987 = VERTEX_POINT('',#9988);
#9988 = CARTESIAN_POINT('',(75.,53.,2.));
#9989 = LINE('',#9990,#9991);
#9990 = CARTESIAN_POINT('',(75.,53.,0.));
#9991 = VECTOR('',#9992,1.);
#9992 = DIRECTION('',(0.,0.,1.));
#9993 = ORIENTED_EDGE('',*,*,#9994,.T.);
#9994 = EDGE_CURVE('',#9987,#9948,#9995,.T.);
#9995 = LINE('',#9996,#9997);
#9996 = CARTESIAN_POINT('',(75.,53.,2.));
#9997 = VECTOR('',#9998,1.);
#9998 = DIRECTION('',(-1.,0.,0.));
#9999 = ORIENTED_EDGE('',*,*,#9947,.F.);
#10000 = ORIENTED_EDGE('',*,*,#9536,.F.);
#10001 = PLANE('',#10002);
#10002 = AXIS2_PLACEMENT_3D('',#10003,#10004,#10005);
#10003 = CARTESIAN_POINT('',(75.,53.,0.));
#10004 = DIRECTION('',(0.,-1.,0.));
#10005 = DIRECTION('',(-1.,0.,0.));
#10006 = ADVANCED_FACE('',(#10007),#10018,.F.);
#10007 = FACE_BOUND('',#10008,.F.);
#10008 = EDGE_LOOP('',(#10009,#10010,#10011,#10017));
#10009 = ORIENTED_EDGE('',*,*,#9528,.F.);
#10010 = ORIENTED_EDGE('',*,*,#9692,.T.);
#10011 = ORIENTED_EDGE('',*,*,#10012,.T.);
#10012 = EDGE_CURVE('',#9685,#9987,#10013,.T.);
#10013 = LINE('',#10014,#10015);
#10014 = CARTESIAN_POINT('',(75.,-4.,2.));
#10015 = VECTOR('',#10016,1.);
#10016 = DIRECTION('',(0.,1.,0.));
#10017 = ORIENTED_EDGE('',*,*,#9986,.F.);
#10018 = PLANE('',#10019);
#10019 = AXIS2_PLACEMENT_3D('',#10020,#10021,#10022);
#10020 = CARTESIAN_POINT('',(75.,-4.,0.));
#10021 = DIRECTION('',(-1.,0.,0.));
#10022 = DIRECTION('',(0.,1.,0.));
#10023 = ADVANCED_FACE('',(#10024),#10049,.T.);
#10024 = FACE_BOUND('',#10025,.T.);
#10025 = EDGE_LOOP('',(#10026,#10034,#10035,#10043));
#10026 = ORIENTED_EDGE('',*,*,#10027,.F.);
#10027 = EDGE_CURVE('',#9482,#10028,#10030,.T.);
#10028 = VERTEX_POINT('',#10029);
#10029 = CARTESIAN_POINT('',(72.05,1.,-2.700000000001));
#10030 = LINE('',#10031,#10032);
#10031 = CARTESIAN_POINT('',(72.05,1.,-1.1E-16));
#10032 = VECTOR('',#10033,1.);
#10033 = DIRECTION('',(0.,0.,-1.));
#10034 = ORIENTED_EDGE('',*,*,#9489,.T.);
#10035 = ORIENTED_EDGE('',*,*,#10036,.T.);
#10036 = EDGE_CURVE('',#9490,#10037,#10039,.T.);
#10037 = VERTEX_POINT('',#10038);
#10038 = CARTESIAN_POINT('',(72.05,24.,-2.700000000001));
#10039 = LINE('',#10040,#10041);
#10040 = CARTESIAN_POINT('',(72.05,24.,-5.11E-15));
#10041 = VECTOR('',#10042,1.);
#10042 = DIRECTION('',(0.,0.,-1.));
#10043 = ORIENTED_EDGE('',*,*,#10044,.F.);
#10044 = EDGE_CURVE('',#10028,#10037,#10045,.T.);
#10045 = LINE('',#10046,#10047);
#10046 = CARTESIAN_POINT('',(72.05,-4.,-2.700000000001));
#10047 = VECTOR('',#10048,1.);
#10048 = DIRECTION('',(0.,1.,-2.2E-16));
#10049 = PLANE('',#10050);
#10050 = AXIS2_PLACEMENT_3D('',#10051,#10052,#10053);
#10051 = CARTESIAN_POINT('',(72.05,-4.,8.9E-16));
#10052 = DIRECTION('',(-1.,0.,0.));
#10053 = DIRECTION('',(-0.,-2.2E-16,-1.));
#10054 = ADVANCED_FACE('',(#10055),#10105,.T.);
#10055 = FACE_BOUND('',#10056,.F.);
#10056 = EDGE_LOOP('',(#10057,#10058,#10066,#10074,#10082,#10090,#10098,
    #10104));
#10057 = ORIENTED_EDGE('',*,*,#10036,.T.);
#10058 = ORIENTED_EDGE('',*,*,#10059,.T.);
#10059 = EDGE_CURVE('',#10037,#10060,#10062,.T.);
#10060 = VERTEX_POINT('',#10061);
#10061 = CARTESIAN_POINT('',(71.449999999999,24.,-3.300000000002));
#10062 = LINE('',#10063,#10064);
#10063 = CARTESIAN_POINT('',(72.05,24.,-2.700000000001));
#10064 = VECTOR('',#10065,1.);
#10065 = DIRECTION('',(-0.707106781187,-0.,-0.707106781187));
#10066 = ORIENTED_EDGE('',*,*,#10067,.T.);
#10067 = EDGE_CURVE('',#10060,#10068,#10070,.T.);
#10068 = VERTEX_POINT('',#10069);
#10069 = CARTESIAN_POINT('',(71.449999999999,24.,-3.500000000003));
#10070 = LINE('',#10071,#10072);
#10071 = CARTESIAN_POINT('',(71.449999999999,24.,-3.300000000002));
#10072 = VECTOR('',#10073,1.);
#10073 = DIRECTION('',(0.,0.,-1.));
#10074 = ORIENTED_EDGE('',*,*,#10075,.T.);
#10075 = EDGE_CURVE('',#10068,#10076,#10078,.T.);
#10076 = VERTEX_POINT('',#10077);
#10077 = CARTESIAN_POINT('',(72.049999999999,24.,-4.100000000003));
#10078 = LINE('',#10079,#10080);
#10079 = CARTESIAN_POINT('',(71.449999999999,24.,-3.500000000003));
#10080 = VECTOR('',#10081,1.);
#10081 = DIRECTION('',(0.707106781187,0.,-0.707106781187));
#10082 = ORIENTED_EDGE('',*,*,#10083,.T.);
#10083 = EDGE_CURVE('',#10076,#10084,#10086,.T.);
#10084 = VERTEX_POINT('',#10085);
#10085 = CARTESIAN_POINT('',(72.249999999999,24.,-4.100000000003));
#10086 = LINE('',#10087,#10088);
#10087 = CARTESIAN_POINT('',(72.049999999999,24.,-4.100000000003));
#10088 = VECTOR('',#10089,1.);
#10089 = DIRECTION('',(1.,0.,0.));
#10090 = ORIENTED_EDGE('',*,*,#10091,.T.);
#10091 = EDGE_CURVE('',#10084,#10092,#10094,.T.);
#10092 = VERTEX_POINT('',#10093);
#10093 = CARTESIAN_POINT('',(72.849999999999,24.,-3.500000000003));
#10094 = LINE('',#10095,#10096);
#10095 = CARTESIAN_POINT('',(72.249999999999,24.,-4.100000000003));
#10096 = VECTOR('',#10097,1.);
#10097 = DIRECTION('',(0.707106781187,0.,0.707106781187));
#10098 = ORIENTED_EDGE('',*,*,#10099,.T.);
#10099 = EDGE_CURVE('',#10092,#9498,#10100,.T.);
#10100 = LINE('',#10101,#10102);
#10101 = CARTESIAN_POINT('',(72.849999999999,24.,-3.500000000003));
#10102 = VECTOR('',#10103,1.);
#10103 = DIRECTION('',(0.,0.,1.));
#10104 = ORIENTED_EDGE('',*,*,#9497,.T.);
#10105 = PLANE('',#10106);
#10106 = AXIS2_PLACEMENT_3D('',#10107,#10108,#10109);
#10107 = CARTESIAN_POINT('',(35.000000000009,24.,-2.037527149405));
#10108 = DIRECTION('',(0.,1.,-2.5E-16));
#10109 = DIRECTION('',(0.,2.5E-16,1.));
#10110 = ADVANCED_FACE('',(#10111),#10129,.T.);
#10111 = FACE_BOUND('',#10112,.T.);
#10112 = EDGE_LOOP('',(#10113,#10121,#10127,#10128));
#10113 = ORIENTED_EDGE('',*,*,#10114,.F.);
#10114 = EDGE_CURVE('',#10115,#9506,#10117,.T.);
#10115 = VERTEX_POINT('',#10116);
#10116 = CARTESIAN_POINT('',(72.849999999999,1.,-3.500000000003));
#10117 = LINE('',#10118,#10119);
#10118 = CARTESIAN_POINT('',(72.849999999999,1.,-3.500000000003));
#10119 = VECTOR('',#10120,1.);
#10120 = DIRECTION('',(0.,0.,1.));
#10121 = ORIENTED_EDGE('',*,*,#10122,.T.);
#10122 = EDGE_CURVE('',#10115,#10092,#10123,.T.);
#10123 = LINE('',#10124,#10125);
#10124 = CARTESIAN_POINT('',(72.849999999999,-4.,-3.500000000003));
#10125 = VECTOR('',#10126,1.);
#10126 = DIRECTION('',(0.,1.,-2.2E-16));
#10127 = ORIENTED_EDGE('',*,*,#10099,.T.);
#10128 = ORIENTED_EDGE('',*,*,#9505,.F.);
#10129 = PLANE('',#10130);
#10130 = AXIS2_PLACEMENT_3D('',#10131,#10132,#10133);
#10131 = CARTESIAN_POINT('',(72.849999999999,-4.,-3.500000000003));
#10132 = DIRECTION('',(1.,0.,0.));
#10133 = DIRECTION('',(0.,2.2E-16,1.));
#10134 = ADVANCED_FACE('',(#10135),#10160,.F.);
#10135 = FACE_BOUND('',#10136,.F.);
#10136 = EDGE_LOOP('',(#10137,#10138,#10146,#10154));
#10137 = ORIENTED_EDGE('',*,*,#9584,.F.);
#10138 = ORIENTED_EDGE('',*,*,#10139,.T.);
#10139 = EDGE_CURVE('',#9585,#10140,#10142,.T.);
#10140 = VERTEX_POINT('',#10141);
#10141 = CARTESIAN_POINT('',(69.9,-2.15,-4.1));
#10142 = LINE('',#10143,#10144);
#10143 = CARTESIAN_POINT('',(69.9,-2.15,0.));
#10144 = VECTOR('',#10145,1.);
#10145 = DIRECTION('',(0.,0.,-1.));
#10146 = ORIENTED_EDGE('',*,*,#10147,.T.);
#10147 = EDGE_CURVE('',#10140,#10148,#10150,.T.);
#10148 = VERTEX_POINT('',#10149);
#10149 = CARTESIAN_POINT('',(1.E-01,-2.15,-4.1));
#10150 = LINE('',#10151,#10152);
#10151 = CARTESIAN_POINT('',(33.825,-2.15,-4.1));
#10152 = VECTOR('',#10153,1.);
#10153 = DIRECTION('',(-1.,0.,0.));
#10154 = ORIENTED_EDGE('',*,*,#10155,.F.);
#10155 = EDGE_CURVE('',#9587,#10148,#10156,.T.);
#10156 = LINE('',#10157,#10158);
#10157 = CARTESIAN_POINT('',(1.E-01,-2.15,0.));
#10158 = VECTOR('',#10159,1.);
#10159 = DIRECTION('',(0.,0.,-1.));
#10160 = PLANE('',#10161);
#10161 = AXIS2_PLACEMENT_3D('',#10162,#10163,#10164);
#10162 = CARTESIAN_POINT('',(69.9,-2.15,0.));
#10163 = DIRECTION('',(0.,1.,0.));
#10164 = DIRECTION('',(-1.,0.,0.));
#10165 = ADVANCED_FACE('',(#10166),#10184,.F.);
#10166 = FACE_BOUND('',#10167,.F.);
#10167 = EDGE_LOOP('',(#10168,#10169,#10177,#10183));
#10168 = ORIENTED_EDGE('',*,*,#9610,.F.);
#10169 = ORIENTED_EDGE('',*,*,#10170,.T.);
#10170 = EDGE_CURVE('',#9603,#10171,#10173,.T.);
#10171 = VERTEX_POINT('',#10172);
#10172 = CARTESIAN_POINT('',(69.9,-0.85,-4.1));
#10173 = LINE('',#10174,#10175);
#10174 = CARTESIAN_POINT('',(69.9,-0.85,0.));
#10175 = VECTOR('',#10176,1.);
#10176 = DIRECTION('',(0.,0.,-1.));
#10177 = ORIENTED_EDGE('',*,*,#10178,.T.);
#10178 = EDGE_CURVE('',#10171,#10140,#10179,.T.);
#10179 = LINE('',#10180,#10181);
#10180 = CARTESIAN_POINT('',(69.9,-2.425,-4.1));
#10181 = VECTOR('',#10182,1.);
#10182 = DIRECTION('',(0.,-1.,2.2E-16));
#10183 = ORIENTED_EDGE('',*,*,#10139,.F.);
#10184 = PLANE('',#10185);
#10185 = AXIS2_PLACEMENT_3D('',#10186,#10187,#10188);
#10186 = CARTESIAN_POINT('',(69.9,-0.85,0.));
#10187 = DIRECTION('',(-1.,-0.,-0.));
#10188 = DIRECTION('',(0.,-1.,0.));
#10189 = ADVANCED_FACE('',(#10190),#10208,.F.);
#10190 = FACE_BOUND('',#10191,.F.);
#10191 = EDGE_LOOP('',(#10192,#10193,#10201,#10207));
#10192 = ORIENTED_EDGE('',*,*,#9602,.F.);
#10193 = ORIENTED_EDGE('',*,*,#10194,.T.);
#10194 = EDGE_CURVE('',#9595,#10195,#10197,.T.);
#10195 = VERTEX_POINT('',#10196);
#10196 = CARTESIAN_POINT('',(0.1,-0.85,-4.1));
#10197 = LINE('',#10198,#10199);
#10198 = CARTESIAN_POINT('',(0.1,-0.85,0.));
#10199 = VECTOR('',#10200,1.);
#10200 = DIRECTION('',(0.,0.,-1.));
#10201 = ORIENTED_EDGE('',*,*,#10202,.T.);
#10202 = EDGE_CURVE('',#10195,#10171,#10203,.T.);
#10203 = LINE('',#10204,#10205);
#10204 = CARTESIAN_POINT('',(-1.075,-0.85,-4.1));
#10205 = VECTOR('',#10206,1.);
#10206 = DIRECTION('',(1.,0.,0.));
#10207 = ORIENTED_EDGE('',*,*,#10170,.F.);
#10208 = PLANE('',#10209);
#10209 = AXIS2_PLACEMENT_3D('',#10210,#10211,#10212);
#10210 = CARTESIAN_POINT('',(0.1,-0.85,0.));
#10211 = DIRECTION('',(0.,-1.,0.));
#10212 = DIRECTION('',(1.,0.,0.));
#10213 = ADVANCED_FACE('',(#10214),#10225,.F.);
#10214 = FACE_BOUND('',#10215,.F.);
#10215 = EDGE_LOOP('',(#10216,#10217,#10218,#10224));
#10216 = ORIENTED_EDGE('',*,*,#9594,.F.);
#10217 = ORIENTED_EDGE('',*,*,#10155,.T.);
#10218 = ORIENTED_EDGE('',*,*,#10219,.T.);
#10219 = EDGE_CURVE('',#10148,#10195,#10220,.T.);
#10220 = LINE('',#10221,#10222);
#10221 = CARTESIAN_POINT('',(0.1,-3.075,-4.1));
#10222 = VECTOR('',#10223,1.);
#10223 = DIRECTION('',(0.,1.,-2.2E-16));
#10224 = ORIENTED_EDGE('',*,*,#10194,.F.);
#10225 = PLANE('',#10226);
#10226 = AXIS2_PLACEMENT_3D('',#10227,#10228,#10229);
#10227 = CARTESIAN_POINT('',(0.1,-2.15,0.));
#10228 = DIRECTION('',(1.,0.,0.));
#10229 = DIRECTION('',(-0.,1.,0.));
#10230 = ADVANCED_FACE('',(#10231),#10274,.F.);
#10231 = FACE_BOUND('',#10232,.T.);
#10232 = EDGE_LOOP('',(#10233,#10234,#10242,#10250,#10258,#10266,#10272,
    #10273));
#10233 = ORIENTED_EDGE('',*,*,#9771,.T.);
#10234 = ORIENTED_EDGE('',*,*,#10235,.T.);
#10235 = EDGE_CURVE('',#9772,#10236,#10238,.T.);
#10236 = VERTEX_POINT('',#10237);
#10237 = CARTESIAN_POINT('',(-2.25,1.,-4.1));
#10238 = LINE('',#10239,#10240);
#10239 = CARTESIAN_POINT('',(-2.85,1.,-3.5));
#10240 = VECTOR('',#10241,1.);
#10241 = DIRECTION('',(0.707106781187,0.,-0.707106781187));
#10242 = ORIENTED_EDGE('',*,*,#10243,.T.);
#10243 = EDGE_CURVE('',#10236,#10244,#10246,.T.);
#10244 = VERTEX_POINT('',#10245);
#10245 = CARTESIAN_POINT('',(-2.05,1.,-4.1));
#10246 = LINE('',#10247,#10248);
#10247 = CARTESIAN_POINT('',(-2.25,1.,-4.1));
#10248 = VECTOR('',#10249,1.);
#10249 = DIRECTION('',(1.,0.,0.));
#10250 = ORIENTED_EDGE('',*,*,#10251,.T.);
#10251 = EDGE_CURVE('',#10244,#10252,#10254,.T.);
#10252 = VERTEX_POINT('',#10253);
#10253 = CARTESIAN_POINT('',(-1.45,1.,-3.5));
#10254 = LINE('',#10255,#10256);
#10255 = CARTESIAN_POINT('',(-2.05,1.,-4.1));
#10256 = VECTOR('',#10257,1.);
#10257 = DIRECTION('',(0.707106781187,0.,0.707106781187));
#10258 = ORIENTED_EDGE('',*,*,#10259,.T.);
#10259 = EDGE_CURVE('',#10252,#10260,#10262,.T.);
#10260 = VERTEX_POINT('',#10261);
#10261 = CARTESIAN_POINT('',(-1.45,1.,-3.3));
#10262 = LINE('',#10263,#10264);
#10263 = CARTESIAN_POINT('',(-1.45,1.,-3.5));
#10264 = VECTOR('',#10265,1.);
#10265 = DIRECTION('',(0.,0.,1.));
#10266 = ORIENTED_EDGE('',*,*,#10267,.T.);
#10267 = EDGE_CURVE('',#10260,#9923,#10268,.T.);
#10268 = LINE('',#10269,#10270);
#10269 = CARTESIAN_POINT('',(-1.45,1.,-3.3));
#10270 = VECTOR('',#10271,1.);
#10271 = DIRECTION('',(-0.707106781187,0.,0.707106781187));
#10272 = ORIENTED_EDGE('',*,*,#9922,.T.);
#10273 = ORIENTED_EDGE('',*,*,#9625,.F.);
#10274 = PLANE('',#10275);
#10275 = AXIS2_PLACEMENT_3D('',#10276,#10277,#10278);
#10276 = CARTESIAN_POINT('',(35.000000000009,1.,-2.037527149405));
#10277 = DIRECTION('',(0.,1.,-2.5E-16));
#10278 = DIRECTION('',(0.,2.5E-16,1.));
#10279 = ADVANCED_FACE('',(#10280),#10323,.F.);
#10280 = FACE_BOUND('',#10281,.T.);
#10281 = EDGE_LOOP('',(#10282,#10283,#10291,#10299,#10307,#10315,#10321,
    #10322));
#10282 = ORIENTED_EDGE('',*,*,#10027,.T.);
#10283 = ORIENTED_EDGE('',*,*,#10284,.T.);
#10284 = EDGE_CURVE('',#10028,#10285,#10287,.T.);
#10285 = VERTEX_POINT('',#10286);
#10286 = CARTESIAN_POINT('',(71.449999999999,1.,-3.300000000002));
#10287 = LINE('',#10288,#10289);
#10288 = CARTESIAN_POINT('',(72.05,1.,-2.700000000001));
#10289 = VECTOR('',#10290,1.);
#10290 = DIRECTION('',(-0.707106781187,-0.,-0.707106781187));
#10291 = ORIENTED_EDGE('',*,*,#10292,.T.);
#10292 = EDGE_CURVE('',#10285,#10293,#10295,.T.);
#10293 = VERTEX_POINT('',#10294);
#10294 = CARTESIAN_POINT('',(71.449999999999,1.,-3.500000000003));
#10295 = LINE('',#10296,#10297);
#10296 = CARTESIAN_POINT('',(71.449999999999,1.,-3.300000000002));
#10297 = VECTOR('',#10298,1.);
#10298 = DIRECTION('',(0.,0.,-1.));
#10299 = ORIENTED_EDGE('',*,*,#10300,.T.);
#10300 = EDGE_CURVE('',#10293,#10301,#10303,.T.);
#10301 = VERTEX_POINT('',#10302);
#10302 = CARTESIAN_POINT('',(72.049999999999,1.,-4.100000000003));
#10303 = LINE('',#10304,#10305);
#10304 = CARTESIAN_POINT('',(71.449999999999,1.,-3.500000000003));
#10305 = VECTOR('',#10306,1.);
#10306 = DIRECTION('',(0.707106781187,0.,-0.707106781187));
#10307 = ORIENTED_EDGE('',*,*,#10308,.T.);
#10308 = EDGE_CURVE('',#10301,#10309,#10311,.T.);
#10309 = VERTEX_POINT('',#10310);
#10310 = CARTESIAN_POINT('',(72.249999999999,1.,-4.100000000003));
#10311 = LINE('',#10312,#10313);
#10312 = CARTESIAN_POINT('',(72.049999999999,1.,-4.100000000003));
#10313 = VECTOR('',#10314,1.);
#10314 = DIRECTION('',(1.,0.,0.));
#10315 = ORIENTED_EDGE('',*,*,#10316,.T.);
#10316 = EDGE_CURVE('',#10309,#10115,#10317,.T.);
#10317 = LINE('',#10318,#10319);
#10318 = CARTESIAN_POINT('',(72.249999999999,1.,-4.100000000003));
#10319 = VECTOR('',#10320,1.);
#10320 = DIRECTION('',(0.707106781187,0.,0.707106781187));
#10321 = ORIENTED_EDGE('',*,*,#10114,.T.);
#10322 = ORIENTED_EDGE('',*,*,#9642,.F.);
#10323 = PLANE('',#10324);
#10324 = AXIS2_PLACEMENT_3D('',#10325,#10326,#10327);
#10325 = CARTESIAN_POINT('',(35.000000000009,1.,-2.037527149405));
#10326 = DIRECTION('',(0.,1.,-2.5E-16));
#10327 = DIRECTION('',(0.,2.5E-16,1.));
#10328 = ADVANCED_FACE('',(#10329,#10344),#10378,.T.);
#10329 = FACE_BOUND('',#10330,.T.);
#10330 = EDGE_LOOP('',(#10331,#10332,#10333,#10334,#10340,#10341,#10342,
    #10343));
#10331 = ORIENTED_EDGE('',*,*,#10012,.T.);
#10332 = ORIENTED_EDGE('',*,*,#9994,.T.);
#10333 = ORIENTED_EDGE('',*,*,#9955,.T.);
#10334 = ORIENTED_EDGE('',*,*,#10335,.F.);
#10335 = EDGE_CURVE('',#9820,#9956,#10336,.T.);
#10336 = LINE('',#10337,#10338);
#10337 = CARTESIAN_POINT('',(-0.25,28.75,2.));
#10338 = VECTOR('',#10339,1.);
#10339 = DIRECTION('',(1.,0.,0.));
#10340 = ORIENTED_EDGE('',*,*,#9827,.T.);
#10341 = ORIENTED_EDGE('',*,*,#9755,.T.);
#10342 = ORIENTED_EDGE('',*,*,#9732,.T.);
#10343 = ORIENTED_EDGE('',*,*,#9709,.T.);
#10344 = FACE_BOUND('',#10345,.T.);
#10345 = EDGE_LOOP('',(#10346,#10356,#10364,#10372));
#10346 = ORIENTED_EDGE('',*,*,#10347,.F.);
#10347 = EDGE_CURVE('',#10348,#10350,#10352,.T.);
#10348 = VERTEX_POINT('',#10349);
#10349 = CARTESIAN_POINT('',(60.,26.85,2.));
#10350 = VERTEX_POINT('',#10351);
#10351 = CARTESIAN_POINT('',(10.,26.85,2.));
#10352 = LINE('',#10353,#10354);
#10353 = CARTESIAN_POINT('',(60.,26.85,2.));
#10354 = VECTOR('',#10355,1.);
#10355 = DIRECTION('',(-1.,0.,0.));
#10356 = ORIENTED_EDGE('',*,*,#10357,.F.);
#10357 = EDGE_CURVE('',#10358,#10348,#10360,.T.);
#10358 = VERTEX_POINT('',#10359);
#10359 = CARTESIAN_POINT('',(60.,25.65,2.));
#10360 = LINE('',#10361,#10362);
#10361 = CARTESIAN_POINT('',(60.,25.65,2.));
#10362 = VECTOR('',#10363,1.);
#10363 = DIRECTION('',(0.,1.,0.));
#10364 = ORIENTED_EDGE('',*,*,#10365,.F.);
#10365 = EDGE_CURVE('',#10366,#10358,#10368,.T.);
#10366 = VERTEX_POINT('',#10367);
#10367 = CARTESIAN_POINT('',(10.,25.65,2.));
#10368 = LINE('',#10369,#10370);
#10369 = CARTESIAN_POINT('',(10.,25.65,2.));
#10370 = VECTOR('',#10371,1.);
#10371 = DIRECTION('',(1.,0.,0.));
#10372 = ORIENTED_EDGE('',*,*,#10373,.F.);
#10373 = EDGE_CURVE('',#10350,#10366,#10374,.T.);
#10374 = LINE('',#10375,#10376);
#10375 = CARTESIAN_POINT('',(10.,26.85,2.));
#10376 = VECTOR('',#10377,1.);
#10377 = DIRECTION('',(0.,-1.,0.));
#10378 = PLANE('',#10379);
#10379 = AXIS2_PLACEMENT_3D('',#10380,#10381,#10382);
#10380 = CARTESIAN_POINT('',(35.,21.661434108527,2.));
#10381 = DIRECTION('',(0.,0.,1.));
#10382 = DIRECTION('',(1.,0.,0.));
#10383 = ADVANCED_FACE('',(#10384),#10395,.T.);
#10384 = FACE_BOUND('',#10385,.T.);
#10385 = EDGE_LOOP('',(#10386,#10387,#10388,#10389));
#10386 = ORIENTED_EDGE('',*,*,#10235,.F.);
#10387 = ORIENTED_EDGE('',*,*,#9788,.T.);
#10388 = ORIENTED_EDGE('',*,*,#9843,.T.);
#10389 = ORIENTED_EDGE('',*,*,#10390,.F.);
#10390 = EDGE_CURVE('',#10236,#9844,#10391,.T.);
#10391 = LINE('',#10392,#10393);
#10392 = CARTESIAN_POINT('',(-2.25,-4.,-4.1));
#10393 = VECTOR('',#10394,1.);
#10394 = DIRECTION('',(0.,1.,-2.2E-16));
#10395 = PLANE('',#10396);
#10396 = AXIS2_PLACEMENT_3D('',#10397,#10398,#10399);
#10397 = CARTESIAN_POINT('',(-2.85,-4.,-3.5));
#10398 = DIRECTION('',(-0.707106781187,-1.6E-16,-0.707106781187));
#10399 = DIRECTION('',(0.707106781187,-1.6E-16,-0.707106781187));
#10400 = ADVANCED_FACE('',(#10401),#10412,.T.);
#10401 = FACE_BOUND('',#10402,.T.);
#10402 = EDGE_LOOP('',(#10403,#10404,#10405,#10411));
#10403 = ORIENTED_EDGE('',*,*,#10335,.T.);
#10404 = ORIENTED_EDGE('',*,*,#9963,.T.);
#10405 = ORIENTED_EDGE('',*,*,#10406,.T.);
#10406 = EDGE_CURVE('',#9964,#9812,#10407,.T.);
#10407 = LINE('',#10408,#10409);
#10408 = CARTESIAN_POINT('',(70.25,28.75,1.65));
#10409 = VECTOR('',#10410,1.);
#10410 = DIRECTION('',(-1.,0.,0.));
#10411 = ORIENTED_EDGE('',*,*,#9819,.T.);
#10412 = PLANE('',#10413);
#10413 = AXIS2_PLACEMENT_3D('',#10414,#10415,#10416);
#10414 = CARTESIAN_POINT('',(35.,28.75,1.825));
#10415 = DIRECTION('',(0.,1.,-2.4E-16));
#10416 = DIRECTION('',(0.,2.4E-16,1.));
#10417 = ADVANCED_FACE('',(#10418,#10424),#10458,.F.);
#10418 = FACE_BOUND('',#10419,.F.);
#10419 = EDGE_LOOP('',(#10420,#10421,#10422,#10423));
#10420 = ORIENTED_EDGE('',*,*,#9971,.T.);
#10421 = ORIENTED_EDGE('',*,*,#10406,.T.);
#10422 = ORIENTED_EDGE('',*,*,#9811,.F.);
#10423 = ORIENTED_EDGE('',*,*,#9907,.F.);
#10424 = FACE_BOUND('',#10425,.F.);
#10425 = EDGE_LOOP('',(#10426,#10436,#10444,#10452));
#10426 = ORIENTED_EDGE('',*,*,#10427,.F.);
#10427 = EDGE_CURVE('',#10428,#10430,#10432,.T.);
#10428 = VERTEX_POINT('',#10429);
#10429 = CARTESIAN_POINT('',(10.,26.85,1.65));
#10430 = VERTEX_POINT('',#10431);
#10431 = CARTESIAN_POINT('',(10.,25.65,1.65));
#10432 = LINE('',#10433,#10434);
#10433 = CARTESIAN_POINT('',(10.,13.3,1.65));
#10434 = VECTOR('',#10435,1.);
#10435 = DIRECTION('',(0.,-1.,2.2E-16));
#10436 = ORIENTED_EDGE('',*,*,#10437,.F.);
#10437 = EDGE_CURVE('',#10438,#10428,#10440,.T.);
#10438 = VERTEX_POINT('',#10439);
#10439 = CARTESIAN_POINT('',(60.,26.85,1.65));
#10440 = LINE('',#10441,#10442);
#10441 = CARTESIAN_POINT('',(65.125,26.85,1.65));
#10442 = VECTOR('',#10443,1.);
#10443 = DIRECTION('',(-1.,0.,0.));
#10444 = ORIENTED_EDGE('',*,*,#10445,.F.);
#10445 = EDGE_CURVE('',#10446,#10438,#10448,.T.);
#10446 = VERTEX_POINT('',#10447);
#10447 = CARTESIAN_POINT('',(60.,25.65,1.65));
#10448 = LINE('',#10449,#10450);
#10449 = CARTESIAN_POINT('',(60.,12.7,1.65));
#10450 = VECTOR('',#10451,1.);
#10451 = DIRECTION('',(0.,1.,-2.2E-16));
#10452 = ORIENTED_EDGE('',*,*,#10453,.F.);
#10453 = EDGE_CURVE('',#10430,#10446,#10454,.T.);
#10454 = LINE('',#10455,#10456);
#10455 = CARTESIAN_POINT('',(40.125,25.65,1.65));
#10456 = VECTOR('',#10457,1.);
#10457 = DIRECTION('',(1.,0.,0.));
#10458 = PLANE('',#10459);
#10459 = AXIS2_PLACEMENT_3D('',#10460,#10461,#10462);
#10460 = CARTESIAN_POINT('',(70.25,-0.25,1.65));
#10461 = DIRECTION('',(0.,2.2E-16,1.));
#10462 = DIRECTION('',(-1.,0.,0.));
#10463 = ADVANCED_FACE('',(#10464),#10475,.T.);
#10464 = FACE_BOUND('',#10465,.T.);
#10465 = EDGE_LOOP('',(#10466,#10467,#10468,#10469));
#10466 = ORIENTED_EDGE('',*,*,#10243,.F.);
#10467 = ORIENTED_EDGE('',*,*,#10390,.T.);
#10468 = ORIENTED_EDGE('',*,*,#9851,.T.);
#10469 = ORIENTED_EDGE('',*,*,#10470,.F.);
#10470 = EDGE_CURVE('',#10244,#9852,#10471,.T.);
#10471 = LINE('',#10472,#10473);
#10472 = CARTESIAN_POINT('',(-2.05,-4.,-4.1));
#10473 = VECTOR('',#10474,1.);
#10474 = DIRECTION('',(0.,1.,-2.2E-16));
#10475 = PLANE('',#10476);
#10476 = AXIS2_PLACEMENT_3D('',#10477,#10478,#10479);
#10477 = CARTESIAN_POINT('',(-2.25,-4.,-4.1));
#10478 = DIRECTION('',(0.,-2.2E-16,-1.));
#10479 = DIRECTION('',(1.,0.,0.));
#10480 = ADVANCED_FACE('',(#10481),#10492,.T.);
#10481 = FACE_BOUND('',#10482,.T.);
#10482 = EDGE_LOOP('',(#10483,#10484,#10485,#10486));
#10483 = ORIENTED_EDGE('',*,*,#10251,.F.);
#10484 = ORIENTED_EDGE('',*,*,#10470,.T.);
#10485 = ORIENTED_EDGE('',*,*,#9859,.T.);
#10486 = ORIENTED_EDGE('',*,*,#10487,.F.);
#10487 = EDGE_CURVE('',#10252,#9860,#10488,.T.);
#10488 = LINE('',#10489,#10490);
#10489 = CARTESIAN_POINT('',(-1.45,-4.,-3.5));
#10490 = VECTOR('',#10491,1.);
#10491 = DIRECTION('',(0.,1.,-2.2E-16));
#10492 = PLANE('',#10493);
#10493 = AXIS2_PLACEMENT_3D('',#10494,#10495,#10496);
#10494 = CARTESIAN_POINT('',(-2.05,-4.,-4.1));
#10495 = DIRECTION('',(0.707106781187,-1.6E-16,-0.707106781187));
#10496 = DIRECTION('',(0.707106781187,1.6E-16,0.707106781187));
#10497 = ADVANCED_FACE('',(#10498),#10509,.T.);
#10498 = FACE_BOUND('',#10499,.T.);
#10499 = EDGE_LOOP('',(#10500,#10501,#10502,#10503));
#10500 = ORIENTED_EDGE('',*,*,#10259,.F.);
#10501 = ORIENTED_EDGE('',*,*,#10487,.T.);
#10502 = ORIENTED_EDGE('',*,*,#9867,.T.);
#10503 = ORIENTED_EDGE('',*,*,#10504,.F.);
#10504 = EDGE_CURVE('',#10260,#9868,#10505,.T.);
#10505 = LINE('',#10506,#10507);
#10506 = CARTESIAN_POINT('',(-1.45,-4.,-3.3));
#10507 = VECTOR('',#10508,1.);
#10508 = DIRECTION('',(0.,1.,-2.2E-16));
#10509 = PLANE('',#10510);
#10510 = AXIS2_PLACEMENT_3D('',#10511,#10512,#10513);
#10511 = CARTESIAN_POINT('',(-1.45,-4.,-3.5));
#10512 = DIRECTION('',(1.,0.,0.));
#10513 = DIRECTION('',(0.,2.2E-16,1.));
#10514 = ADVANCED_FACE('',(#10515),#10521,.T.);
#10515 = FACE_BOUND('',#10516,.T.);
#10516 = EDGE_LOOP('',(#10517,#10518,#10519,#10520));
#10517 = ORIENTED_EDGE('',*,*,#10267,.F.);
#10518 = ORIENTED_EDGE('',*,*,#10504,.T.);
#10519 = ORIENTED_EDGE('',*,*,#9875,.T.);
#10520 = ORIENTED_EDGE('',*,*,#9930,.F.);
#10521 = PLANE('',#10522);
#10522 = AXIS2_PLACEMENT_3D('',#10523,#10524,#10525);
#10523 = CARTESIAN_POINT('',(-1.45,-4.,-3.3));
#10524 = DIRECTION('',(0.707106781187,1.6E-16,0.707106781187));
#10525 = DIRECTION('',(-0.707106781187,1.6E-16,0.707106781187));
#10526 = ADVANCED_FACE('',(#10527),#10538,.T.);
#10527 = FACE_BOUND('',#10528,.T.);
#10528 = EDGE_LOOP('',(#10529,#10530,#10531,#10532));
#10529 = ORIENTED_EDGE('',*,*,#10284,.F.);
#10530 = ORIENTED_EDGE('',*,*,#10044,.T.);
#10531 = ORIENTED_EDGE('',*,*,#10059,.T.);
#10532 = ORIENTED_EDGE('',*,*,#10533,.F.);
#10533 = EDGE_CURVE('',#10285,#10060,#10534,.T.);
#10534 = LINE('',#10535,#10536);
#10535 = CARTESIAN_POINT('',(71.449999999999,-4.,-3.300000000002));
#10536 = VECTOR('',#10537,1.);
#10537 = DIRECTION('',(0.,1.,-2.2E-16));
#10538 = PLANE('',#10539);
#10539 = AXIS2_PLACEMENT_3D('',#10540,#10541,#10542);
#10540 = CARTESIAN_POINT('',(72.05,-4.,-2.700000000001));
#10541 = DIRECTION('',(-0.707106781187,1.6E-16,0.707106781187));
#10542 = DIRECTION('',(-0.707106781187,-1.6E-16,-0.707106781187));
#10543 = ADVANCED_FACE('',(#10544),#10555,.T.);
#10544 = FACE_BOUND('',#10545,.T.);
#10545 = EDGE_LOOP('',(#10546,#10547,#10548,#10549));
#10546 = ORIENTED_EDGE('',*,*,#10292,.F.);
#10547 = ORIENTED_EDGE('',*,*,#10533,.T.);
#10548 = ORIENTED_EDGE('',*,*,#10067,.T.);
#10549 = ORIENTED_EDGE('',*,*,#10550,.F.);
#10550 = EDGE_CURVE('',#10293,#10068,#10551,.T.);
#10551 = LINE('',#10552,#10553);
#10552 = CARTESIAN_POINT('',(71.449999999999,-4.,-3.500000000003));
#10553 = VECTOR('',#10554,1.);
#10554 = DIRECTION('',(0.,1.,-2.2E-16));
#10555 = PLANE('',#10556);
#10556 = AXIS2_PLACEMENT_3D('',#10557,#10558,#10559);
#10557 = CARTESIAN_POINT('',(71.449999999999,-4.,-3.300000000002));
#10558 = DIRECTION('',(-1.,0.,0.));
#10559 = DIRECTION('',(-0.,-2.2E-16,-1.));
#10560 = ADVANCED_FACE('',(#10561),#10572,.T.);
#10561 = FACE_BOUND('',#10562,.T.);
#10562 = EDGE_LOOP('',(#10563,#10564,#10565,#10566));
#10563 = ORIENTED_EDGE('',*,*,#10300,.F.);
#10564 = ORIENTED_EDGE('',*,*,#10550,.T.);
#10565 = ORIENTED_EDGE('',*,*,#10075,.T.);
#10566 = ORIENTED_EDGE('',*,*,#10567,.F.);
#10567 = EDGE_CURVE('',#10301,#10076,#10568,.T.);
#10568 = LINE('',#10569,#10570);
#10569 = CARTESIAN_POINT('',(72.049999999999,-4.,-4.100000000003));
#10570 = VECTOR('',#10571,1.);
#10571 = DIRECTION('',(0.,1.,-2.2E-16));
#10572 = PLANE('',#10573);
#10573 = AXIS2_PLACEMENT_3D('',#10574,#10575,#10576);
#10574 = CARTESIAN_POINT('',(71.449999999999,-4.,-3.500000000003));
#10575 = DIRECTION('',(-0.707106781187,-1.6E-16,-0.707106781187));
#10576 = DIRECTION('',(0.707106781187,-1.6E-16,-0.707106781187));
#10577 = ADVANCED_FACE('',(#10578),#10589,.T.);
#10578 = FACE_BOUND('',#10579,.T.);
#10579 = EDGE_LOOP('',(#10580,#10581,#10582,#10583));
#10580 = ORIENTED_EDGE('',*,*,#10308,.F.);
#10581 = ORIENTED_EDGE('',*,*,#10567,.T.);
#10582 = ORIENTED_EDGE('',*,*,#10083,.T.);
#10583 = ORIENTED_EDGE('',*,*,#10584,.F.);
#10584 = EDGE_CURVE('',#10309,#10084,#10585,.T.);
#10585 = LINE('',#10586,#10587);
#10586 = CARTESIAN_POINT('',(72.249999999999,-4.,-4.100000000003));
#10587 = VECTOR('',#10588,1.);
#10588 = DIRECTION('',(0.,1.,-2.2E-16));
#10589 = PLANE('',#10590);
#10590 = AXIS2_PLACEMENT_3D('',#10591,#10592,#10593);
#10591 = CARTESIAN_POINT('',(72.049999999999,-4.,-4.100000000003));
#10592 = DIRECTION('',(0.,-2.2E-16,-1.));
#10593 = DIRECTION('',(1.,0.,0.));
#10594 = ADVANCED_FACE('',(#10595),#10601,.T.);
#10595 = FACE_BOUND('',#10596,.T.);
#10596 = EDGE_LOOP('',(#10597,#10598,#10599,#10600));
#10597 = ORIENTED_EDGE('',*,*,#10316,.F.);
#10598 = ORIENTED_EDGE('',*,*,#10584,.T.);
#10599 = ORIENTED_EDGE('',*,*,#10091,.T.);
#10600 = ORIENTED_EDGE('',*,*,#10122,.F.);
#10601 = PLANE('',#10602);
#10602 = AXIS2_PLACEMENT_3D('',#10603,#10604,#10605);
#10603 = CARTESIAN_POINT('',(72.249999999999,-4.,-4.100000000003));
#10604 = DIRECTION('',(0.707106781187,-1.6E-16,-0.707106781187));
#10605 = DIRECTION('',(0.707106781187,1.6E-16,0.707106781187));
#10606 = ADVANCED_FACE('',(#10607),#10613,.T.);
#10607 = FACE_BOUND('',#10608,.T.);
#10608 = EDGE_LOOP('',(#10609,#10610,#10611,#10612));
#10609 = ORIENTED_EDGE('',*,*,#10147,.T.);
#10610 = ORIENTED_EDGE('',*,*,#10219,.T.);
#10611 = ORIENTED_EDGE('',*,*,#10202,.T.);
#10612 = ORIENTED_EDGE('',*,*,#10178,.T.);
#10613 = PLANE('',#10614);
#10614 = AXIS2_PLACEMENT_3D('',#10615,#10616,#10617);
#10615 = CARTESIAN_POINT('',(-2.25,-4.,-4.1));
#10616 = DIRECTION('',(0.,-2.2E-16,-1.));
#10617 = DIRECTION('',(1.,0.,0.));
#10618 = ADVANCED_FACE('',(#10619),#10635,.F.);
#10619 = FACE_BOUND('',#10620,.F.);
#10620 = EDGE_LOOP('',(#10621,#10622,#10628,#10629));
#10621 = ORIENTED_EDGE('',*,*,#10347,.F.);
#10622 = ORIENTED_EDGE('',*,*,#10623,.T.);
#10623 = EDGE_CURVE('',#10348,#10438,#10624,.T.);
#10624 = LINE('',#10625,#10626);
#10625 = CARTESIAN_POINT('',(60.,26.85,2.));
#10626 = VECTOR('',#10627,1.);
#10627 = DIRECTION('',(-0.,-0.,-1.));
#10628 = ORIENTED_EDGE('',*,*,#10437,.T.);
#10629 = ORIENTED_EDGE('',*,*,#10630,.F.);
#10630 = EDGE_CURVE('',#10350,#10428,#10631,.T.);
#10631 = LINE('',#10632,#10633);
#10632 = CARTESIAN_POINT('',(10.,26.85,2.));
#10633 = VECTOR('',#10634,1.);
#10634 = DIRECTION('',(-0.,-0.,-1.));
#10635 = PLANE('',#10636);
#10636 = AXIS2_PLACEMENT_3D('',#10637,#10638,#10639);
#10637 = CARTESIAN_POINT('',(60.,26.85,2.));
#10638 = DIRECTION('',(0.,1.,0.));
#10639 = DIRECTION('',(-1.,0.,0.));
#10640 = ADVANCED_FACE('',(#10641),#10652,.F.);
#10641 = FACE_BOUND('',#10642,.F.);
#10642 = EDGE_LOOP('',(#10643,#10644,#10650,#10651));
#10643 = ORIENTED_EDGE('',*,*,#10357,.F.);
#10644 = ORIENTED_EDGE('',*,*,#10645,.T.);
#10645 = EDGE_CURVE('',#10358,#10446,#10646,.T.);
#10646 = LINE('',#10647,#10648);
#10647 = CARTESIAN_POINT('',(60.,25.65,2.));
#10648 = VECTOR('',#10649,1.);
#10649 = DIRECTION('',(-0.,-0.,-1.));
#10650 = ORIENTED_EDGE('',*,*,#10445,.T.);
#10651 = ORIENTED_EDGE('',*,*,#10623,.F.);
#10652 = PLANE('',#10653);
#10653 = AXIS2_PLACEMENT_3D('',#10654,#10655,#10656);
#10654 = CARTESIAN_POINT('',(60.,25.65,2.));
#10655 = DIRECTION('',(1.,0.,0.));
#10656 = DIRECTION('',(0.,1.,0.));
#10657 = ADVANCED_FACE('',(#10658),#10669,.F.);
#10658 = FACE_BOUND('',#10659,.F.);
#10659 = EDGE_LOOP('',(#10660,#10661,#10667,#10668));
#10660 = ORIENTED_EDGE('',*,*,#10365,.F.);
#10661 = ORIENTED_EDGE('',*,*,#10662,.T.);
#10662 = EDGE_CURVE('',#10366,#10430,#10663,.T.);
#10663 = LINE('',#10664,#10665);
#10664 = CARTESIAN_POINT('',(10.,25.65,2.));
#10665 = VECTOR('',#10666,1.);
#10666 = DIRECTION('',(-0.,-0.,-1.));
#10667 = ORIENTED_EDGE('',*,*,#10453,.T.);
#10668 = ORIENTED_EDGE('',*,*,#10645,.F.);
#10669 = PLANE('',#10670);
#10670 = AXIS2_PLACEMENT_3D('',#10671,#10672,#10673);
#10671 = CARTESIAN_POINT('',(10.,25.65,2.));
#10672 = DIRECTION('',(0.,-1.,0.));
#10673 = DIRECTION('',(1.,0.,0.));
#10674 = ADVANCED_FACE('',(#10675),#10681,.F.);
#10675 = FACE_BOUND('',#10676,.F.);
#10676 = EDGE_LOOP('',(#10677,#10678,#10679,#10680));
#10677 = ORIENTED_EDGE('',*,*,#10373,.F.);
#10678 = ORIENTED_EDGE('',*,*,#10630,.T.);
#10679 = ORIENTED_EDGE('',*,*,#10427,.T.);
#10680 = ORIENTED_EDGE('',*,*,#10662,.F.);
#10681 = PLANE('',#10682);
#10682 = AXIS2_PLACEMENT_3D('',#10683,#10684,#10685);
#10683 = CARTESIAN_POINT('',(10.,26.85,2.));
#10684 = DIRECTION('',(-1.,0.,0.));
#10685 = DIRECTION('',(0.,-1.,0.));
#10686 = ( GEOMETRIC_REPRESENTATION_CONTEXT(3) 
GLOBAL_UNCERTAINTY_ASSIGNED_CONTEXT((#10690)) 
GLOBAL_UNIT_ASSIGNED_CONTEXT((#10687,#10688,#10689)) 
REPRESENTATION_CONTEXT('Context #1',
  '3D Context with UNIT and UNCERTAINTY') );
#10687 = ( LENGTH_UNIT() NAMED_UNIT(*) SI_UNIT(.MILLI.,.METRE.) );
#10688 = ( NAMED_UNIT(*) PLANE_ANGLE_UNIT() SI_UNIT($,.RADIAN.) );
#10689 = ( NAMED_UNIT(*) SI_UNIT($,.STERADIAN.) SOLID_ANGLE_UNIT() );
#10690 = UNCERTAINTY_MEASURE_WITH_UNIT(LENGTH_MEASURE(1.E-05),#10687,
  'distance_accuracy_value','confusion accuracy');
#10691 = CONTEXT_DEPENDENT_SHAPE_REPRESENTATION(#10692,#10694);
#10692 = ( REPRESENTATION_RELATIONSHIP('','',#9354,#10) 
REPRESENTATION_RELATIONSHIP_WITH_TRANSFORMATION(#10693) 
SHAPE_REPRESENTATION_RELATIONSHIP() );
#10693 = ITEM_DEFINED_TRANSFORMATION('','',#11,#35);
#10694 = PRODUCT_DEFINITION_SHAPE('Placement','Placement of an item',
  #10695);
#10695 = NEXT_ASSEMBLY_USAGE_OCCURRENCE('6','Body006','',#5,#9349,$);
#10696 = PRODUCT_RELATED_PRODUCT_CATEGORY('part',$,(#9351));
#10697 = SHAPE_DEFINITION_REPRESENTATION(#10698,#10704);
#10698 = PRODUCT_DEFINITION_SHAPE('','',#10699);
#10699 = PRODUCT_DEFINITION('design','',#10700,#10703);
#10700 = PRODUCT_DEFINITION_FORMATION('','',#10701);
#10701 = PRODUCT('Body007','Body007','',(#10702));
#10702 = PRODUCT_CONTEXT('',#2,'mechanical');
#10703 = PRODUCT_DEFINITION_CONTEXT('part definition',#2,'design');
#10704 = ADVANCED_BREP_SHAPE_REPRESENTATION('',(#11,#10705),#13167);
#10705 = MANIFOLD_SOLID_BREP('',#10706);
#10706 = CLOSED_SHELL('',(#10707,#10797,#10972,#10996,#11027,#11058,
    #11130,#11155,#11179,#11203,#11228,#11245,#11276,#11341,#11365,
    #11396,#11452,#11476,#11517,#11541,#11581,#11697,#11737,#11761,
    #11795,#11826,#11882,#11906,#12015,#12031,#12080,#12133,#12157,
    #12174,#12191,#12216,#12240,#12265,#12282,#12303,#12320,#12337,
    #12354,#12371,#12383,#12432,#12449,#12466,#12483,#12500,#12512,
    #12560,#12572,#12589,#12601,#12626,#12648,#12665,#12682,#12699,
    #12716,#12733,#12750,#12762,#12787,#12804,#12821,#12838,#12855,
    #12867,#12879,#12904,#12929,#12954,#12979,#13004,#13029,#13041,
    #13053,#13073,#13093,#13113,#13133,#13150));
#10707 = ADVANCED_FACE('',(#10708),#10792,.T.);
#10708 = FACE_BOUND('',#10709,.T.);
#10709 = EDGE_LOOP('',(#10710,#10720,#10728,#10736,#10744,#10753,#10761,
    #10769,#10778,#10786));
#10710 = ORIENTED_EDGE('',*,*,#10711,.T.);
#10711 = EDGE_CURVE('',#10712,#10714,#10716,.T.);
#10712 = VERTEX_POINT('',#10713);
#10713 = CARTESIAN_POINT('',(-5.,108.,0.));
#10714 = VERTEX_POINT('',#10715);
#10715 = CARTESIAN_POINT('',(-5.,53.,0.));
#10716 = LINE('',#10717,#10718);
#10717 = CARTESIAN_POINT('',(-5.,110.,0.));
#10718 = VECTOR('',#10719,1.);
#10719 = DIRECTION('',(-2.E-17,-1.,0.));
#10720 = ORIENTED_EDGE('',*,*,#10721,.T.);
#10721 = EDGE_CURVE('',#10714,#10722,#10724,.T.);
#10722 = VERTEX_POINT('',#10723);
#10723 = CARTESIAN_POINT('',(-5.,53.,2.));
#10724 = LINE('',#10725,#10726);
#10725 = CARTESIAN_POINT('',(-5.,53.,0.));
#10726 = VECTOR('',#10727,1.);
#10727 = DIRECTION('',(0.,0.,1.));
#10728 = ORIENTED_EDGE('',*,*,#10729,.T.);
#10729 = EDGE_CURVE('',#10722,#10730,#10732,.T.);
#10730 = VERTEX_POINT('',#10731);
#10731 = CARTESIAN_POINT('',(-5.,25.,2.));
#10732 = LINE('',#10733,#10734);
#10733 = CARTESIAN_POINT('',(-5.,53.,2.));
#10734 = VECTOR('',#10735,1.);
#10735 = DIRECTION('',(0.,-1.,2.2E-16));
#10736 = ORIENTED_EDGE('',*,*,#10737,.F.);
#10737 = EDGE_CURVE('',#10738,#10730,#10740,.T.);
#10738 = VERTEX_POINT('',#10739);
#10739 = CARTESIAN_POINT('',(-5.,25.,2.0001));
#10740 = LINE('',#10741,#10742);
#10741 = CARTESIAN_POINT('',(-5.,25.,2.0001));
#10742 = VECTOR('',#10743,1.);
#10743 = DIRECTION('',(0.,-2.2E-16,-1.));
#10744 = ORIENTED_EDGE('',*,*,#10745,.F.);
#10745 = EDGE_CURVE('',#10746,#10738,#10748,.T.);
#10746 = VERTEX_POINT('',#10747);
#10747 = CARTESIAN_POINT('',(-5.,27.9999,5.));
#10748 = CIRCLE('',#10749,2.9999);
#10749 = AXIS2_PLACEMENT_3D('',#10750,#10751,#10752);
#10750 = CARTESIAN_POINT('',(-5.,27.9999,2.0001));
#10751 = DIRECTION('',(1.,0.,-0.));
#10752 = DIRECTION('',(0.,0.,1.));
#10753 = ORIENTED_EDGE('',*,*,#10754,.F.);
#10754 = EDGE_CURVE('',#10755,#10746,#10757,.T.);
#10755 = VERTEX_POINT('',#10756);
#10756 = CARTESIAN_POINT('',(-5.,30.,5.));
#10757 = LINE('',#10758,#10759);
#10758 = CARTESIAN_POINT('',(-5.,28.,5.));
#10759 = VECTOR('',#10760,1.);
#10760 = DIRECTION('',(0.,-1.,0.));
#10761 = ORIENTED_EDGE('',*,*,#10762,.F.);
#10762 = EDGE_CURVE('',#10763,#10755,#10765,.T.);
#10763 = VERTEX_POINT('',#10764);
#10764 = CARTESIAN_POINT('',(-5.,30.,26.0001));
#10765 = LINE('',#10766,#10767);
#10766 = CARTESIAN_POINT('',(-5.,30.,26.0001));
#10767 = VECTOR('',#10768,1.);
#10768 = DIRECTION('',(0.,0.,-1.));
#10769 = ORIENTED_EDGE('',*,*,#10770,.F.);
#10770 = EDGE_CURVE('',#10771,#10763,#10773,.T.);
#10771 = VERTEX_POINT('',#10772);
#10772 = CARTESIAN_POINT('',(-5.,32.9999,29.));
#10773 = CIRCLE('',#10774,2.9999);
#10774 = AXIS2_PLACEMENT_3D('',#10775,#10776,#10777);
#10775 = CARTESIAN_POINT('',(-5.,32.9999,26.0001));
#10776 = DIRECTION('',(1.,0.,-0.));
#10777 = DIRECTION('',(0.,0.,1.));
#10778 = ORIENTED_EDGE('',*,*,#10779,.F.);
#10779 = EDGE_CURVE('',#10780,#10771,#10782,.T.);
#10780 = VERTEX_POINT('',#10781);
#10781 = CARTESIAN_POINT('',(-5.,108.,29.));
#10782 = LINE('',#10783,#10784);
#10783 = CARTESIAN_POINT('',(-5.,110.,29.));
#10784 = VECTOR('',#10785,1.);
#10785 = DIRECTION('',(0.,-1.,2.2E-16));
#10786 = ORIENTED_EDGE('',*,*,#10787,.F.);
#10787 = EDGE_CURVE('',#10712,#10780,#10788,.T.);
#10788 = LINE('',#10789,#10790);
#10789 = CARTESIAN_POINT('',(-5.,108.,0.));
#10790 = VECTOR('',#10791,1.);
#10791 = DIRECTION('',(0.,0.,1.));
#10792 = PLANE('',#10793);
#10793 = AXIS2_PLACEMENT_3D('',#10794,#10795,#10796);
#10794 = CARTESIAN_POINT('',(-5.,66.754237288136,15.754237288136));
#10795 = DIRECTION('',(-1.,-0.,-0.));
#10796 = DIRECTION('',(0.,0.,-1.));
#10797 = ADVANCED_FACE('',(#10798),#10967,.F.);
#10798 = FACE_BOUND('',#10799,.F.);
#10799 = EDGE_LOOP('',(#10800,#10810,#10818,#10824,#10825,#10833,#10841,
    #10849,#10857,#10865,#10873,#10881,#10889,#10897,#10905,#10913,
    #10921,#10929,#10937,#10945,#10953,#10961));
#10800 = ORIENTED_EDGE('',*,*,#10801,.F.);
#10801 = EDGE_CURVE('',#10802,#10804,#10806,.T.);
#10802 = VERTEX_POINT('',#10803);
#10803 = CARTESIAN_POINT('',(73.,110.,0.));
#10804 = VERTEX_POINT('',#10805);
#10805 = CARTESIAN_POINT('',(75.,108.,0.));
#10806 = LINE('',#10807,#10808);
#10807 = CARTESIAN_POINT('',(68.694262720665,114.30573727933,0.));
#10808 = VECTOR('',#10809,1.);
#10809 = DIRECTION('',(0.707106781187,-0.707106781187,0.));
#10810 = ORIENTED_EDGE('',*,*,#10811,.T.);
#10811 = EDGE_CURVE('',#10802,#10812,#10814,.T.);
#10812 = VERTEX_POINT('',#10813);
#10813 = CARTESIAN_POINT('',(-3.,110.,0.));
#10814 = LINE('',#10815,#10816);
#10815 = CARTESIAN_POINT('',(20.,110.,0.));
#10816 = VECTOR('',#10817,1.);
#10817 = DIRECTION('',(-1.,0.,0.));
#10818 = ORIENTED_EDGE('',*,*,#10819,.F.);
#10819 = EDGE_CURVE('',#10712,#10812,#10820,.T.);
#10820 = LINE('',#10821,#10822);
#10821 = CARTESIAN_POINT('',(1.305737279335,114.30573727933,0.));
#10822 = VECTOR('',#10823,1.);
#10823 = DIRECTION('',(0.707106781187,0.707106781187,0.));
#10824 = ORIENTED_EDGE('',*,*,#10711,.T.);
#10825 = ORIENTED_EDGE('',*,*,#10826,.T.);
#10826 = EDGE_CURVE('',#10714,#10827,#10829,.T.);
#10827 = VERTEX_POINT('',#10828);
#10828 = CARTESIAN_POINT('',(-2.85,53.,-1.1E-14));
#10829 = LINE('',#10830,#10831);
#10830 = CARTESIAN_POINT('',(-5.,53.,0.));
#10831 = VECTOR('',#10832,1.);
#10832 = DIRECTION('',(1.,0.,0.));
#10833 = ORIENTED_EDGE('',*,*,#10834,.T.);
#10834 = EDGE_CURVE('',#10827,#10835,#10837,.T.);
#10835 = VERTEX_POINT('',#10836);
#10836 = CARTESIAN_POINT('',(-2.85,102.,-2.5E-14));
#10837 = LINE('',#10838,#10839);
#10838 = CARTESIAN_POINT('',(-2.85,24.,-5.33E-15));
#10839 = VECTOR('',#10840,1.);
#10840 = DIRECTION('',(0.,1.,-2.5E-16));
#10841 = ORIENTED_EDGE('',*,*,#10842,.T.);
#10842 = EDGE_CURVE('',#10835,#10843,#10845,.T.);
#10843 = VERTEX_POINT('',#10844);
#10844 = CARTESIAN_POINT('',(-2.05,102.,-2.5E-14));
#10845 = LINE('',#10846,#10847);
#10846 = CARTESIAN_POINT('',(-2.85,102.,-2.511E-14));
#10847 = VECTOR('',#10848,1.);
#10848 = DIRECTION('',(1.,0.,0.));
#10849 = ORIENTED_EDGE('',*,*,#10850,.F.);
#10850 = EDGE_CURVE('',#10851,#10843,#10853,.T.);
#10851 = VERTEX_POINT('',#10852);
#10852 = CARTESIAN_POINT('',(-2.05,53.,-1.1E-14));
#10853 = LINE('',#10854,#10855);
#10854 = CARTESIAN_POINT('',(-2.05,24.,-5.33E-15));
#10855 = VECTOR('',#10856,1.);
#10856 = DIRECTION('',(0.,1.,-2.5E-16));
#10857 = ORIENTED_EDGE('',*,*,#10858,.T.);
#10858 = EDGE_CURVE('',#10851,#10859,#10861,.T.);
#10859 = VERTEX_POINT('',#10860);
#10860 = CARTESIAN_POINT('',(-0.1,53.,0.));
#10861 = LINE('',#10862,#10863);
#10862 = CARTESIAN_POINT('',(-5.,53.,0.));
#10863 = VECTOR('',#10864,1.);
#10864 = DIRECTION('',(1.,0.,0.));
#10865 = ORIENTED_EDGE('',*,*,#10866,.T.);
#10866 = EDGE_CURVE('',#10859,#10867,#10869,.T.);
#10867 = VERTEX_POINT('',#10868);
#10868 = CARTESIAN_POINT('',(-0.1,104.6,0.));
#10869 = LINE('',#10870,#10871);
#10870 = CARTESIAN_POINT('',(-0.1,53.,0.));
#10871 = VECTOR('',#10872,1.);
#10872 = DIRECTION('',(0.,1.,0.));
#10873 = ORIENTED_EDGE('',*,*,#10874,.T.);
#10874 = EDGE_CURVE('',#10867,#10875,#10877,.T.);
#10875 = VERTEX_POINT('',#10876);
#10876 = CARTESIAN_POINT('',(9.9,104.6,0.));
#10877 = LINE('',#10878,#10879);
#10878 = CARTESIAN_POINT('',(-0.1,104.6,0.));
#10879 = VECTOR('',#10880,1.);
#10880 = DIRECTION('',(1.,0.,0.));
#10881 = ORIENTED_EDGE('',*,*,#10882,.T.);
#10882 = EDGE_CURVE('',#10875,#10883,#10885,.T.);
#10883 = VERTEX_POINT('',#10884);
#10884 = CARTESIAN_POINT('',(9.9,108.6,0.));
#10885 = LINE('',#10886,#10887);
#10886 = CARTESIAN_POINT('',(9.9,104.6,0.));
#10887 = VECTOR('',#10888,1.);
#10888 = DIRECTION('',(0.,1.,0.));
#10889 = ORIENTED_EDGE('',*,*,#10890,.F.);
#10890 = EDGE_CURVE('',#10891,#10883,#10893,.T.);
#10891 = VERTEX_POINT('',#10892);
#10892 = CARTESIAN_POINT('',(60.1,108.6,0.));
#10893 = LINE('',#10894,#10895);
#10894 = CARTESIAN_POINT('',(60.1,108.6,0.));
#10895 = VECTOR('',#10896,1.);
#10896 = DIRECTION('',(-1.,0.,0.));
#10897 = ORIENTED_EDGE('',*,*,#10898,.F.);
#10898 = EDGE_CURVE('',#10899,#10891,#10901,.T.);
#10899 = VERTEX_POINT('',#10900);
#10900 = CARTESIAN_POINT('',(60.1,104.6,0.));
#10901 = LINE('',#10902,#10903);
#10902 = CARTESIAN_POINT('',(60.1,104.6,0.));
#10903 = VECTOR('',#10904,1.);
#10904 = DIRECTION('',(0.,1.,0.));
#10905 = ORIENTED_EDGE('',*,*,#10906,.F.);
#10906 = EDGE_CURVE('',#10907,#10899,#10909,.T.);
#10907 = VERTEX_POINT('',#10908);
#10908 = CARTESIAN_POINT('',(70.1,104.6,0.));
#10909 = LINE('',#10910,#10911);
#10910 = CARTESIAN_POINT('',(70.1,104.6,0.));
#10911 = VECTOR('',#10912,1.);
#10912 = DIRECTION('',(-1.,0.,0.));
#10913 = ORIENTED_EDGE('',*,*,#10914,.T.);
#10914 = EDGE_CURVE('',#10907,#10915,#10917,.T.);
#10915 = VERTEX_POINT('',#10916);
#10916 = CARTESIAN_POINT('',(70.1,53.,0.));
#10917 = LINE('',#10918,#10919);
#10918 = CARTESIAN_POINT('',(70.1,104.6,0.));
#10919 = VECTOR('',#10920,1.);
#10920 = DIRECTION('',(0.,-1.,0.));
#10921 = ORIENTED_EDGE('',*,*,#10922,.F.);
#10922 = EDGE_CURVE('',#10923,#10915,#10925,.T.);
#10923 = VERTEX_POINT('',#10924);
#10924 = CARTESIAN_POINT('',(72.05,53.,-1.1E-14));
#10925 = LINE('',#10926,#10927);
#10926 = CARTESIAN_POINT('',(75.,53.,0.));
#10927 = VECTOR('',#10928,1.);
#10928 = DIRECTION('',(-1.,0.,0.));
#10929 = ORIENTED_EDGE('',*,*,#10930,.T.);
#10930 = EDGE_CURVE('',#10923,#10931,#10933,.T.);
#10931 = VERTEX_POINT('',#10932);
#10932 = CARTESIAN_POINT('',(72.05,102.,-2.5E-14));
#10933 = LINE('',#10934,#10935);
#10934 = CARTESIAN_POINT('',(72.05,24.,-5.33E-15));
#10935 = VECTOR('',#10936,1.);
#10936 = DIRECTION('',(0.,1.,-2.5E-16));
#10937 = ORIENTED_EDGE('',*,*,#10938,.F.);
#10938 = EDGE_CURVE('',#10939,#10931,#10941,.T.);
#10939 = VERTEX_POINT('',#10940);
#10940 = CARTESIAN_POINT('',(72.849999999999,102.,-2.5E-14));
#10941 = LINE('',#10942,#10943);
#10942 = CARTESIAN_POINT('',(72.849999999999,102.,-2.511E-14));
#10943 = VECTOR('',#10944,1.);
#10944 = DIRECTION('',(-1.,0.,0.));
#10945 = ORIENTED_EDGE('',*,*,#10946,.F.);
#10946 = EDGE_CURVE('',#10947,#10939,#10949,.T.);
#10947 = VERTEX_POINT('',#10948);
#10948 = CARTESIAN_POINT('',(72.849999999999,53.,-1.1E-14));
#10949 = LINE('',#10950,#10951);
#10950 = CARTESIAN_POINT('',(72.849999999999,24.,-5.33E-15));
#10951 = VECTOR('',#10952,1.);
#10952 = DIRECTION('',(0.,1.,-2.5E-16));
#10953 = ORIENTED_EDGE('',*,*,#10954,.F.);
#10954 = EDGE_CURVE('',#10955,#10947,#10957,.T.);
#10955 = VERTEX_POINT('',#10956);
#10956 = CARTESIAN_POINT('',(75.,53.,0.));
#10957 = LINE('',#10958,#10959);
#10958 = CARTESIAN_POINT('',(75.,53.,0.));
#10959 = VECTOR('',#10960,1.);
#10960 = DIRECTION('',(-1.,0.,0.));
#10961 = ORIENTED_EDGE('',*,*,#10962,.F.);
#10962 = EDGE_CURVE('',#10804,#10955,#10963,.T.);
#10963 = LINE('',#10964,#10965);
#10964 = CARTESIAN_POINT('',(75.,110.,0.));
#10965 = VECTOR('',#10966,1.);
#10966 = DIRECTION('',(0.,-1.,0.));
#10967 = PLANE('',#10968);
#10968 = AXIS2_PLACEMENT_3D('',#10969,#10970,#10971);
#10969 = CARTESIAN_POINT('',(35.,91.222949117342,0.));
#10970 = DIRECTION('',(0.,0.,1.));
#10971 = DIRECTION('',(1.,0.,0.));
#10972 = ADVANCED_FACE('',(#10973),#10991,.T.);
#10973 = FACE_BOUND('',#10974,.T.);
#10974 = EDGE_LOOP('',(#10975,#10976,#10977,#10985));
#10975 = ORIENTED_EDGE('',*,*,#10819,.F.);
#10976 = ORIENTED_EDGE('',*,*,#10787,.T.);
#10977 = ORIENTED_EDGE('',*,*,#10978,.T.);
#10978 = EDGE_CURVE('',#10780,#10979,#10981,.T.);
#10979 = VERTEX_POINT('',#10980);
#10980 = CARTESIAN_POINT('',(-3.,110.,29.));
#10981 = LINE('',#10982,#10983);
#10982 = CARTESIAN_POINT('',(-4.,109.,29.));
#10983 = VECTOR('',#10984,1.);
#10984 = DIRECTION('',(0.707106781187,0.707106781187,9.71E-15));
#10985 = ORIENTED_EDGE('',*,*,#10986,.F.);
#10986 = EDGE_CURVE('',#10812,#10979,#10987,.T.);
#10987 = LINE('',#10988,#10989);
#10988 = CARTESIAN_POINT('',(-3.,110.,0.));
#10989 = VECTOR('',#10990,1.);
#10990 = DIRECTION('',(0.,0.,1.));
#10991 = PLANE('',#10992);
#10992 = AXIS2_PLACEMENT_3D('',#10993,#10994,#10995);
#10993 = CARTESIAN_POINT('',(-4.,109.,0.));
#10994 = DIRECTION('',(-0.707106781187,0.707106781187,0.));
#10995 = DIRECTION('',(0.,0.,1.));
#10996 = ADVANCED_FACE('',(#10997),#11022,.F.);
#10997 = FACE_BOUND('',#10998,.F.);
#10998 = EDGE_LOOP('',(#10999,#11000,#11001,#11009,#11015,#11016));
#10999 = ORIENTED_EDGE('',*,*,#10826,.F.);
#11000 = ORIENTED_EDGE('',*,*,#10721,.T.);
#11001 = ORIENTED_EDGE('',*,*,#11002,.T.);
#11002 = EDGE_CURVE('',#10722,#11003,#11005,.T.);
#11003 = VERTEX_POINT('',#11004);
#11004 = CARTESIAN_POINT('',(-0.1,53.,2.));
#11005 = LINE('',#11006,#11007);
#11006 = CARTESIAN_POINT('',(-5.,53.,2.));
#11007 = VECTOR('',#11008,1.);
#11008 = DIRECTION('',(1.,0.,0.));
#11009 = ORIENTED_EDGE('',*,*,#11010,.F.);
#11010 = EDGE_CURVE('',#10859,#11003,#11011,.T.);
#11011 = LINE('',#11012,#11013);
#11012 = CARTESIAN_POINT('',(-0.1,53.,0.));
#11013 = VECTOR('',#11014,1.);
#11014 = DIRECTION('',(0.,0.,1.));
#11015 = ORIENTED_EDGE('',*,*,#10858,.F.);
#11016 = ORIENTED_EDGE('',*,*,#11017,.F.);
#11017 = EDGE_CURVE('',#10827,#10851,#11018,.T.);
#11018 = LINE('',#11019,#11020);
#11019 = CARTESIAN_POINT('',(-5.,53.,0.));
#11020 = VECTOR('',#11021,1.);
#11021 = DIRECTION('',(1.,0.,0.));
#11022 = PLANE('',#11023);
#11023 = AXIS2_PLACEMENT_3D('',#11024,#11025,#11026);
#11024 = CARTESIAN_POINT('',(-5.,53.,0.));
#11025 = DIRECTION('',(0.,1.,0.));
#11026 = DIRECTION('',(1.,0.,0.));
#11027 = ADVANCED_FACE('',(#11028),#11053,.T.);
#11028 = FACE_BOUND('',#11029,.T.);
#11029 = EDGE_LOOP('',(#11030,#11038,#11039,#11047));
#11030 = ORIENTED_EDGE('',*,*,#11031,.T.);
#11031 = EDGE_CURVE('',#11032,#10780,#11034,.T.);
#11032 = VERTEX_POINT('',#11033);
#11033 = CARTESIAN_POINT('',(-3.,108.,31.));
#11034 = LINE('',#11035,#11036);
#11035 = CARTESIAN_POINT('',(-3.5,108.,30.5));
#11036 = VECTOR('',#11037,1.);
#11037 = DIRECTION('',(-0.707106781187,5.8E-16,-0.707106781187));
#11038 = ORIENTED_EDGE('',*,*,#10779,.T.);
#11039 = ORIENTED_EDGE('',*,*,#11040,.T.);
#11040 = EDGE_CURVE('',#10771,#11041,#11043,.T.);
#11041 = VERTEX_POINT('',#11042);
#11042 = CARTESIAN_POINT('',(-3.,32.9999,31.));
#11043 = LINE('',#11044,#11045);
#11044 = CARTESIAN_POINT('',(-4.,32.9999,30.));
#11045 = VECTOR('',#11046,1.);
#11046 = DIRECTION('',(0.707106781187,1.6E-16,0.707106781187));
#11047 = ORIENTED_EDGE('',*,*,#11048,.F.);
#11048 = EDGE_CURVE('',#11032,#11041,#11049,.T.);
#11049 = LINE('',#11050,#11051);
#11050 = CARTESIAN_POINT('',(-3.,110.,31.));
#11051 = VECTOR('',#11052,1.);
#11052 = DIRECTION('',(0.,-1.,2.2E-16));
#11053 = PLANE('',#11054);
#11054 = AXIS2_PLACEMENT_3D('',#11055,#11056,#11057);
#11055 = CARTESIAN_POINT('',(-4.,110.,30.));
#11056 = DIRECTION('',(-0.707106781187,0.,0.707106781187));
#11057 = DIRECTION('',(1.1E-16,-1.,1.1E-16));
#11058 = ADVANCED_FACE('',(#11059),#11125,.T.);
#11059 = FACE_BOUND('',#11060,.T.);
#11060 = EDGE_LOOP('',(#11061,#11062,#11063,#11071,#11079,#11087,#11095,
    #11103,#11111,#11119));
#11061 = ORIENTED_EDGE('',*,*,#10729,.F.);
#11062 = ORIENTED_EDGE('',*,*,#11002,.T.);
#11063 = ORIENTED_EDGE('',*,*,#11064,.T.);
#11064 = EDGE_CURVE('',#11003,#11065,#11067,.T.);
#11065 = VERTEX_POINT('',#11066);
#11066 = CARTESIAN_POINT('',(-0.1,28.,2.));
#11067 = LINE('',#11068,#11069);
#11068 = CARTESIAN_POINT('',(-0.1,53.,2.));
#11069 = VECTOR('',#11070,1.);
#11070 = DIRECTION('',(0.,-1.,2.2E-16));
#11071 = ORIENTED_EDGE('',*,*,#11072,.T.);
#11072 = EDGE_CURVE('',#11065,#11073,#11075,.T.);
#11073 = VERTEX_POINT('',#11074);
#11074 = CARTESIAN_POINT('',(70.1,28.,2.));
#11075 = LINE('',#11076,#11077);
#11076 = CARTESIAN_POINT('',(-0.1,28.,2.));
#11077 = VECTOR('',#11078,1.);
#11078 = DIRECTION('',(1.,0.,0.));
#11079 = ORIENTED_EDGE('',*,*,#11080,.F.);
#11080 = EDGE_CURVE('',#11081,#11073,#11083,.T.);
#11081 = VERTEX_POINT('',#11082);
#11082 = CARTESIAN_POINT('',(70.1,53.,2.));
#11083 = LINE('',#11084,#11085);
#11084 = CARTESIAN_POINT('',(70.1,53.,2.));
#11085 = VECTOR('',#11086,1.);
#11086 = DIRECTION('',(0.,-1.,2.2E-16));
#11087 = ORIENTED_EDGE('',*,*,#11088,.T.);
#11088 = EDGE_CURVE('',#11081,#11089,#11091,.T.);
#11089 = VERTEX_POINT('',#11090);
#11090 = CARTESIAN_POINT('',(75.,53.,2.));
#11091 = LINE('',#11092,#11093);
#11092 = CARTESIAN_POINT('',(70.1,53.,2.));
#11093 = VECTOR('',#11094,1.);
#11094 = DIRECTION('',(1.,0.,0.));
#11095 = ORIENTED_EDGE('',*,*,#11096,.T.);
#11096 = EDGE_CURVE('',#11089,#11097,#11099,.T.);
#11097 = VERTEX_POINT('',#11098);
#11098 = CARTESIAN_POINT('',(75.,25.,2.));
#11099 = LINE('',#11100,#11101);
#11100 = CARTESIAN_POINT('',(75.,53.,2.));
#11101 = VECTOR('',#11102,1.);
#11102 = DIRECTION('',(0.,-1.,2.2E-16));
#11103 = ORIENTED_EDGE('',*,*,#11104,.F.);
#11104 = EDGE_CURVE('',#11105,#11097,#11107,.T.);
#11105 = VERTEX_POINT('',#11106);
#11106 = CARTESIAN_POINT('',(73.,23.,2.));
#11107 = LINE('',#11108,#11109);
#11108 = CARTESIAN_POINT('',(66.240740740741,16.240740740741,2.));
#11109 = VECTOR('',#11110,1.);
#11110 = DIRECTION('',(0.707106781187,0.707106781187,-1.6E-16));
#11111 = ORIENTED_EDGE('',*,*,#11112,.F.);
#11112 = EDGE_CURVE('',#11113,#11105,#11115,.T.);
#11113 = VERTEX_POINT('',#11114);
#11114 = CARTESIAN_POINT('',(-3.,23.,2.));
#11115 = LINE('',#11116,#11117);
#11116 = CARTESIAN_POINT('',(-5.,23.,2.));
#11117 = VECTOR('',#11118,1.);
#11118 = DIRECTION('',(1.,0.,0.));
#11119 = ORIENTED_EDGE('',*,*,#11120,.F.);
#11120 = EDGE_CURVE('',#10730,#11113,#11121,.T.);
#11121 = LINE('',#11122,#11123);
#11122 = CARTESIAN_POINT('',(3.759259259259,16.240740740741,2.));
#11123 = VECTOR('',#11124,1.);
#11124 = DIRECTION('',(0.707106781187,-0.707106781187,1.6E-16));
#11125 = PLANE('',#11126);
#11126 = AXIS2_PLACEMENT_3D('',#11127,#11128,#11129);
#11127 = CARTESIAN_POINT('',(35.,31.962962962963,2.));
#11128 = DIRECTION('',(-0.,-2.2E-16,-1.));
#11129 = DIRECTION('',(0.,-1.,2.2E-16));
#11130 = ADVANCED_FACE('',(#11131),#11150,.T.);
#11131 = FACE_BOUND('',#11132,.T.);
#11132 = EDGE_LOOP('',(#11133,#11134,#11135,#11143));
#11133 = ORIENTED_EDGE('',*,*,#11040,.F.);
#11134 = ORIENTED_EDGE('',*,*,#10770,.T.);
#11135 = ORIENTED_EDGE('',*,*,#11136,.T.);
#11136 = EDGE_CURVE('',#10763,#11137,#11139,.T.);
#11137 = VERTEX_POINT('',#11138);
#11138 = CARTESIAN_POINT('',(-3.,28.,26.0001));
#11139 = LINE('',#11140,#11141);
#11140 = CARTESIAN_POINT('',(-3.,28.,26.0001));
#11141 = VECTOR('',#11142,1.);
#11142 = DIRECTION('',(0.707106781187,-0.707106781187,4.E-17));
#11143 = ORIENTED_EDGE('',*,*,#11144,.F.);
#11144 = EDGE_CURVE('',#11041,#11137,#11145,.T.);
#11145 = CIRCLE('',#11146,4.9999);
#11146 = AXIS2_PLACEMENT_3D('',#11147,#11148,#11149);
#11147 = CARTESIAN_POINT('',(-3.,32.9999,26.0001));
#11148 = DIRECTION('',(1.,0.,-0.));
#11149 = DIRECTION('',(0.,0.,1.));
#11150 = CONICAL_SURFACE('',#11151,4.9999,0.785398163397);
#11151 = AXIS2_PLACEMENT_3D('',#11152,#11153,#11154);
#11152 = CARTESIAN_POINT('',(-3.,32.9999,26.0001));
#11153 = DIRECTION('',(1.,0.,0.));
#11154 = DIRECTION('',(0.,0.,1.));
#11155 = ADVANCED_FACE('',(#11156),#11174,.T.);
#11156 = FACE_BOUND('',#11157,.T.);
#11157 = EDGE_LOOP('',(#11158,#11166,#11167,#11168));
#11158 = ORIENTED_EDGE('',*,*,#11159,.F.);
#11159 = EDGE_CURVE('',#10738,#11160,#11162,.T.);
#11160 = VERTEX_POINT('',#11161);
#11161 = CARTESIAN_POINT('',(-3.,23.,2.0001));
#11162 = LINE('',#11163,#11164);
#11163 = CARTESIAN_POINT('',(-3.,23.,2.0001));
#11164 = VECTOR('',#11165,1.);
#11165 = DIRECTION('',(0.707106781187,-0.707106781187,5.1E-16));
#11166 = ORIENTED_EDGE('',*,*,#10737,.T.);
#11167 = ORIENTED_EDGE('',*,*,#11120,.T.);
#11168 = ORIENTED_EDGE('',*,*,#11169,.F.);
#11169 = EDGE_CURVE('',#11160,#11113,#11170,.T.);
#11170 = LINE('',#11171,#11172);
#11171 = CARTESIAN_POINT('',(-3.,23.,2.0001));
#11172 = VECTOR('',#11173,1.);
#11173 = DIRECTION('',(0.,-2.2E-16,-1.));
#11174 = PLANE('',#11175);
#11175 = AXIS2_PLACEMENT_3D('',#11176,#11177,#11178);
#11176 = CARTESIAN_POINT('',(-4.,24.,2.0001));
#11177 = DIRECTION('',(-0.707106781187,-0.707106781187,0.));
#11178 = DIRECTION('',(1.1E-16,-1.1E-16,-1.));
#11179 = ADVANCED_FACE('',(#11180),#11198,.T.);
#11180 = FACE_BOUND('',#11181,.T.);
#11181 = EDGE_LOOP('',(#11182,#11183,#11184,#11192));
#11182 = ORIENTED_EDGE('',*,*,#11136,.F.);
#11183 = ORIENTED_EDGE('',*,*,#10762,.T.);
#11184 = ORIENTED_EDGE('',*,*,#11185,.T.);
#11185 = EDGE_CURVE('',#10755,#11186,#11188,.T.);
#11186 = VERTEX_POINT('',#11187);
#11187 = CARTESIAN_POINT('',(-3.,28.,7.));
#11188 = LINE('',#11189,#11190);
#11189 = CARTESIAN_POINT('',(-0.499983333333,25.499983333333,
    9.500016666667));
#11190 = VECTOR('',#11191,1.);
#11191 = DIRECTION('',(0.57735026919,-0.57735026919,0.57735026919));
#11192 = ORIENTED_EDGE('',*,*,#11193,.F.);
#11193 = EDGE_CURVE('',#11137,#11186,#11194,.T.);
#11194 = LINE('',#11195,#11196);
#11195 = CARTESIAN_POINT('',(-3.,28.,26.0001));
#11196 = VECTOR('',#11197,1.);
#11197 = DIRECTION('',(0.,0.,-1.));
#11198 = PLANE('',#11199);
#11199 = AXIS2_PLACEMENT_3D('',#11200,#11201,#11202);
#11200 = CARTESIAN_POINT('',(-4.,29.,26.0001));
#11201 = DIRECTION('',(-0.707106781187,-0.707106781187,0.));
#11202 = DIRECTION('',(0.,0.,-1.));
#11203 = ADVANCED_FACE('',(#11204),#11223,.T.);
#11204 = FACE_BOUND('',#11205,.T.);
#11205 = EDGE_LOOP('',(#11206,#11214,#11215,#11216));
#11206 = ORIENTED_EDGE('',*,*,#11207,.F.);
#11207 = EDGE_CURVE('',#10746,#11208,#11210,.T.);
#11208 = VERTEX_POINT('',#11209);
#11209 = CARTESIAN_POINT('',(-3.,27.9999,7.));
#11210 = LINE('',#11211,#11212);
#11211 = CARTESIAN_POINT('',(-4.,27.9999,6.));
#11212 = VECTOR('',#11213,1.);
#11213 = DIRECTION('',(0.707106781187,0.,0.707106781187));
#11214 = ORIENTED_EDGE('',*,*,#10745,.T.);
#11215 = ORIENTED_EDGE('',*,*,#11159,.T.);
#11216 = ORIENTED_EDGE('',*,*,#11217,.F.);
#11217 = EDGE_CURVE('',#11208,#11160,#11218,.T.);
#11218 = CIRCLE('',#11219,4.9999);
#11219 = AXIS2_PLACEMENT_3D('',#11220,#11221,#11222);
#11220 = CARTESIAN_POINT('',(-3.,27.9999,2.0001));
#11221 = DIRECTION('',(1.,0.,-0.));
#11222 = DIRECTION('',(0.,0.,1.));
#11223 = CONICAL_SURFACE('',#11224,4.9999,0.785398163397);
#11224 = AXIS2_PLACEMENT_3D('',#11225,#11226,#11227);
#11225 = CARTESIAN_POINT('',(-3.,27.9999,2.0001));
#11226 = DIRECTION('',(1.,0.,0.));
#11227 = DIRECTION('',(0.,0.,1.));
#11228 = ADVANCED_FACE('',(#11229),#11240,.T.);
#11229 = FACE_BOUND('',#11230,.T.);
#11230 = EDGE_LOOP('',(#11231,#11232,#11233,#11234));
#11231 = ORIENTED_EDGE('',*,*,#11185,.F.);
#11232 = ORIENTED_EDGE('',*,*,#10754,.T.);
#11233 = ORIENTED_EDGE('',*,*,#11207,.T.);
#11234 = ORIENTED_EDGE('',*,*,#11235,.F.);
#11235 = EDGE_CURVE('',#11186,#11208,#11236,.T.);
#11236 = LINE('',#11237,#11238);
#11237 = CARTESIAN_POINT('',(-3.,28.,7.));
#11238 = VECTOR('',#11239,1.);
#11239 = DIRECTION('',(0.,-1.,0.));
#11240 = PLANE('',#11241);
#11241 = AXIS2_PLACEMENT_3D('',#11242,#11243,#11244);
#11242 = CARTESIAN_POINT('',(-4.,28.,6.));
#11243 = DIRECTION('',(-0.707106781187,0.,0.707106781187));
#11244 = DIRECTION('',(0.,-1.,0.));
#11245 = ADVANCED_FACE('',(#11246),#11271,.T.);
#11246 = FACE_BOUND('',#11247,.T.);
#11247 = EDGE_LOOP('',(#11248,#11249,#11257,#11265));
#11248 = ORIENTED_EDGE('',*,*,#10801,.F.);
#11249 = ORIENTED_EDGE('',*,*,#11250,.T.);
#11250 = EDGE_CURVE('',#10802,#11251,#11253,.T.);
#11251 = VERTEX_POINT('',#11252);
#11252 = CARTESIAN_POINT('',(73.,110.,29.));
#11253 = LINE('',#11254,#11255);
#11254 = CARTESIAN_POINT('',(73.,110.,0.));
#11255 = VECTOR('',#11256,1.);
#11256 = DIRECTION('',(0.,0.,1.));
#11257 = ORIENTED_EDGE('',*,*,#11258,.F.);
#11258 = EDGE_CURVE('',#11259,#11251,#11261,.T.);
#11259 = VERTEX_POINT('',#11260);
#11260 = CARTESIAN_POINT('',(75.,108.,29.));
#11261 = LINE('',#11262,#11263);
#11262 = CARTESIAN_POINT('',(74.5,108.5,29.));
#11263 = VECTOR('',#11264,1.);
#11264 = DIRECTION('',(-0.707106781187,0.707106781187,7.6E-15));
#11265 = ORIENTED_EDGE('',*,*,#11266,.F.);
#11266 = EDGE_CURVE('',#10804,#11259,#11267,.T.);
#11267 = LINE('',#11268,#11269);
#11268 = CARTESIAN_POINT('',(75.,108.,0.));
#11269 = VECTOR('',#11270,1.);
#11270 = DIRECTION('',(0.,0.,1.));
#11271 = PLANE('',#11272);
#11272 = AXIS2_PLACEMENT_3D('',#11273,#11274,#11275);
#11273 = CARTESIAN_POINT('',(74.,109.,0.));
#11274 = DIRECTION('',(0.707106781187,0.707106781187,0.));
#11275 = DIRECTION('',(0.,0.,1.));
#11276 = ADVANCED_FACE('',(#11277),#11336,.T.);
#11277 = FACE_BOUND('',#11278,.T.);
#11278 = EDGE_LOOP('',(#11279,#11280,#11286,#11287,#11288,#11296,#11305,
    #11313,#11321,#11330));
#11279 = ORIENTED_EDGE('',*,*,#11096,.F.);
#11280 = ORIENTED_EDGE('',*,*,#11281,.F.);
#11281 = EDGE_CURVE('',#10955,#11089,#11282,.T.);
#11282 = LINE('',#11283,#11284);
#11283 = CARTESIAN_POINT('',(75.,53.,0.));
#11284 = VECTOR('',#11285,1.);
#11285 = DIRECTION('',(0.,0.,1.));
#11286 = ORIENTED_EDGE('',*,*,#10962,.F.);
#11287 = ORIENTED_EDGE('',*,*,#11266,.T.);
#11288 = ORIENTED_EDGE('',*,*,#11289,.F.);
#11289 = EDGE_CURVE('',#11290,#11259,#11292,.T.);
#11290 = VERTEX_POINT('',#11291);
#11291 = CARTESIAN_POINT('',(75.,32.9999,29.));
#11292 = LINE('',#11293,#11294);
#11293 = CARTESIAN_POINT('',(75.,32.9999,29.));
#11294 = VECTOR('',#11295,1.);
#11295 = DIRECTION('',(0.,1.,-2.2E-16));
#11296 = ORIENTED_EDGE('',*,*,#11297,.F.);
#11297 = EDGE_CURVE('',#11298,#11290,#11300,.T.);
#11298 = VERTEX_POINT('',#11299);
#11299 = CARTESIAN_POINT('',(75.,30.,26.0001));
#11300 = CIRCLE('',#11301,2.9999);
#11301 = AXIS2_PLACEMENT_3D('',#11302,#11303,#11304);
#11302 = CARTESIAN_POINT('',(75.,32.9999,26.0001));
#11303 = DIRECTION('',(-1.,0.,0.));
#11304 = DIRECTION('',(0.,-1.,0.));
#11305 = ORIENTED_EDGE('',*,*,#11306,.F.);
#11306 = EDGE_CURVE('',#11307,#11298,#11309,.T.);
#11307 = VERTEX_POINT('',#11308);
#11308 = CARTESIAN_POINT('',(75.,30.,5.));
#11309 = LINE('',#11310,#11311);
#11310 = CARTESIAN_POINT('',(75.,30.,7.));
#11311 = VECTOR('',#11312,1.);
#11312 = DIRECTION('',(0.,0.,1.));
#11313 = ORIENTED_EDGE('',*,*,#11314,.T.);
#11314 = EDGE_CURVE('',#11307,#11315,#11317,.T.);
#11315 = VERTEX_POINT('',#11316);
#11316 = CARTESIAN_POINT('',(75.,27.9999,5.));
#11317 = LINE('',#11318,#11319);
#11318 = CARTESIAN_POINT('',(75.,28.,5.));
#11319 = VECTOR('',#11320,1.);
#11320 = DIRECTION('',(-0.,-1.,-0.));
#11321 = ORIENTED_EDGE('',*,*,#11322,.T.);
#11322 = EDGE_CURVE('',#11315,#11323,#11325,.T.);
#11323 = VERTEX_POINT('',#11324);
#11324 = CARTESIAN_POINT('',(75.,25.,2.0001));
#11325 = CIRCLE('',#11326,2.9999);
#11326 = AXIS2_PLACEMENT_3D('',#11327,#11328,#11329);
#11327 = CARTESIAN_POINT('',(75.,27.9999,2.0001));
#11328 = DIRECTION('',(1.,0.,-0.));
#11329 = DIRECTION('',(0.,0.,1.));
#11330 = ORIENTED_EDGE('',*,*,#11331,.T.);
#11331 = EDGE_CURVE('',#11323,#11097,#11332,.T.);
#11332 = LINE('',#11333,#11334);
#11333 = CARTESIAN_POINT('',(75.,25.,2.0001));
#11334 = VECTOR('',#11335,1.);
#11335 = DIRECTION('',(-0.,-2.2E-16,-1.));
#11336 = PLANE('',#11337);
#11337 = AXIS2_PLACEMENT_3D('',#11338,#11339,#11340);
#11338 = CARTESIAN_POINT('',(75.,66.754237288136,15.754237288136));
#11339 = DIRECTION('',(1.,0.,0.));
#11340 = DIRECTION('',(0.,0.,1.));
#11341 = ADVANCED_FACE('',(#11342),#11360,.T.);
#11342 = FACE_BOUND('',#11343,.T.);
#11343 = EDGE_LOOP('',(#11344,#11345,#11346,#11347,#11353,#11354));
#11344 = ORIENTED_EDGE('',*,*,#10954,.F.);
#11345 = ORIENTED_EDGE('',*,*,#11281,.T.);
#11346 = ORIENTED_EDGE('',*,*,#11088,.F.);
#11347 = ORIENTED_EDGE('',*,*,#11348,.F.);
#11348 = EDGE_CURVE('',#10915,#11081,#11349,.T.);
#11349 = LINE('',#11350,#11351);
#11350 = CARTESIAN_POINT('',(70.1,53.,0.));
#11351 = VECTOR('',#11352,1.);
#11352 = DIRECTION('',(0.,0.,1.));
#11353 = ORIENTED_EDGE('',*,*,#10922,.F.);
#11354 = ORIENTED_EDGE('',*,*,#11355,.F.);
#11355 = EDGE_CURVE('',#10947,#10923,#11356,.T.);
#11356 = LINE('',#11357,#11358);
#11357 = CARTESIAN_POINT('',(75.,53.,0.));
#11358 = VECTOR('',#11359,1.);
#11359 = DIRECTION('',(-1.,0.,0.));
#11360 = PLANE('',#11361);
#11361 = AXIS2_PLACEMENT_3D('',#11362,#11363,#11364);
#11362 = CARTESIAN_POINT('',(75.,53.,0.));
#11363 = DIRECTION('',(0.,-1.,0.));
#11364 = DIRECTION('',(-1.,0.,0.));
#11365 = ADVANCED_FACE('',(#11366),#11391,.T.);
#11366 = FACE_BOUND('',#11367,.T.);
#11367 = EDGE_LOOP('',(#11368,#11376,#11384,#11390));
#11368 = ORIENTED_EDGE('',*,*,#11369,.T.);
#11369 = EDGE_CURVE('',#10947,#11370,#11372,.T.);
#11370 = VERTEX_POINT('',#11371);
#11371 = CARTESIAN_POINT('',(72.849999999999,53.,-3.500000000003));
#11372 = LINE('',#11373,#11374);
#11373 = CARTESIAN_POINT('',(72.849999999999,53.,-1.750000000001));
#11374 = VECTOR('',#11375,1.);
#11375 = DIRECTION('',(0.,0.,-1.));
#11376 = ORIENTED_EDGE('',*,*,#11377,.T.);
#11377 = EDGE_CURVE('',#11370,#11378,#11380,.T.);
#11378 = VERTEX_POINT('',#11379);
#11379 = CARTESIAN_POINT('',(72.849999999999,102.,-3.500000000003));
#11380 = LINE('',#11381,#11382);
#11381 = CARTESIAN_POINT('',(72.849999999999,24.,-3.500000000003));
#11382 = VECTOR('',#11383,1.);
#11383 = DIRECTION('',(0.,1.,-2.5E-16));
#11384 = ORIENTED_EDGE('',*,*,#11385,.T.);
#11385 = EDGE_CURVE('',#11378,#10939,#11386,.T.);
#11386 = LINE('',#11387,#11388);
#11387 = CARTESIAN_POINT('',(72.849999999999,102.,-3.500000000003));
#11388 = VECTOR('',#11389,1.);
#11389 = DIRECTION('',(0.,0.,1.));
#11390 = ORIENTED_EDGE('',*,*,#10946,.F.);
#11391 = PLANE('',#11392);
#11392 = AXIS2_PLACEMENT_3D('',#11393,#11394,#11395);
#11393 = CARTESIAN_POINT('',(72.849999999999,24.,-3.500000000003));
#11394 = DIRECTION('',(1.,0.,0.));
#11395 = DIRECTION('',(0.,2.2E-16,1.));
#11396 = ADVANCED_FACE('',(#11397),#11447,.T.);
#11397 = FACE_BOUND('',#11398,.F.);
#11398 = EDGE_LOOP('',(#11399,#11407,#11415,#11423,#11431,#11439,#11445,
    #11446));
#11399 = ORIENTED_EDGE('',*,*,#11400,.T.);
#11400 = EDGE_CURVE('',#10931,#11401,#11403,.T.);
#11401 = VERTEX_POINT('',#11402);
#11402 = CARTESIAN_POINT('',(72.05,102.,-2.700000000001));
#11403 = LINE('',#11404,#11405);
#11404 = CARTESIAN_POINT('',(72.05,102.,-2.511E-14));
#11405 = VECTOR('',#11406,1.);
#11406 = DIRECTION('',(0.,0.,-1.));
#11407 = ORIENTED_EDGE('',*,*,#11408,.T.);
#11408 = EDGE_CURVE('',#11401,#11409,#11411,.T.);
#11409 = VERTEX_POINT('',#11410);
#11410 = CARTESIAN_POINT('',(71.449999999999,102.,-3.300000000002));
#11411 = LINE('',#11412,#11413);
#11412 = CARTESIAN_POINT('',(72.05,102.,-2.700000000001));
#11413 = VECTOR('',#11414,1.);
#11414 = DIRECTION('',(-0.707106781187,-0.,-0.707106781187));
#11415 = ORIENTED_EDGE('',*,*,#11416,.T.);
#11416 = EDGE_CURVE('',#11409,#11417,#11419,.T.);
#11417 = VERTEX_POINT('',#11418);
#11418 = CARTESIAN_POINT('',(71.449999999999,102.,-3.500000000003));
#11419 = LINE('',#11420,#11421);
#11420 = CARTESIAN_POINT('',(71.449999999999,102.,-3.300000000002));
#11421 = VECTOR('',#11422,1.);
#11422 = DIRECTION('',(0.,0.,-1.));
#11423 = ORIENTED_EDGE('',*,*,#11424,.T.);
#11424 = EDGE_CURVE('',#11417,#11425,#11427,.T.);
#11425 = VERTEX_POINT('',#11426);
#11426 = CARTESIAN_POINT('',(72.049999999999,102.,-4.100000000003));
#11427 = LINE('',#11428,#11429);
#11428 = CARTESIAN_POINT('',(71.449999999999,102.,-3.500000000003));
#11429 = VECTOR('',#11430,1.);
#11430 = DIRECTION('',(0.707106781187,0.,-0.707106781187));
#11431 = ORIENTED_EDGE('',*,*,#11432,.T.);
#11432 = EDGE_CURVE('',#11425,#11433,#11435,.T.);
#11433 = VERTEX_POINT('',#11434);
#11434 = CARTESIAN_POINT('',(72.249999999999,102.,-4.100000000003));
#11435 = LINE('',#11436,#11437);
#11436 = CARTESIAN_POINT('',(72.049999999999,102.,-4.100000000003));
#11437 = VECTOR('',#11438,1.);
#11438 = DIRECTION('',(1.,0.,0.));
#11439 = ORIENTED_EDGE('',*,*,#11440,.T.);
#11440 = EDGE_CURVE('',#11433,#11378,#11441,.T.);
#11441 = LINE('',#11442,#11443);
#11442 = CARTESIAN_POINT('',(72.249999999999,102.,-4.100000000003));
#11443 = VECTOR('',#11444,1.);
#11444 = DIRECTION('',(0.707106781187,0.,0.707106781187));
#11445 = ORIENTED_EDGE('',*,*,#11385,.T.);
#11446 = ORIENTED_EDGE('',*,*,#10938,.T.);
#11447 = PLANE('',#11448);
#11448 = AXIS2_PLACEMENT_3D('',#11449,#11450,#11451);
#11449 = CARTESIAN_POINT('',(35.000000000009,102.,-2.037527149405));
#11450 = DIRECTION('',(0.,1.,-2.5E-16));
#11451 = DIRECTION('',(0.,2.5E-16,1.));
#11452 = ADVANCED_FACE('',(#11453),#11471,.T.);
#11453 = FACE_BOUND('',#11454,.T.);
#11454 = EDGE_LOOP('',(#11455,#11463,#11464,#11465));
#11455 = ORIENTED_EDGE('',*,*,#11456,.T.);
#11456 = EDGE_CURVE('',#11457,#10923,#11459,.T.);
#11457 = VERTEX_POINT('',#11458);
#11458 = CARTESIAN_POINT('',(72.05,53.,-2.700000000001));
#11459 = LINE('',#11460,#11461);
#11460 = CARTESIAN_POINT('',(72.05,53.,-2.66E-15));
#11461 = VECTOR('',#11462,1.);
#11462 = DIRECTION('',(0.,0.,1.));
#11463 = ORIENTED_EDGE('',*,*,#10930,.T.);
#11464 = ORIENTED_EDGE('',*,*,#11400,.T.);
#11465 = ORIENTED_EDGE('',*,*,#11466,.F.);
#11466 = EDGE_CURVE('',#11457,#11401,#11467,.T.);
#11467 = LINE('',#11468,#11469);
#11468 = CARTESIAN_POINT('',(72.05,24.,-2.700000000001));
#11469 = VECTOR('',#11470,1.);
#11470 = DIRECTION('',(0.,1.,-2.5E-16));
#11471 = PLANE('',#11472);
#11472 = AXIS2_PLACEMENT_3D('',#11473,#11474,#11475);
#11473 = CARTESIAN_POINT('',(72.05,24.,-5.33E-15));
#11474 = DIRECTION('',(-1.,0.,0.));
#11475 = DIRECTION('',(-0.,-2.2E-16,-1.));
#11476 = ADVANCED_FACE('',(#11477),#11512,.T.);
#11477 = FACE_BOUND('',#11478,.T.);
#11478 = EDGE_LOOP('',(#11479,#11487,#11488,#11489,#11490,#11498,#11506)
  );
#11479 = ORIENTED_EDGE('',*,*,#11480,.F.);
#11480 = EDGE_CURVE('',#10907,#11481,#11483,.T.);
#11481 = VERTEX_POINT('',#11482);
#11482 = CARTESIAN_POINT('',(70.1,104.6,27.35));
#11483 = LINE('',#11484,#11485);
#11484 = CARTESIAN_POINT('',(70.1,104.6,0.));
#11485 = VECTOR('',#11486,1.);
#11486 = DIRECTION('',(0.,0.,1.));
#11487 = ORIENTED_EDGE('',*,*,#10914,.T.);
#11488 = ORIENTED_EDGE('',*,*,#11348,.T.);
#11489 = ORIENTED_EDGE('',*,*,#11080,.T.);
#11490 = ORIENTED_EDGE('',*,*,#11491,.F.);
#11491 = EDGE_CURVE('',#11492,#11073,#11494,.T.);
#11492 = VERTEX_POINT('',#11493);
#11493 = CARTESIAN_POINT('',(70.1,33.,6.999999999984));
#11494 = LINE('',#11495,#11496);
#11495 = CARTESIAN_POINT('',(70.1,40.040053285997,14.040053285957));
#11496 = VECTOR('',#11497,1.);
#11497 = DIRECTION('',(0.,-0.707106781188,-0.707106781185));
#11498 = ORIENTED_EDGE('',*,*,#11499,.F.);
#11499 = EDGE_CURVE('',#11500,#11492,#11502,.T.);
#11500 = VERTEX_POINT('',#11501);
#11501 = CARTESIAN_POINT('',(70.1,33.,27.35));
#11502 = LINE('',#11503,#11504);
#11503 = CARTESIAN_POINT('',(70.1,33.,10.96505328596));
#11504 = VECTOR('',#11505,1.);
#11505 = DIRECTION('',(0.,0.,-1.));
#11506 = ORIENTED_EDGE('',*,*,#11507,.F.);
#11507 = EDGE_CURVE('',#11481,#11500,#11508,.T.);
#11508 = LINE('',#11509,#11510);
#11509 = CARTESIAN_POINT('',(70.1,53.,27.35));
#11510 = VECTOR('',#11511,1.);
#11511 = DIRECTION('',(0.,-1.,0.));
#11512 = PLANE('',#11513);
#11513 = AXIS2_PLACEMENT_3D('',#11514,#11515,#11516);
#11514 = CARTESIAN_POINT('',(70.1,63.230106571936,14.930106571936));
#11515 = DIRECTION('',(-1.,-0.,-0.));
#11516 = DIRECTION('',(0.,0.,-1.));
#11517 = ADVANCED_FACE('',(#11518),#11536,.T.);
#11518 = FACE_BOUND('',#11519,.T.);
#11519 = EDGE_LOOP('',(#11520,#11521,#11522,#11530));
#11520 = ORIENTED_EDGE('',*,*,#10906,.F.);
#11521 = ORIENTED_EDGE('',*,*,#11480,.T.);
#11522 = ORIENTED_EDGE('',*,*,#11523,.F.);
#11523 = EDGE_CURVE('',#11524,#11481,#11526,.T.);
#11524 = VERTEX_POINT('',#11525);
#11525 = CARTESIAN_POINT('',(60.1,104.6,27.35));
#11526 = LINE('',#11527,#11528);
#11527 = CARTESIAN_POINT('',(35.,104.6,27.35));
#11528 = VECTOR('',#11529,1.);
#11529 = DIRECTION('',(1.,0.,0.));
#11530 = ORIENTED_EDGE('',*,*,#11531,.F.);
#11531 = EDGE_CURVE('',#10899,#11524,#11532,.T.);
#11532 = LINE('',#11533,#11534);
#11533 = CARTESIAN_POINT('',(60.1,104.6,0.));
#11534 = VECTOR('',#11535,1.);
#11535 = DIRECTION('',(0.,0.,1.));
#11536 = PLANE('',#11537);
#11537 = AXIS2_PLACEMENT_3D('',#11538,#11539,#11540);
#11538 = CARTESIAN_POINT('',(70.1,104.6,0.));
#11539 = DIRECTION('',(0.,-1.,0.));
#11540 = DIRECTION('',(-1.,0.,0.));
#11541 = ADVANCED_FACE('',(#11542),#11576,.T.);
#11542 = FACE_BOUND('',#11543,.T.);
#11543 = EDGE_LOOP('',(#11544,#11545,#11546,#11554,#11562,#11570));
#11544 = ORIENTED_EDGE('',*,*,#10898,.F.);
#11545 = ORIENTED_EDGE('',*,*,#11531,.T.);
#11546 = ORIENTED_EDGE('',*,*,#11547,.F.);
#11547 = EDGE_CURVE('',#11548,#11524,#11550,.T.);
#11548 = VERTEX_POINT('',#11549);
#11549 = CARTESIAN_POINT('',(60.1,105.4,27.35));
#11550 = LINE('',#11551,#11552);
#11551 = CARTESIAN_POINT('',(60.1,105.,27.35));
#11552 = VECTOR('',#11553,1.);
#11553 = DIRECTION('',(-0.,-1.,-0.));
#11554 = ORIENTED_EDGE('',*,*,#11555,.F.);
#11555 = EDGE_CURVE('',#11556,#11548,#11558,.T.);
#11556 = VERTEX_POINT('',#11557);
#11557 = CARTESIAN_POINT('',(60.1,105.4,29.8));
#11558 = LINE('',#11559,#11560);
#11559 = CARTESIAN_POINT('',(60.1,105.4,14.9));
#11560 = VECTOR('',#11561,1.);
#11561 = DIRECTION('',(0.,0.,-1.));
#11562 = ORIENTED_EDGE('',*,*,#11563,.F.);
#11563 = EDGE_CURVE('',#11564,#11556,#11566,.T.);
#11564 = VERTEX_POINT('',#11565);
#11565 = CARTESIAN_POINT('',(60.1,108.6,29.8));
#11566 = LINE('',#11567,#11568);
#11567 = CARTESIAN_POINT('',(60.1,107.3,29.8));
#11568 = VECTOR('',#11569,1.);
#11569 = DIRECTION('',(-0.,-1.,-0.));
#11570 = ORIENTED_EDGE('',*,*,#11571,.F.);
#11571 = EDGE_CURVE('',#10891,#11564,#11572,.T.);
#11572 = LINE('',#11573,#11574);
#11573 = CARTESIAN_POINT('',(60.1,108.6,0.));
#11574 = VECTOR('',#11575,1.);
#11575 = DIRECTION('',(0.,0.,1.));
#11576 = PLANE('',#11577);
#11577 = AXIS2_PLACEMENT_3D('',#11578,#11579,#11580);
#11578 = CARTESIAN_POINT('',(60.1,104.6,0.));
#11579 = DIRECTION('',(-1.,0.,0.));
#11580 = DIRECTION('',(0.,1.,0.));
#11581 = ADVANCED_FACE('',(#11582,#11600,#11611,#11681),#11692,.T.);
#11582 = FACE_BOUND('',#11583,.T.);
#11583 = EDGE_LOOP('',(#11584,#11585,#11586,#11594));
#11584 = ORIENTED_EDGE('',*,*,#10890,.F.);
#11585 = ORIENTED_EDGE('',*,*,#11571,.T.);
#11586 = ORIENTED_EDGE('',*,*,#11587,.T.);
#11587 = EDGE_CURVE('',#11564,#11588,#11590,.T.);
#11588 = VERTEX_POINT('',#11589);
#11589 = CARTESIAN_POINT('',(9.9,108.6,29.8));
#11590 = LINE('',#11591,#11592);
#11591 = CARTESIAN_POINT('',(4.9,108.6,29.8));
#11592 = VECTOR('',#11593,1.);
#11593 = DIRECTION('',(-1.,0.,0.));
#11594 = ORIENTED_EDGE('',*,*,#11595,.F.);
#11595 = EDGE_CURVE('',#10883,#11588,#11596,.T.);
#11596 = LINE('',#11597,#11598);
#11597 = CARTESIAN_POINT('',(9.9,108.6,0.));
#11598 = VECTOR('',#11599,1.);
#11599 = DIRECTION('',(0.,0.,1.));
#11600 = FACE_BOUND('',#11601,.T.);
#11601 = EDGE_LOOP('',(#11602));
#11602 = ORIENTED_EDGE('',*,*,#11603,.F.);
#11603 = EDGE_CURVE('',#11604,#11604,#11606,.T.);
#11604 = VERTEX_POINT('',#11605);
#11605 = CARTESIAN_POINT('',(56.8,108.6,17.6));
#11606 = CIRCLE('',#11607,1.7);
#11607 = AXIS2_PLACEMENT_3D('',#11608,#11609,#11610);
#11608 = CARTESIAN_POINT('',(55.1,108.6,17.6));
#11609 = DIRECTION('',(0.,-1.,2.2E-16));
#11610 = DIRECTION('',(1.,0.,0.));
#11611 = FACE_BOUND('',#11612,.T.);
#11612 = EDGE_LOOP('',(#11613,#11623,#11632,#11640,#11649,#11657,#11666,
    #11674));
#11613 = ORIENTED_EDGE('',*,*,#11614,.T.);
#11614 = EDGE_CURVE('',#11615,#11617,#11619,.T.);
#11615 = VERTEX_POINT('',#11616);
#11616 = CARTESIAN_POINT('',(20.,108.6,11.549999991293));
#11617 = VERTEX_POINT('',#11618);
#11618 = CARTESIAN_POINT('',(20.,108.6,23.650000143491));
#11619 = LINE('',#11620,#11621);
#11620 = CARTESIAN_POINT('',(20.,108.6,0.));
#11621 = VECTOR('',#11622,1.);
#11622 = DIRECTION('',(0.,0.,1.));
#11623 = ORIENTED_EDGE('',*,*,#11624,.T.);
#11624 = EDGE_CURVE('',#11617,#11625,#11627,.T.);
#11625 = VERTEX_POINT('',#11626);
#11626 = CARTESIAN_POINT('',(25.100000033625,108.6,28.750000143491));
#11627 = CIRCLE('',#11628,5.1);
#11628 = AXIS2_PLACEMENT_3D('',#11629,#11630,#11631);
#11629 = CARTESIAN_POINT('',(25.1,108.6,23.650000143491));
#11630 = DIRECTION('',(0.,1.,-2.2E-16));
#11631 = DIRECTION('',(-1.,0.,0.));
#11632 = ORIENTED_EDGE('',*,*,#11633,.F.);
#11633 = EDGE_CURVE('',#11634,#11625,#11636,.T.);
#11634 = VERTEX_POINT('',#11635);
#11635 = CARTESIAN_POINT('',(44.9,108.6,28.750000143491));
#11636 = LINE('',#11637,#11638);
#11637 = CARTESIAN_POINT('',(37.550000016812,108.6,28.750000143491));
#11638 = VECTOR('',#11639,1.);
#11639 = DIRECTION('',(-1.,-4.7E-16,0.));
#11640 = ORIENTED_EDGE('',*,*,#11641,.T.);
#11641 = EDGE_CURVE('',#11634,#11642,#11644,.T.);
#11642 = VERTEX_POINT('',#11643);
#11643 = CARTESIAN_POINT('',(50.,108.6,23.65));
#11644 = CIRCLE('',#11645,5.1);
#11645 = AXIS2_PLACEMENT_3D('',#11646,#11647,#11648);
#11646 = CARTESIAN_POINT('',(44.9,108.6,23.650000143491));
#11647 = DIRECTION('',(0.,1.,-2.2E-16));
#11648 = DIRECTION('',(-1.,0.,0.));
#11649 = ORIENTED_EDGE('',*,*,#11650,.F.);
#11650 = EDGE_CURVE('',#11651,#11642,#11653,.T.);
#11651 = VERTEX_POINT('',#11652);
#11652 = CARTESIAN_POINT('',(50.,108.6,11.55));
#11653 = LINE('',#11654,#11655);
#11654 = CARTESIAN_POINT('',(50.,108.6,0.));
#11655 = VECTOR('',#11656,1.);
#11656 = DIRECTION('',(0.,0.,1.));
#11657 = ORIENTED_EDGE('',*,*,#11658,.T.);
#11658 = EDGE_CURVE('',#11651,#11659,#11661,.T.);
#11659 = VERTEX_POINT('',#11660);
#11660 = CARTESIAN_POINT('',(44.9,108.6,6.45));
#11661 = CIRCLE('',#11662,5.1);
#11662 = AXIS2_PLACEMENT_3D('',#11663,#11664,#11665);
#11663 = CARTESIAN_POINT('',(44.9,108.6,11.55));
#11664 = DIRECTION('',(0.,1.,-2.2E-16));
#11665 = DIRECTION('',(-1.,0.,0.));
#11666 = ORIENTED_EDGE('',*,*,#11667,.F.);
#11667 = EDGE_CURVE('',#11668,#11659,#11670,.T.);
#11668 = VERTEX_POINT('',#11669);
#11669 = CARTESIAN_POINT('',(25.1,108.6,6.45));
#11670 = LINE('',#11671,#11672);
#11671 = CARTESIAN_POINT('',(47.45,108.6,6.45));
#11672 = VECTOR('',#11673,1.);
#11673 = DIRECTION('',(1.,4.7E-16,0.));
#11674 = ORIENTED_EDGE('',*,*,#11675,.T.);
#11675 = EDGE_CURVE('',#11668,#11615,#11676,.T.);
#11676 = CIRCLE('',#11677,5.1);
#11677 = AXIS2_PLACEMENT_3D('',#11678,#11679,#11680);
#11678 = CARTESIAN_POINT('',(25.1,108.6,11.55));
#11679 = DIRECTION('',(0.,1.,-2.2E-16));
#11680 = DIRECTION('',(-1.,0.,0.));
#11681 = FACE_BOUND('',#11682,.T.);
#11682 = EDGE_LOOP('',(#11683));
#11683 = ORIENTED_EDGE('',*,*,#11684,.F.);
#11684 = EDGE_CURVE('',#11685,#11685,#11687,.T.);
#11685 = VERTEX_POINT('',#11686);
#11686 = CARTESIAN_POINT('',(16.6,108.6,17.6));
#11687 = CIRCLE('',#11688,1.7);
#11688 = AXIS2_PLACEMENT_3D('',#11689,#11690,#11691);
#11689 = CARTESIAN_POINT('',(14.9,108.6,17.6));
#11690 = DIRECTION('',(0.,-1.,2.2E-16));
#11691 = DIRECTION('',(1.,0.,0.));
#11692 = PLANE('',#11693);
#11693 = AXIS2_PLACEMENT_3D('',#11694,#11695,#11696);
#11694 = CARTESIAN_POINT('',(35.,108.6,14.9));
#11695 = DIRECTION('',(3.3E-16,-1.,0.));
#11696 = DIRECTION('',(-1.,-3.3E-16,0.));
#11697 = ADVANCED_FACE('',(#11698),#11732,.F.);
#11698 = FACE_BOUND('',#11699,.F.);
#11699 = EDGE_LOOP('',(#11700,#11701,#11709,#11717,#11725,#11731));
#11700 = ORIENTED_EDGE('',*,*,#10882,.F.);
#11701 = ORIENTED_EDGE('',*,*,#11702,.T.);
#11702 = EDGE_CURVE('',#10875,#11703,#11705,.T.);
#11703 = VERTEX_POINT('',#11704);
#11704 = CARTESIAN_POINT('',(9.9,104.6,27.35));
#11705 = LINE('',#11706,#11707);
#11706 = CARTESIAN_POINT('',(9.9,104.6,0.));
#11707 = VECTOR('',#11708,1.);
#11708 = DIRECTION('',(0.,0.,1.));
#11709 = ORIENTED_EDGE('',*,*,#11710,.F.);
#11710 = EDGE_CURVE('',#11711,#11703,#11713,.T.);
#11711 = VERTEX_POINT('',#11712);
#11712 = CARTESIAN_POINT('',(9.9,105.4,27.35));
#11713 = LINE('',#11714,#11715);
#11714 = CARTESIAN_POINT('',(9.9,105.,27.35));
#11715 = VECTOR('',#11716,1.);
#11716 = DIRECTION('',(-0.,-1.,-0.));
#11717 = ORIENTED_EDGE('',*,*,#11718,.F.);
#11718 = EDGE_CURVE('',#11719,#11711,#11721,.T.);
#11719 = VERTEX_POINT('',#11720);
#11720 = CARTESIAN_POINT('',(9.9,105.4,29.8));
#11721 = LINE('',#11722,#11723);
#11722 = CARTESIAN_POINT('',(9.9,105.4,14.9));
#11723 = VECTOR('',#11724,1.);
#11724 = DIRECTION('',(0.,0.,-1.));
#11725 = ORIENTED_EDGE('',*,*,#11726,.F.);
#11726 = EDGE_CURVE('',#11588,#11719,#11727,.T.);
#11727 = LINE('',#11728,#11729);
#11728 = CARTESIAN_POINT('',(9.9,107.3,29.8));
#11729 = VECTOR('',#11730,1.);
#11730 = DIRECTION('',(-0.,-1.,-0.));
#11731 = ORIENTED_EDGE('',*,*,#11595,.F.);
#11732 = PLANE('',#11733);
#11733 = AXIS2_PLACEMENT_3D('',#11734,#11735,#11736);
#11734 = CARTESIAN_POINT('',(9.9,104.6,0.));
#11735 = DIRECTION('',(-1.,0.,0.));
#11736 = DIRECTION('',(0.,1.,0.));
#11737 = ADVANCED_FACE('',(#11738),#11756,.F.);
#11738 = FACE_BOUND('',#11739,.F.);
#11739 = EDGE_LOOP('',(#11740,#11741,#11749,#11755));
#11740 = ORIENTED_EDGE('',*,*,#10874,.F.);
#11741 = ORIENTED_EDGE('',*,*,#11742,.T.);
#11742 = EDGE_CURVE('',#10867,#11743,#11745,.T.);
#11743 = VERTEX_POINT('',#11744);
#11744 = CARTESIAN_POINT('',(-0.1,104.6,27.35));
#11745 = LINE('',#11746,#11747);
#11746 = CARTESIAN_POINT('',(-0.1,104.6,0.));
#11747 = VECTOR('',#11748,1.);
#11748 = DIRECTION('',(0.,0.,1.));
#11749 = ORIENTED_EDGE('',*,*,#11750,.F.);
#11750 = EDGE_CURVE('',#11703,#11743,#11751,.T.);
#11751 = LINE('',#11752,#11753);
#11752 = CARTESIAN_POINT('',(-0.1,104.6,27.35));
#11753 = VECTOR('',#11754,1.);
#11754 = DIRECTION('',(-1.,0.,0.));
#11755 = ORIENTED_EDGE('',*,*,#11702,.F.);
#11756 = PLANE('',#11757);
#11757 = AXIS2_PLACEMENT_3D('',#11758,#11759,#11760);
#11758 = CARTESIAN_POINT('',(-0.1,104.6,0.));
#11759 = DIRECTION('',(0.,1.,0.));
#11760 = DIRECTION('',(1.,0.,0.));
#11761 = ADVANCED_FACE('',(#11762),#11790,.T.);
#11762 = FACE_BOUND('',#11763,.T.);
#11763 = EDGE_LOOP('',(#11764,#11765,#11766,#11767,#11775,#11783,#11789)
  );
#11764 = ORIENTED_EDGE('',*,*,#11010,.F.);
#11765 = ORIENTED_EDGE('',*,*,#10866,.T.);
#11766 = ORIENTED_EDGE('',*,*,#11742,.T.);
#11767 = ORIENTED_EDGE('',*,*,#11768,.T.);
#11768 = EDGE_CURVE('',#11743,#11769,#11771,.T.);
#11769 = VERTEX_POINT('',#11770);
#11770 = CARTESIAN_POINT('',(-0.1,33.,27.35));
#11771 = LINE('',#11772,#11773);
#11772 = CARTESIAN_POINT('',(-0.1,105.4,27.35));
#11773 = VECTOR('',#11774,1.);
#11774 = DIRECTION('',(0.,-1.,0.));
#11775 = ORIENTED_EDGE('',*,*,#11776,.F.);
#11776 = EDGE_CURVE('',#11777,#11769,#11779,.T.);
#11777 = VERTEX_POINT('',#11778);
#11778 = CARTESIAN_POINT('',(-0.1,33.,6.999999999984));
#11779 = LINE('',#11780,#11781);
#11780 = CARTESIAN_POINT('',(-0.1,33.,6.999999999984));
#11781 = VECTOR('',#11782,1.);
#11782 = DIRECTION('',(0.,0.,1.));
#11783 = ORIENTED_EDGE('',*,*,#11784,.F.);
#11784 = EDGE_CURVE('',#11065,#11777,#11785,.T.);
#11785 = LINE('',#11786,#11787);
#11786 = CARTESIAN_POINT('',(-0.1,28.,2.));
#11787 = VECTOR('',#11788,1.);
#11788 = DIRECTION('',(0.,0.707106781188,0.707106781185));
#11789 = ORIENTED_EDGE('',*,*,#11064,.F.);
#11790 = PLANE('',#11791);
#11791 = AXIS2_PLACEMENT_3D('',#11792,#11793,#11794);
#11792 = CARTESIAN_POINT('',(-0.1,63.230106571936,14.930106571936));
#11793 = DIRECTION('',(1.,0.,0.));
#11794 = DIRECTION('',(0.,0.,1.));
#11795 = ADVANCED_FACE('',(#11796),#11821,.T.);
#11796 = FACE_BOUND('',#11797,.T.);
#11797 = EDGE_LOOP('',(#11798,#11806,#11814,#11820));
#11798 = ORIENTED_EDGE('',*,*,#11799,.T.);
#11799 = EDGE_CURVE('',#10851,#11800,#11802,.T.);
#11800 = VERTEX_POINT('',#11801);
#11801 = CARTESIAN_POINT('',(-2.05,53.,-2.7));
#11802 = LINE('',#11803,#11804);
#11803 = CARTESIAN_POINT('',(-2.05,53.,-1.35));
#11804 = VECTOR('',#11805,1.);
#11805 = DIRECTION('',(0.,0.,-1.));
#11806 = ORIENTED_EDGE('',*,*,#11807,.T.);
#11807 = EDGE_CURVE('',#11800,#11808,#11810,.T.);
#11808 = VERTEX_POINT('',#11809);
#11809 = CARTESIAN_POINT('',(-2.05,102.,-2.7));
#11810 = LINE('',#11811,#11812);
#11811 = CARTESIAN_POINT('',(-2.05,24.,-2.7));
#11812 = VECTOR('',#11813,1.);
#11813 = DIRECTION('',(0.,1.,-2.5E-16));
#11814 = ORIENTED_EDGE('',*,*,#11815,.T.);
#11815 = EDGE_CURVE('',#11808,#10843,#11816,.T.);
#11816 = LINE('',#11817,#11818);
#11817 = CARTESIAN_POINT('',(-2.05,102.,-2.7));
#11818 = VECTOR('',#11819,1.);
#11819 = DIRECTION('',(0.,0.,1.));
#11820 = ORIENTED_EDGE('',*,*,#10850,.F.);
#11821 = PLANE('',#11822);
#11822 = AXIS2_PLACEMENT_3D('',#11823,#11824,#11825);
#11823 = CARTESIAN_POINT('',(-2.05,24.,-2.7));
#11824 = DIRECTION('',(1.,0.,0.));
#11825 = DIRECTION('',(0.,2.2E-16,1.));
#11826 = ADVANCED_FACE('',(#11827),#11877,.T.);
#11827 = FACE_BOUND('',#11828,.F.);
#11828 = EDGE_LOOP('',(#11829,#11837,#11845,#11853,#11861,#11869,#11875,
    #11876));
#11829 = ORIENTED_EDGE('',*,*,#11830,.T.);
#11830 = EDGE_CURVE('',#10835,#11831,#11833,.T.);
#11831 = VERTEX_POINT('',#11832);
#11832 = CARTESIAN_POINT('',(-2.85,102.,-3.5));
#11833 = LINE('',#11834,#11835);
#11834 = CARTESIAN_POINT('',(-2.85,102.,-2.511E-14));
#11835 = VECTOR('',#11836,1.);
#11836 = DIRECTION('',(0.,0.,-1.));
#11837 = ORIENTED_EDGE('',*,*,#11838,.T.);
#11838 = EDGE_CURVE('',#11831,#11839,#11841,.T.);
#11839 = VERTEX_POINT('',#11840);
#11840 = CARTESIAN_POINT('',(-2.25,102.,-4.1));
#11841 = LINE('',#11842,#11843);
#11842 = CARTESIAN_POINT('',(-2.85,102.,-3.5));
#11843 = VECTOR('',#11844,1.);
#11844 = DIRECTION('',(0.707106781187,0.,-0.707106781187));
#11845 = ORIENTED_EDGE('',*,*,#11846,.T.);
#11846 = EDGE_CURVE('',#11839,#11847,#11849,.T.);
#11847 = VERTEX_POINT('',#11848);
#11848 = CARTESIAN_POINT('',(-2.05,102.,-4.1));
#11849 = LINE('',#11850,#11851);
#11850 = CARTESIAN_POINT('',(-2.25,102.,-4.1));
#11851 = VECTOR('',#11852,1.);
#11852 = DIRECTION('',(1.,0.,0.));
#11853 = ORIENTED_EDGE('',*,*,#11854,.T.);
#11854 = EDGE_CURVE('',#11847,#11855,#11857,.T.);
#11855 = VERTEX_POINT('',#11856);
#11856 = CARTESIAN_POINT('',(-1.45,102.,-3.5));
#11857 = LINE('',#11858,#11859);
#11858 = CARTESIAN_POINT('',(-2.05,102.,-4.1));
#11859 = VECTOR('',#11860,1.);
#11860 = DIRECTION('',(0.707106781187,0.,0.707106781187));
#11861 = ORIENTED_EDGE('',*,*,#11862,.T.);
#11862 = EDGE_CURVE('',#11855,#11863,#11865,.T.);
#11863 = VERTEX_POINT('',#11864);
#11864 = CARTESIAN_POINT('',(-1.45,102.,-3.3));
#11865 = LINE('',#11866,#11867);
#11866 = CARTESIAN_POINT('',(-1.45,102.,-3.5));
#11867 = VECTOR('',#11868,1.);
#11868 = DIRECTION('',(0.,0.,1.));
#11869 = ORIENTED_EDGE('',*,*,#11870,.T.);
#11870 = EDGE_CURVE('',#11863,#11808,#11871,.T.);
#11871 = LINE('',#11872,#11873);
#11872 = CARTESIAN_POINT('',(-1.45,102.,-3.3));
#11873 = VECTOR('',#11874,1.);
#11874 = DIRECTION('',(-0.707106781187,0.,0.707106781187));
#11875 = ORIENTED_EDGE('',*,*,#11815,.T.);
#11876 = ORIENTED_EDGE('',*,*,#10842,.F.);
#11877 = PLANE('',#11878);
#11878 = AXIS2_PLACEMENT_3D('',#11879,#11880,#11881);
#11879 = CARTESIAN_POINT('',(35.000000000009,102.,-2.037527149405));
#11880 = DIRECTION('',(0.,1.,-2.5E-16));
#11881 = DIRECTION('',(0.,2.5E-16,1.));
#11882 = ADVANCED_FACE('',(#11883),#11901,.T.);
#11883 = FACE_BOUND('',#11884,.T.);
#11884 = EDGE_LOOP('',(#11885,#11893,#11894,#11895));
#11885 = ORIENTED_EDGE('',*,*,#11886,.T.);
#11886 = EDGE_CURVE('',#11887,#10827,#11889,.T.);
#11887 = VERTEX_POINT('',#11888);
#11888 = CARTESIAN_POINT('',(-2.85,53.,-3.5));
#11889 = LINE('',#11890,#11891);
#11890 = CARTESIAN_POINT('',(-2.85,53.,-2.66E-15));
#11891 = VECTOR('',#11892,1.);
#11892 = DIRECTION('',(0.,0.,1.));
#11893 = ORIENTED_EDGE('',*,*,#10834,.T.);
#11894 = ORIENTED_EDGE('',*,*,#11830,.T.);
#11895 = ORIENTED_EDGE('',*,*,#11896,.F.);
#11896 = EDGE_CURVE('',#11887,#11831,#11897,.T.);
#11897 = LINE('',#11898,#11899);
#11898 = CARTESIAN_POINT('',(-2.85,24.,-3.5));
#11899 = VECTOR('',#11900,1.);
#11900 = DIRECTION('',(0.,1.,-2.5E-16));
#11901 = PLANE('',#11902);
#11902 = AXIS2_PLACEMENT_3D('',#11903,#11904,#11905);
#11903 = CARTESIAN_POINT('',(-2.85,24.,-5.33E-15));
#11904 = DIRECTION('',(-1.,0.,0.));
#11905 = DIRECTION('',(-0.,-2.2E-16,-1.));
#11906 = ADVANCED_FACE('',(#11907,#11918,#11929,#11999),#12010,.T.);
#11907 = FACE_BOUND('',#11908,.T.);
#11908 = EDGE_LOOP('',(#11909,#11910,#11911,#11917));
#11909 = ORIENTED_EDGE('',*,*,#10811,.T.);
#11910 = ORIENTED_EDGE('',*,*,#10986,.T.);
#11911 = ORIENTED_EDGE('',*,*,#11912,.F.);
#11912 = EDGE_CURVE('',#11251,#10979,#11913,.T.);
#11913 = LINE('',#11914,#11915);
#11914 = CARTESIAN_POINT('',(75.,110.,29.));
#11915 = VECTOR('',#11916,1.);
#11916 = DIRECTION('',(-1.,0.,0.));
#11917 = ORIENTED_EDGE('',*,*,#11250,.F.);
#11918 = FACE_BOUND('',#11919,.T.);
#11919 = EDGE_LOOP('',(#11920));
#11920 = ORIENTED_EDGE('',*,*,#11921,.F.);
#11921 = EDGE_CURVE('',#11922,#11922,#11924,.T.);
#11922 = VERTEX_POINT('',#11923);
#11923 = CARTESIAN_POINT('',(18.25,110.,17.6));
#11924 = CIRCLE('',#11925,3.35);
#11925 = AXIS2_PLACEMENT_3D('',#11926,#11927,#11928);
#11926 = CARTESIAN_POINT('',(14.9,110.,17.6));
#11927 = DIRECTION('',(0.,1.,-2.2E-16));
#11928 = DIRECTION('',(1.,0.,0.));
#11929 = FACE_BOUND('',#11930,.T.);
#11930 = EDGE_LOOP('',(#11931,#11941,#11950,#11958,#11967,#11975,#11984,
    #11992));
#11931 = ORIENTED_EDGE('',*,*,#11932,.F.);
#11932 = EDGE_CURVE('',#11933,#11935,#11937,.T.);
#11933 = VERTEX_POINT('',#11934);
#11934 = CARTESIAN_POINT('',(20.,110.,11.549999991293));
#11935 = VERTEX_POINT('',#11936);
#11936 = CARTESIAN_POINT('',(20.,110.,23.650000143491));
#11937 = LINE('',#11938,#11939);
#11938 = CARTESIAN_POINT('',(20.,110.,0.));
#11939 = VECTOR('',#11940,1.);
#11940 = DIRECTION('',(0.,0.,1.));
#11941 = ORIENTED_EDGE('',*,*,#11942,.F.);
#11942 = EDGE_CURVE('',#11943,#11933,#11945,.T.);
#11943 = VERTEX_POINT('',#11944);
#11944 = CARTESIAN_POINT('',(25.1,110.,6.45));
#11945 = CIRCLE('',#11946,5.1);
#11946 = AXIS2_PLACEMENT_3D('',#11947,#11948,#11949);
#11947 = CARTESIAN_POINT('',(25.1,110.,11.55));
#11948 = DIRECTION('',(0.,1.,-0.));
#11949 = DIRECTION('',(-1.,0.,0.));
#11950 = ORIENTED_EDGE('',*,*,#11951,.F.);
#11951 = EDGE_CURVE('',#11952,#11943,#11954,.T.);
#11952 = VERTEX_POINT('',#11953);
#11953 = CARTESIAN_POINT('',(44.9,110.,6.45));
#11954 = LINE('',#11955,#11956);
#11955 = CARTESIAN_POINT('',(44.9,110.,6.45));
#11956 = VECTOR('',#11957,1.);
#11957 = DIRECTION('',(-1.,0.,0.));
#11958 = ORIENTED_EDGE('',*,*,#11959,.F.);
#11959 = EDGE_CURVE('',#11960,#11952,#11962,.T.);
#11960 = VERTEX_POINT('',#11961);
#11961 = CARTESIAN_POINT('',(50.,110.,11.55));
#11962 = CIRCLE('',#11963,5.1);
#11963 = AXIS2_PLACEMENT_3D('',#11964,#11965,#11966);
#11964 = CARTESIAN_POINT('',(44.9,110.,11.55));
#11965 = DIRECTION('',(0.,1.,-0.));
#11966 = DIRECTION('',(-1.,0.,0.));
#11967 = ORIENTED_EDGE('',*,*,#11968,.T.);
#11968 = EDGE_CURVE('',#11960,#11969,#11971,.T.);
#11969 = VERTEX_POINT('',#11970);
#11970 = CARTESIAN_POINT('',(50.,110.,23.65));
#11971 = LINE('',#11972,#11973);
#11972 = CARTESIAN_POINT('',(50.,110.,0.));
#11973 = VECTOR('',#11974,1.);
#11974 = DIRECTION('',(0.,0.,1.));
#11975 = ORIENTED_EDGE('',*,*,#11976,.F.);
#11976 = EDGE_CURVE('',#11977,#11969,#11979,.T.);
#11977 = VERTEX_POINT('',#11978);
#11978 = CARTESIAN_POINT('',(44.9,110.,28.750000143491));
#11979 = CIRCLE('',#11980,5.1);
#11980 = AXIS2_PLACEMENT_3D('',#11981,#11982,#11983);
#11981 = CARTESIAN_POINT('',(44.9,110.,23.650000143491));
#11982 = DIRECTION('',(0.,1.,-0.));
#11983 = DIRECTION('',(-1.,0.,0.));
#11984 = ORIENTED_EDGE('',*,*,#11985,.F.);
#11985 = EDGE_CURVE('',#11986,#11977,#11988,.T.);
#11986 = VERTEX_POINT('',#11987);
#11987 = CARTESIAN_POINT('',(25.100000033625,110.,28.750000143491));
#11988 = LINE('',#11989,#11990);
#11989 = CARTESIAN_POINT('',(25.100000033625,110.,28.750000143491));
#11990 = VECTOR('',#11991,1.);
#11991 = DIRECTION('',(1.,0.,0.));
#11992 = ORIENTED_EDGE('',*,*,#11993,.F.);
#11993 = EDGE_CURVE('',#11935,#11986,#11994,.T.);
#11994 = CIRCLE('',#11995,5.1);
#11995 = AXIS2_PLACEMENT_3D('',#11996,#11997,#11998);
#11996 = CARTESIAN_POINT('',(25.1,110.,23.650000143491));
#11997 = DIRECTION('',(0.,1.,-0.));
#11998 = DIRECTION('',(-1.,0.,0.));
#11999 = FACE_BOUND('',#12000,.T.);
#12000 = EDGE_LOOP('',(#12001));
#12001 = ORIENTED_EDGE('',*,*,#12002,.F.);
#12002 = EDGE_CURVE('',#12003,#12003,#12005,.T.);
#12003 = VERTEX_POINT('',#12004);
#12004 = CARTESIAN_POINT('',(58.45,110.,17.6));
#12005 = CIRCLE('',#12006,3.35);
#12006 = AXIS2_PLACEMENT_3D('',#12007,#12008,#12009);
#12007 = CARTESIAN_POINT('',(55.1,110.,17.6));
#12008 = DIRECTION('',(0.,1.,-2.2E-16));
#12009 = DIRECTION('',(1.,0.,0.));
#12010 = PLANE('',#12011);
#12011 = AXIS2_PLACEMENT_3D('',#12012,#12013,#12014);
#12012 = CARTESIAN_POINT('',(35.,110.,15.5));
#12013 = DIRECTION('',(0.,1.,0.));
#12014 = DIRECTION('',(0.,0.,1.));
#12015 = ADVANCED_FACE('',(#12016),#12026,.T.);
#12016 = FACE_BOUND('',#12017,.T.);
#12017 = EDGE_LOOP('',(#12018,#12019,#12025));
#12018 = ORIENTED_EDGE('',*,*,#11031,.F.);
#12019 = ORIENTED_EDGE('',*,*,#12020,.T.);
#12020 = EDGE_CURVE('',#11032,#10979,#12021,.T.);
#12021 = LINE('',#12022,#12023);
#12022 = CARTESIAN_POINT('',(-3.,108.5,30.5));
#12023 = VECTOR('',#12024,1.);
#12024 = DIRECTION('',(-1.029E-14,0.707106781187,-0.707106781187));
#12025 = ORIENTED_EDGE('',*,*,#10978,.F.);
#12026 = PLANE('',#12027);
#12027 = AXIS2_PLACEMENT_3D('',#12028,#12029,#12030);
#12028 = CARTESIAN_POINT('',(-3.,108.,31.));
#12029 = DIRECTION('',(-0.57735026919,0.57735026919,0.57735026919));
#12030 = DIRECTION('',(0.707106781187,0.707106781187,1.276756478319E-15)
  );
#12031 = ADVANCED_FACE('',(#12032),#12075,.T.);
#12032 = FACE_BOUND('',#12033,.T.);
#12033 = EDGE_LOOP('',(#12034,#12035,#12043,#12051,#12059,#12067,#12073,
    #12074));
#12034 = ORIENTED_EDGE('',*,*,#11886,.F.);
#12035 = ORIENTED_EDGE('',*,*,#12036,.F.);
#12036 = EDGE_CURVE('',#12037,#11887,#12039,.T.);
#12037 = VERTEX_POINT('',#12038);
#12038 = CARTESIAN_POINT('',(-2.25,53.,-4.1));
#12039 = LINE('',#12040,#12041);
#12040 = CARTESIAN_POINT('',(15.7375,53.,-22.0875));
#12041 = VECTOR('',#12042,1.);
#12042 = DIRECTION('',(-0.707106781187,0.,0.707106781187));
#12043 = ORIENTED_EDGE('',*,*,#12044,.F.);
#12044 = EDGE_CURVE('',#12045,#12037,#12047,.T.);
#12045 = VERTEX_POINT('',#12046);
#12046 = CARTESIAN_POINT('',(-2.05,53.,-4.1));
#12047 = LINE('',#12048,#12049);
#12048 = CARTESIAN_POINT('',(36.375,53.,-4.1));
#12049 = VECTOR('',#12050,1.);
#12050 = DIRECTION('',(-1.,0.,0.));
#12051 = ORIENTED_EDGE('',*,*,#12052,.F.);
#12052 = EDGE_CURVE('',#12053,#12045,#12055,.T.);
#12053 = VERTEX_POINT('',#12054);
#12054 = CARTESIAN_POINT('',(-1.45,53.,-3.5));
#12055 = LINE('',#12056,#12057);
#12056 = CARTESIAN_POINT('',(18.2375,53.,16.1875));
#12057 = VECTOR('',#12058,1.);
#12058 = DIRECTION('',(-0.707106781187,-0.,-0.707106781187));
#12059 = ORIENTED_EDGE('',*,*,#12060,.F.);
#12060 = EDGE_CURVE('',#12061,#12053,#12063,.T.);
#12061 = VERTEX_POINT('',#12062);
#12062 = CARTESIAN_POINT('',(-1.45,53.,-3.3));
#12063 = LINE('',#12064,#12065);
#12064 = CARTESIAN_POINT('',(-1.45,53.,-1.75));
#12065 = VECTOR('',#12066,1.);
#12066 = DIRECTION('',(0.,0.,-1.));
#12067 = ORIENTED_EDGE('',*,*,#12068,.F.);
#12068 = EDGE_CURVE('',#11800,#12061,#12069,.T.);
#12069 = LINE('',#12070,#12071);
#12070 = CARTESIAN_POINT('',(16.8375,53.,-21.5875));
#12071 = VECTOR('',#12072,1.);
#12072 = DIRECTION('',(0.707106781187,0.,-0.707106781187));
#12073 = ORIENTED_EDGE('',*,*,#11799,.F.);
#12074 = ORIENTED_EDGE('',*,*,#11017,.F.);
#12075 = PLANE('',#12076);
#12076 = AXIS2_PLACEMENT_3D('',#12077,#12078,#12079);
#12077 = CARTESIAN_POINT('',(75.,53.,0.));
#12078 = DIRECTION('',(0.,-1.,0.));
#12079 = DIRECTION('',(-1.,0.,0.));
#12080 = ADVANCED_FACE('',(#12081,#12106,#12117),#12128,.T.);
#12081 = FACE_BOUND('',#12082,.T.);
#12082 = EDGE_LOOP('',(#12083,#12091,#12099,#12105));
#12083 = ORIENTED_EDGE('',*,*,#12084,.F.);
#12084 = EDGE_CURVE('',#12085,#11041,#12087,.T.);
#12085 = VERTEX_POINT('',#12086);
#12086 = CARTESIAN_POINT('',(73.,32.9999,31.));
#12087 = LINE('',#12088,#12089);
#12088 = CARTESIAN_POINT('',(75.,32.9999,31.));
#12089 = VECTOR('',#12090,1.);
#12090 = DIRECTION('',(-1.,0.,0.));
#12091 = ORIENTED_EDGE('',*,*,#12092,.T.);
#12092 = EDGE_CURVE('',#12085,#12093,#12095,.T.);
#12093 = VERTEX_POINT('',#12094);
#12094 = CARTESIAN_POINT('',(73.,108.,31.));
#12095 = LINE('',#12096,#12097);
#12096 = CARTESIAN_POINT('',(73.,32.9999,31.));
#12097 = VECTOR('',#12098,1.);
#12098 = DIRECTION('',(0.,1.,-2.2E-16));
#12099 = ORIENTED_EDGE('',*,*,#12100,.T.);
#12100 = EDGE_CURVE('',#12093,#11032,#12101,.T.);
#12101 = LINE('',#12102,#12103);
#12102 = CARTESIAN_POINT('',(75.,108.,31.));
#12103 = VECTOR('',#12104,1.);
#12104 = DIRECTION('',(-1.,0.,0.));
#12105 = ORIENTED_EDGE('',*,*,#11048,.T.);
#12106 = FACE_BOUND('',#12107,.T.);
#12107 = EDGE_LOOP('',(#12108));
#12108 = ORIENTED_EDGE('',*,*,#12109,.F.);
#12109 = EDGE_CURVE('',#12110,#12110,#12112,.T.);
#12110 = VERTEX_POINT('',#12111);
#12111 = CARTESIAN_POINT('',(18.,99.8,31.));
#12112 = CIRCLE('',#12113,3.);
#12113 = AXIS2_PLACEMENT_3D('',#12114,#12115,#12116);
#12114 = CARTESIAN_POINT('',(15.,99.8,31.));
#12115 = DIRECTION('',(0.,0.,1.));
#12116 = DIRECTION('',(1.,0.,0.));
#12117 = FACE_BOUND('',#12118,.T.);
#12118 = EDGE_LOOP('',(#12119));
#12119 = ORIENTED_EDGE('',*,*,#12120,.F.);
#12120 = EDGE_CURVE('',#12121,#12121,#12123,.T.);
#12121 = VERTEX_POINT('',#12122);
#12122 = CARTESIAN_POINT('',(58.,99.8,31.));
#12123 = CIRCLE('',#12124,3.);
#12124 = AXIS2_PLACEMENT_3D('',#12125,#12126,#12127);
#12125 = CARTESIAN_POINT('',(55.,99.8,31.));
#12126 = DIRECTION('',(0.,0.,1.));
#12127 = DIRECTION('',(1.,0.,0.));
#12128 = PLANE('',#12129);
#12129 = AXIS2_PLACEMENT_3D('',#12130,#12131,#12132);
#12130 = CARTESIAN_POINT('',(35.,69.,31.));
#12131 = DIRECTION('',(0.,0.,1.));
#12132 = DIRECTION('',(1.,0.,0.));
#12133 = ADVANCED_FACE('',(#12134),#12152,.T.);
#12134 = FACE_BOUND('',#12135,.T.);
#12135 = EDGE_LOOP('',(#12136,#12144,#12145,#12146));
#12136 = ORIENTED_EDGE('',*,*,#12137,.T.);
#12137 = EDGE_CURVE('',#12138,#11160,#12140,.T.);
#12138 = VERTEX_POINT('',#12139);
#12139 = CARTESIAN_POINT('',(73.,23.,2.0001));
#12140 = LINE('',#12141,#12142);
#12141 = CARTESIAN_POINT('',(75.,23.,2.0001));
#12142 = VECTOR('',#12143,1.);
#12143 = DIRECTION('',(-1.,0.,0.));
#12144 = ORIENTED_EDGE('',*,*,#11169,.T.);
#12145 = ORIENTED_EDGE('',*,*,#11112,.T.);
#12146 = ORIENTED_EDGE('',*,*,#12147,.F.);
#12147 = EDGE_CURVE('',#12138,#11105,#12148,.T.);
#12148 = LINE('',#12149,#12150);
#12149 = CARTESIAN_POINT('',(73.,23.,2.0001));
#12150 = VECTOR('',#12151,1.);
#12151 = DIRECTION('',(-0.,-2.2E-16,-1.));
#12152 = PLANE('',#12153);
#12153 = AXIS2_PLACEMENT_3D('',#12154,#12155,#12156);
#12154 = CARTESIAN_POINT('',(35.,23.,4.5));
#12155 = DIRECTION('',(-0.,-1.,-0.));
#12156 = DIRECTION('',(0.,0.,-1.));
#12157 = ADVANCED_FACE('',(#12158),#12169,.T.);
#12158 = FACE_BOUND('',#12159,.T.);
#12159 = EDGE_LOOP('',(#12160,#12166,#12167,#12168));
#12160 = ORIENTED_EDGE('',*,*,#12161,.F.);
#12161 = EDGE_CURVE('',#12138,#11323,#12162,.T.);
#12162 = LINE('',#12163,#12164);
#12163 = CARTESIAN_POINT('',(73.,23.,2.0001));
#12164 = VECTOR('',#12165,1.);
#12165 = DIRECTION('',(0.707106781187,0.707106781187,-5.1E-16));
#12166 = ORIENTED_EDGE('',*,*,#12147,.T.);
#12167 = ORIENTED_EDGE('',*,*,#11104,.T.);
#12168 = ORIENTED_EDGE('',*,*,#11331,.F.);
#12169 = PLANE('',#12170);
#12170 = AXIS2_PLACEMENT_3D('',#12171,#12172,#12173);
#12171 = CARTESIAN_POINT('',(74.,24.,2.0001));
#12172 = DIRECTION('',(0.707106781187,-0.707106781187,0.));
#12173 = DIRECTION('',(-1.1E-16,-1.1E-16,-1.));
#12174 = ADVANCED_FACE('',(#12175),#12186,.F.);
#12175 = FACE_BOUND('',#12176,.F.);
#12176 = EDGE_LOOP('',(#12177,#12178,#12179,#12180));
#12177 = ORIENTED_EDGE('',*,*,#11784,.F.);
#12178 = ORIENTED_EDGE('',*,*,#11072,.T.);
#12179 = ORIENTED_EDGE('',*,*,#11491,.F.);
#12180 = ORIENTED_EDGE('',*,*,#12181,.F.);
#12181 = EDGE_CURVE('',#11777,#11492,#12182,.T.);
#12182 = LINE('',#12183,#12184);
#12183 = CARTESIAN_POINT('',(-0.1,33.,6.999999999984));
#12184 = VECTOR('',#12185,1.);
#12185 = DIRECTION('',(1.,0.,0.));
#12186 = PLANE('',#12187);
#12187 = AXIS2_PLACEMENT_3D('',#12188,#12189,#12190);
#12188 = CARTESIAN_POINT('',(-0.1,28.,2.));
#12189 = DIRECTION('',(0.,-0.707106781185,0.707106781188));
#12190 = DIRECTION('',(0.,0.707106781188,0.707106781185));
#12191 = ADVANCED_FACE('',(#12192),#12211,.T.);
#12192 = FACE_BOUND('',#12193,.F.);
#12193 = EDGE_LOOP('',(#12194,#12195,#12204,#12210));
#12194 = ORIENTED_EDGE('',*,*,#12084,.F.);
#12195 = ORIENTED_EDGE('',*,*,#12196,.F.);
#12196 = EDGE_CURVE('',#12197,#12085,#12199,.T.);
#12197 = VERTEX_POINT('',#12198);
#12198 = CARTESIAN_POINT('',(73.,28.,26.0001));
#12199 = CIRCLE('',#12200,4.9999);
#12200 = AXIS2_PLACEMENT_3D('',#12201,#12202,#12203);
#12201 = CARTESIAN_POINT('',(73.,32.9999,26.0001));
#12202 = DIRECTION('',(-1.,0.,0.));
#12203 = DIRECTION('',(0.,-1.,0.));
#12204 = ORIENTED_EDGE('',*,*,#12205,.T.);
#12205 = EDGE_CURVE('',#12197,#11137,#12206,.T.);
#12206 = LINE('',#12207,#12208);
#12207 = CARTESIAN_POINT('',(75.,28.,26.0001));
#12208 = VECTOR('',#12209,1.);
#12209 = DIRECTION('',(-1.,0.,0.));
#12210 = ORIENTED_EDGE('',*,*,#11144,.F.);
#12211 = CYLINDRICAL_SURFACE('',#12212,4.9999);
#12212 = AXIS2_PLACEMENT_3D('',#12213,#12214,#12215);
#12213 = CARTESIAN_POINT('',(75.,32.9999,26.0001));
#12214 = DIRECTION('',(-1.,0.,0.));
#12215 = DIRECTION('',(0.,0.,1.));
#12216 = ADVANCED_FACE('',(#12217),#12235,.T.);
#12217 = FACE_BOUND('',#12218,.T.);
#12218 = EDGE_LOOP('',(#12219,#12220,#12221,#12229));
#12219 = ORIENTED_EDGE('',*,*,#12205,.T.);
#12220 = ORIENTED_EDGE('',*,*,#11193,.T.);
#12221 = ORIENTED_EDGE('',*,*,#12222,.F.);
#12222 = EDGE_CURVE('',#12223,#11186,#12225,.T.);
#12223 = VERTEX_POINT('',#12224);
#12224 = CARTESIAN_POINT('',(73.,28.,7.));
#12225 = LINE('',#12226,#12227);
#12226 = CARTESIAN_POINT('',(123.31026294437,28.,7.));
#12227 = VECTOR('',#12228,1.);
#12228 = DIRECTION('',(-1.,0.,0.));
#12229 = ORIENTED_EDGE('',*,*,#12230,.T.);
#12230 = EDGE_CURVE('',#12223,#12197,#12231,.T.);
#12231 = LINE('',#12232,#12233);
#12232 = CARTESIAN_POINT('',(73.,28.,7.));
#12233 = VECTOR('',#12234,1.);
#12234 = DIRECTION('',(0.,0.,1.));
#12235 = PLANE('',#12236);
#12236 = AXIS2_PLACEMENT_3D('',#12237,#12238,#12239);
#12237 = CARTESIAN_POINT('',(35.,28.,19.));
#12238 = DIRECTION('',(-0.,-1.,-0.));
#12239 = DIRECTION('',(0.,0.,-1.));
#12240 = ADVANCED_FACE('',(#12241),#12260,.T.);
#12241 = FACE_BOUND('',#12242,.F.);
#12242 = EDGE_LOOP('',(#12243,#12251,#12258,#12259));
#12243 = ORIENTED_EDGE('',*,*,#12244,.F.);
#12244 = EDGE_CURVE('',#12245,#11208,#12247,.T.);
#12245 = VERTEX_POINT('',#12246);
#12246 = CARTESIAN_POINT('',(73.,27.9999,7.));
#12247 = LINE('',#12248,#12249);
#12248 = CARTESIAN_POINT('',(75.,27.9999,7.));
#12249 = VECTOR('',#12250,1.);
#12250 = DIRECTION('',(-1.,0.,0.));
#12251 = ORIENTED_EDGE('',*,*,#12252,.T.);
#12252 = EDGE_CURVE('',#12245,#12138,#12253,.T.);
#12253 = CIRCLE('',#12254,4.9999);
#12254 = AXIS2_PLACEMENT_3D('',#12255,#12256,#12257);
#12255 = CARTESIAN_POINT('',(73.,27.9999,2.0001));
#12256 = DIRECTION('',(1.,0.,-0.));
#12257 = DIRECTION('',(0.,0.,1.));
#12258 = ORIENTED_EDGE('',*,*,#12137,.T.);
#12259 = ORIENTED_EDGE('',*,*,#11217,.F.);
#12260 = CYLINDRICAL_SURFACE('',#12261,4.9999);
#12261 = AXIS2_PLACEMENT_3D('',#12262,#12263,#12264);
#12262 = CARTESIAN_POINT('',(75.,27.9999,2.0001));
#12263 = DIRECTION('',(-1.,0.,0.));
#12264 = DIRECTION('',(0.,0.,1.));
#12265 = ADVANCED_FACE('',(#12266),#12277,.T.);
#12266 = FACE_BOUND('',#12267,.T.);
#12267 = EDGE_LOOP('',(#12268,#12269,#12275,#12276));
#12268 = ORIENTED_EDGE('',*,*,#12244,.F.);
#12269 = ORIENTED_EDGE('',*,*,#12270,.F.);
#12270 = EDGE_CURVE('',#12223,#12245,#12271,.T.);
#12271 = LINE('',#12272,#12273);
#12272 = CARTESIAN_POINT('',(73.,28.,7.));
#12273 = VECTOR('',#12274,1.);
#12274 = DIRECTION('',(-0.,-1.,-0.));
#12275 = ORIENTED_EDGE('',*,*,#12222,.T.);
#12276 = ORIENTED_EDGE('',*,*,#11235,.T.);
#12277 = PLANE('',#12278);
#12278 = AXIS2_PLACEMENT_3D('',#12279,#12280,#12281);
#12279 = CARTESIAN_POINT('',(35.,25.5,7.));
#12280 = DIRECTION('',(0.,0.,1.));
#12281 = DIRECTION('',(1.,0.,0.));
#12282 = ADVANCED_FACE('',(#12283),#12298,.T.);
#12283 = FACE_BOUND('',#12284,.T.);
#12284 = EDGE_LOOP('',(#12285,#12291,#12292));
#12285 = ORIENTED_EDGE('',*,*,#12286,.F.);
#12286 = EDGE_CURVE('',#11259,#12093,#12287,.T.);
#12287 = LINE('',#12288,#12289);
#12288 = CARTESIAN_POINT('',(74.5,108.,29.5));
#12289 = VECTOR('',#12290,1.);
#12290 = DIRECTION('',(-0.707106781187,5.1E-15,0.707106781187));
#12291 = ORIENTED_EDGE('',*,*,#11258,.T.);
#12292 = ORIENTED_EDGE('',*,*,#12293,.F.);
#12293 = EDGE_CURVE('',#12093,#11251,#12294,.T.);
#12294 = LINE('',#12295,#12296);
#12295 = CARTESIAN_POINT('',(73.,109.,30.));
#12296 = VECTOR('',#12297,1.);
#12297 = DIRECTION('',(2.5E-15,0.707106781187,-0.707106781187));
#12298 = PLANE('',#12299);
#12299 = AXIS2_PLACEMENT_3D('',#12300,#12301,#12302);
#12300 = CARTESIAN_POINT('',(75.,108.,29.));
#12301 = DIRECTION('',(0.57735026919,0.57735026919,0.57735026919));
#12302 = DIRECTION('',(-4.912736883966E-15,0.707106781187,
    -0.707106781187));
#12303 = ADVANCED_FACE('',(#12304),#12315,.T.);
#12304 = FACE_BOUND('',#12305,.T.);
#12305 = EDGE_LOOP('',(#12306,#12312,#12313,#12314));
#12306 = ORIENTED_EDGE('',*,*,#12307,.F.);
#12307 = EDGE_CURVE('',#12245,#11315,#12308,.T.);
#12308 = LINE('',#12309,#12310);
#12309 = CARTESIAN_POINT('',(74.,27.9999,6.));
#12310 = VECTOR('',#12311,1.);
#12311 = DIRECTION('',(0.707106781187,0.,-0.707106781187));
#12312 = ORIENTED_EDGE('',*,*,#12252,.T.);
#12313 = ORIENTED_EDGE('',*,*,#12161,.T.);
#12314 = ORIENTED_EDGE('',*,*,#11322,.F.);
#12315 = CONICAL_SURFACE('',#12316,4.9999,0.785398163397);
#12316 = AXIS2_PLACEMENT_3D('',#12317,#12318,#12319);
#12317 = CARTESIAN_POINT('',(73.,27.9999,2.0001));
#12318 = DIRECTION('',(-1.,-0.,-0.));
#12319 = DIRECTION('',(0.,0.,1.));
#12320 = ADVANCED_FACE('',(#12321),#12332,.T.);
#12321 = FACE_BOUND('',#12322,.T.);
#12322 = EDGE_LOOP('',(#12323,#12329,#12330,#12331));
#12323 = ORIENTED_EDGE('',*,*,#12324,.F.);
#12324 = EDGE_CURVE('',#12223,#11307,#12325,.T.);
#12325 = LINE('',#12326,#12327);
#12326 = CARTESIAN_POINT('',(73.666666666667,28.666666666667,
    6.333333333333));
#12327 = VECTOR('',#12328,1.);
#12328 = DIRECTION('',(0.57735026919,0.57735026919,-0.57735026919));
#12329 = ORIENTED_EDGE('',*,*,#12270,.T.);
#12330 = ORIENTED_EDGE('',*,*,#12307,.T.);
#12331 = ORIENTED_EDGE('',*,*,#11314,.F.);
#12332 = PLANE('',#12333);
#12333 = AXIS2_PLACEMENT_3D('',#12334,#12335,#12336);
#12334 = CARTESIAN_POINT('',(74.,28.,6.));
#12335 = DIRECTION('',(0.707106781187,0.,0.707106781187));
#12336 = DIRECTION('',(0.,-1.,0.));
#12337 = ADVANCED_FACE('',(#12338),#12349,.T.);
#12338 = FACE_BOUND('',#12339,.F.);
#12339 = EDGE_LOOP('',(#12340,#12341,#12342,#12348));
#12340 = ORIENTED_EDGE('',*,*,#12324,.F.);
#12341 = ORIENTED_EDGE('',*,*,#12230,.T.);
#12342 = ORIENTED_EDGE('',*,*,#12343,.T.);
#12343 = EDGE_CURVE('',#12197,#11298,#12344,.T.);
#12344 = LINE('',#12345,#12346);
#12345 = CARTESIAN_POINT('',(74.,29.,26.0001));
#12346 = VECTOR('',#12347,1.);
#12347 = DIRECTION('',(0.707106781187,0.707106781187,0.));
#12348 = ORIENTED_EDGE('',*,*,#11306,.F.);
#12349 = PLANE('',#12350);
#12350 = AXIS2_PLACEMENT_3D('',#12351,#12352,#12353);
#12351 = CARTESIAN_POINT('',(74.,29.,7.));
#12352 = DIRECTION('',(0.707106781187,-0.707106781187,0.));
#12353 = DIRECTION('',(-0.,-0.,-1.));
#12354 = ADVANCED_FACE('',(#12355),#12366,.T.);
#12355 = FACE_BOUND('',#12356,.F.);
#12356 = EDGE_LOOP('',(#12357,#12363,#12364,#12365));
#12357 = ORIENTED_EDGE('',*,*,#12358,.F.);
#12358 = EDGE_CURVE('',#12085,#11290,#12359,.T.);
#12359 = LINE('',#12360,#12361);
#12360 = CARTESIAN_POINT('',(73.,32.9999,31.));
#12361 = VECTOR('',#12362,1.);
#12362 = DIRECTION('',(0.707106781187,4.E-17,-0.707106781187));
#12363 = ORIENTED_EDGE('',*,*,#12092,.T.);
#12364 = ORIENTED_EDGE('',*,*,#12286,.F.);
#12365 = ORIENTED_EDGE('',*,*,#11289,.F.);
#12366 = PLANE('',#12367);
#12367 = AXIS2_PLACEMENT_3D('',#12368,#12369,#12370);
#12368 = CARTESIAN_POINT('',(74.,32.9999,30.));
#12369 = DIRECTION('',(0.707106781187,0.,0.707106781187));
#12370 = DIRECTION('',(-1.1E-16,-1.,1.1E-16));
#12371 = ADVANCED_FACE('',(#12372),#12378,.T.);
#12372 = FACE_BOUND('',#12373,.F.);
#12373 = EDGE_LOOP('',(#12374,#12375,#12376,#12377));
#12374 = ORIENTED_EDGE('',*,*,#12343,.F.);
#12375 = ORIENTED_EDGE('',*,*,#12196,.T.);
#12376 = ORIENTED_EDGE('',*,*,#12358,.T.);
#12377 = ORIENTED_EDGE('',*,*,#11297,.F.);
#12378 = CONICAL_SURFACE('',#12379,4.9999,0.785398163397);
#12379 = AXIS2_PLACEMENT_3D('',#12380,#12381,#12382);
#12380 = CARTESIAN_POINT('',(73.,32.9999,26.0001));
#12381 = DIRECTION('',(-1.,-0.,-0.));
#12382 = DIRECTION('',(0.,-1.,0.));
#12383 = ADVANCED_FACE('',(#12384),#12427,.T.);
#12384 = FACE_BOUND('',#12385,.T.);
#12385 = EDGE_LOOP('',(#12386,#12387,#12395,#12403,#12411,#12419,#12425,
    #12426));
#12386 = ORIENTED_EDGE('',*,*,#11456,.F.);
#12387 = ORIENTED_EDGE('',*,*,#12388,.F.);
#12388 = EDGE_CURVE('',#12389,#11457,#12391,.T.);
#12389 = VERTEX_POINT('',#12390);
#12390 = CARTESIAN_POINT('',(71.449999999999,53.,-3.300000000002));
#12391 = LINE('',#12392,#12393);
#12392 = CARTESIAN_POINT('',(73.4625,53.,-1.287500000001));
#12393 = VECTOR('',#12394,1.);
#12394 = DIRECTION('',(0.707106781187,0.,0.707106781187));
#12395 = ORIENTED_EDGE('',*,*,#12396,.F.);
#12396 = EDGE_CURVE('',#12397,#12389,#12399,.T.);
#12397 = VERTEX_POINT('',#12398);
#12398 = CARTESIAN_POINT('',(71.449999999999,53.,-3.500000000003));
#12399 = LINE('',#12400,#12401);
#12400 = CARTESIAN_POINT('',(71.449999999999,53.,-1.650000000001));
#12401 = VECTOR('',#12402,1.);
#12402 = DIRECTION('',(0.,0.,1.));
#12403 = ORIENTED_EDGE('',*,*,#12404,.F.);
#12404 = EDGE_CURVE('',#12405,#12397,#12407,.T.);
#12405 = VERTEX_POINT('',#12406);
#12406 = CARTESIAN_POINT('',(72.049999999999,53.,-4.100000000003));
#12407 = LINE('',#12408,#12409);
#12408 = CARTESIAN_POINT('',(71.462499999999,53.,-3.512500000002));
#12409 = VECTOR('',#12410,1.);
#12410 = DIRECTION('',(-0.707106781187,0.,0.707106781187));
#12411 = ORIENTED_EDGE('',*,*,#12412,.F.);
#12412 = EDGE_CURVE('',#12413,#12405,#12415,.T.);
#12413 = VERTEX_POINT('',#12414);
#12414 = CARTESIAN_POINT('',(72.249999999999,53.,-4.100000000003));
#12415 = LINE('',#12416,#12417);
#12416 = CARTESIAN_POINT('',(73.525,53.,-4.100000000003));
#12417 = VECTOR('',#12418,1.);
#12418 = DIRECTION('',(-1.,0.,0.));
#12419 = ORIENTED_EDGE('',*,*,#12420,.F.);
#12420 = EDGE_CURVE('',#11370,#12413,#12421,.T.);
#12421 = LINE('',#12422,#12423);
#12422 = CARTESIAN_POINT('',(73.9625,53.,-2.387500000002));
#12423 = VECTOR('',#12424,1.);
#12424 = DIRECTION('',(-0.707106781187,-0.,-0.707106781187));
#12425 = ORIENTED_EDGE('',*,*,#11369,.F.);
#12426 = ORIENTED_EDGE('',*,*,#11355,.T.);
#12427 = PLANE('',#12428);
#12428 = AXIS2_PLACEMENT_3D('',#12429,#12430,#12431);
#12429 = CARTESIAN_POINT('',(75.,53.,0.));
#12430 = DIRECTION('',(0.,-1.,0.));
#12431 = DIRECTION('',(-1.,0.,0.));
#12432 = ADVANCED_FACE('',(#12433),#12444,.T.);
#12433 = FACE_BOUND('',#12434,.T.);
#12434 = EDGE_LOOP('',(#12435,#12436,#12442,#12443));
#12435 = ORIENTED_EDGE('',*,*,#12420,.T.);
#12436 = ORIENTED_EDGE('',*,*,#12437,.T.);
#12437 = EDGE_CURVE('',#12413,#11433,#12438,.T.);
#12438 = LINE('',#12439,#12440);
#12439 = CARTESIAN_POINT('',(72.249999999999,24.,-4.100000000003));
#12440 = VECTOR('',#12441,1.);
#12441 = DIRECTION('',(0.,1.,-2.5E-16));
#12442 = ORIENTED_EDGE('',*,*,#11440,.T.);
#12443 = ORIENTED_EDGE('',*,*,#11377,.F.);
#12444 = PLANE('',#12445);
#12445 = AXIS2_PLACEMENT_3D('',#12446,#12447,#12448);
#12446 = CARTESIAN_POINT('',(72.249999999999,24.,-4.100000000003));
#12447 = DIRECTION('',(0.707106781187,-1.8E-16,-0.707106781187));
#12448 = DIRECTION('',(0.707106781187,1.6E-16,0.707106781187));
#12449 = ADVANCED_FACE('',(#12450),#12461,.T.);
#12450 = FACE_BOUND('',#12451,.T.);
#12451 = EDGE_LOOP('',(#12452,#12453,#12454,#12455));
#12452 = ORIENTED_EDGE('',*,*,#12388,.T.);
#12453 = ORIENTED_EDGE('',*,*,#11466,.T.);
#12454 = ORIENTED_EDGE('',*,*,#11408,.T.);
#12455 = ORIENTED_EDGE('',*,*,#12456,.F.);
#12456 = EDGE_CURVE('',#12389,#11409,#12457,.T.);
#12457 = LINE('',#12458,#12459);
#12458 = CARTESIAN_POINT('',(71.449999999999,24.,-3.300000000002));
#12459 = VECTOR('',#12460,1.);
#12460 = DIRECTION('',(0.,1.,-2.5E-16));
#12461 = PLANE('',#12462);
#12462 = AXIS2_PLACEMENT_3D('',#12463,#12464,#12465);
#12463 = CARTESIAN_POINT('',(72.05,24.,-2.700000000001));
#12464 = DIRECTION('',(-0.707106781187,1.8E-16,0.707106781187));
#12465 = DIRECTION('',(-0.707106781187,-1.6E-16,-0.707106781187));
#12466 = ADVANCED_FACE('',(#12467),#12478,.T.);
#12467 = FACE_BOUND('',#12468,.T.);
#12468 = EDGE_LOOP('',(#12469,#12470,#12471,#12472));
#12469 = ORIENTED_EDGE('',*,*,#12396,.T.);
#12470 = ORIENTED_EDGE('',*,*,#12456,.T.);
#12471 = ORIENTED_EDGE('',*,*,#11416,.T.);
#12472 = ORIENTED_EDGE('',*,*,#12473,.F.);
#12473 = EDGE_CURVE('',#12397,#11417,#12474,.T.);
#12474 = LINE('',#12475,#12476);
#12475 = CARTESIAN_POINT('',(71.449999999999,24.,-3.500000000003));
#12476 = VECTOR('',#12477,1.);
#12477 = DIRECTION('',(0.,1.,-2.5E-16));
#12478 = PLANE('',#12479);
#12479 = AXIS2_PLACEMENT_3D('',#12480,#12481,#12482);
#12480 = CARTESIAN_POINT('',(71.449999999999,24.,-3.300000000002));
#12481 = DIRECTION('',(-1.,0.,0.));
#12482 = DIRECTION('',(-0.,-2.2E-16,-1.));
#12483 = ADVANCED_FACE('',(#12484),#12495,.T.);
#12484 = FACE_BOUND('',#12485,.T.);
#12485 = EDGE_LOOP('',(#12486,#12487,#12488,#12489));
#12486 = ORIENTED_EDGE('',*,*,#12404,.T.);
#12487 = ORIENTED_EDGE('',*,*,#12473,.T.);
#12488 = ORIENTED_EDGE('',*,*,#11424,.T.);
#12489 = ORIENTED_EDGE('',*,*,#12490,.F.);
#12490 = EDGE_CURVE('',#12405,#11425,#12491,.T.);
#12491 = LINE('',#12492,#12493);
#12492 = CARTESIAN_POINT('',(72.049999999999,24.,-4.100000000003));
#12493 = VECTOR('',#12494,1.);
#12494 = DIRECTION('',(0.,1.,-2.5E-16));
#12495 = PLANE('',#12496);
#12496 = AXIS2_PLACEMENT_3D('',#12497,#12498,#12499);
#12497 = CARTESIAN_POINT('',(71.449999999999,24.,-3.500000000003));
#12498 = DIRECTION('',(-0.707106781187,-1.8E-16,-0.707106781187));
#12499 = DIRECTION('',(0.707106781187,-1.6E-16,-0.707106781187));
#12500 = ADVANCED_FACE('',(#12501),#12507,.T.);
#12501 = FACE_BOUND('',#12502,.T.);
#12502 = EDGE_LOOP('',(#12503,#12504,#12505,#12506));
#12503 = ORIENTED_EDGE('',*,*,#12412,.T.);
#12504 = ORIENTED_EDGE('',*,*,#12490,.T.);
#12505 = ORIENTED_EDGE('',*,*,#11432,.T.);
#12506 = ORIENTED_EDGE('',*,*,#12437,.F.);
#12507 = PLANE('',#12508);
#12508 = AXIS2_PLACEMENT_3D('',#12509,#12510,#12511);
#12509 = CARTESIAN_POINT('',(72.049999999999,24.,-4.100000000003));
#12510 = DIRECTION('',(0.,-2.5E-16,-1.));
#12511 = DIRECTION('',(1.,0.,0.));
#12512 = ADVANCED_FACE('',(#12513,#12533,#12544),#12555,.T.);
#12513 = FACE_BOUND('',#12514,.T.);
#12514 = EDGE_LOOP('',(#12515,#12516,#12522,#12523,#12524,#12525,#12531,
    #12532));
#12515 = ORIENTED_EDGE('',*,*,#11507,.T.);
#12516 = ORIENTED_EDGE('',*,*,#12517,.F.);
#12517 = EDGE_CURVE('',#11769,#11500,#12518,.T.);
#12518 = LINE('',#12519,#12520);
#12519 = CARTESIAN_POINT('',(-0.1,33.,27.35));
#12520 = VECTOR('',#12521,1.);
#12521 = DIRECTION('',(1.,0.,0.));
#12522 = ORIENTED_EDGE('',*,*,#11768,.F.);
#12523 = ORIENTED_EDGE('',*,*,#11750,.F.);
#12524 = ORIENTED_EDGE('',*,*,#11710,.F.);
#12525 = ORIENTED_EDGE('',*,*,#12526,.T.);
#12526 = EDGE_CURVE('',#11711,#11548,#12527,.T.);
#12527 = LINE('',#12528,#12529);
#12528 = CARTESIAN_POINT('',(-0.1,105.4,27.35));
#12529 = VECTOR('',#12530,1.);
#12530 = DIRECTION('',(1.,0.,0.));
#12531 = ORIENTED_EDGE('',*,*,#11547,.T.);
#12532 = ORIENTED_EDGE('',*,*,#11523,.T.);
#12533 = FACE_BOUND('',#12534,.T.);
#12534 = EDGE_LOOP('',(#12535));
#12535 = ORIENTED_EDGE('',*,*,#12536,.F.);
#12536 = EDGE_CURVE('',#12537,#12537,#12539,.T.);
#12537 = VERTEX_POINT('',#12538);
#12538 = CARTESIAN_POINT('',(60.,99.8,27.35));
#12539 = CIRCLE('',#12540,5.);
#12540 = AXIS2_PLACEMENT_3D('',#12541,#12542,#12543);
#12541 = CARTESIAN_POINT('',(55.,99.8,27.35));
#12542 = DIRECTION('',(0.,0.,-1.));
#12543 = DIRECTION('',(1.,0.,0.));
#12544 = FACE_BOUND('',#12545,.T.);
#12545 = EDGE_LOOP('',(#12546));
#12546 = ORIENTED_EDGE('',*,*,#12547,.F.);
#12547 = EDGE_CURVE('',#12548,#12548,#12550,.T.);
#12548 = VERTEX_POINT('',#12549);
#12549 = CARTESIAN_POINT('',(20.,99.8,27.35));
#12550 = CIRCLE('',#12551,5.);
#12551 = AXIS2_PLACEMENT_3D('',#12552,#12553,#12554);
#12552 = CARTESIAN_POINT('',(15.,99.8,27.35));
#12553 = DIRECTION('',(0.,0.,-1.));
#12554 = DIRECTION('',(1.,0.,0.));
#12555 = PLANE('',#12556);
#12556 = AXIS2_PLACEMENT_3D('',#12557,#12558,#12559);
#12557 = CARTESIAN_POINT('',(35.,69.143899018233,27.35));
#12558 = DIRECTION('',(-0.,-0.,-1.));
#12559 = DIRECTION('',(-1.,0.,0.));
#12560 = ADVANCED_FACE('',(#12561),#12567,.F.);
#12561 = FACE_BOUND('',#12562,.F.);
#12562 = EDGE_LOOP('',(#12563,#12564,#12565,#12566));
#12563 = ORIENTED_EDGE('',*,*,#11776,.F.);
#12564 = ORIENTED_EDGE('',*,*,#12181,.T.);
#12565 = ORIENTED_EDGE('',*,*,#11499,.F.);
#12566 = ORIENTED_EDGE('',*,*,#12517,.F.);
#12567 = PLANE('',#12568);
#12568 = AXIS2_PLACEMENT_3D('',#12569,#12570,#12571);
#12569 = CARTESIAN_POINT('',(-0.1,33.,6.999999999984));
#12570 = DIRECTION('',(0.,-1.,0.));
#12571 = DIRECTION('',(0.,0.,1.));
#12572 = ADVANCED_FACE('',(#12573),#12584,.T.);
#12573 = FACE_BOUND('',#12574,.T.);
#12574 = EDGE_LOOP('',(#12575,#12581,#12582,#12583));
#12575 = ORIENTED_EDGE('',*,*,#12576,.F.);
#12576 = EDGE_CURVE('',#11719,#11556,#12577,.T.);
#12577 = LINE('',#12578,#12579);
#12578 = CARTESIAN_POINT('',(-0.1,105.4,29.8));
#12579 = VECTOR('',#12580,1.);
#12580 = DIRECTION('',(1.,0.,0.));
#12581 = ORIENTED_EDGE('',*,*,#11726,.F.);
#12582 = ORIENTED_EDGE('',*,*,#11587,.F.);
#12583 = ORIENTED_EDGE('',*,*,#11563,.T.);
#12584 = PLANE('',#12585);
#12585 = AXIS2_PLACEMENT_3D('',#12586,#12587,#12588);
#12586 = CARTESIAN_POINT('',(-0.1,110.,29.8));
#12587 = DIRECTION('',(0.,0.,-1.));
#12588 = DIRECTION('',(0.,-1.,0.));
#12589 = ADVANCED_FACE('',(#12590),#12596,.T.);
#12590 = FACE_BOUND('',#12591,.T.);
#12591 = EDGE_LOOP('',(#12592,#12593,#12594,#12595));
#12592 = ORIENTED_EDGE('',*,*,#11718,.F.);
#12593 = ORIENTED_EDGE('',*,*,#12576,.T.);
#12594 = ORIENTED_EDGE('',*,*,#11555,.T.);
#12595 = ORIENTED_EDGE('',*,*,#12526,.F.);
#12596 = PLANE('',#12597);
#12597 = AXIS2_PLACEMENT_3D('',#12598,#12599,#12600);
#12598 = CARTESIAN_POINT('',(-0.1,105.4,29.8));
#12599 = DIRECTION('',(0.,1.,0.));
#12600 = DIRECTION('',(0.,0.,-1.));
#12601 = ADVANCED_FACE('',(#12602),#12621,.F.);
#12602 = FACE_BOUND('',#12603,.T.);
#12603 = EDGE_LOOP('',(#12604,#12612,#12619,#12620));
#12604 = ORIENTED_EDGE('',*,*,#12605,.F.);
#12605 = EDGE_CURVE('',#12606,#11604,#12608,.T.);
#12606 = VERTEX_POINT('',#12607);
#12607 = CARTESIAN_POINT('',(56.8,109.,17.6));
#12608 = LINE('',#12609,#12610);
#12609 = CARTESIAN_POINT('',(56.8,109.,17.6));
#12610 = VECTOR('',#12611,1.);
#12611 = DIRECTION('',(-6.E-17,-1.,2.2E-16));
#12612 = ORIENTED_EDGE('',*,*,#12613,.T.);
#12613 = EDGE_CURVE('',#12606,#12606,#12614,.T.);
#12614 = CIRCLE('',#12615,1.7);
#12615 = AXIS2_PLACEMENT_3D('',#12616,#12617,#12618);
#12616 = CARTESIAN_POINT('',(55.1,109.,17.6));
#12617 = DIRECTION('',(0.,1.,-2.2E-16));
#12618 = DIRECTION('',(1.,0.,0.));
#12619 = ORIENTED_EDGE('',*,*,#12605,.T.);
#12620 = ORIENTED_EDGE('',*,*,#11603,.T.);
#12621 = CYLINDRICAL_SURFACE('',#12622,1.7);
#12622 = AXIS2_PLACEMENT_3D('',#12623,#12624,#12625);
#12623 = CARTESIAN_POINT('',(55.1,109.,17.6));
#12624 = DIRECTION('',(0.,-1.,2.2E-16));
#12625 = DIRECTION('',(1.,0.,0.));
#12626 = ADVANCED_FACE('',(#12627),#12643,.F.);
#12627 = FACE_BOUND('',#12628,.F.);
#12628 = EDGE_LOOP('',(#12629,#12630,#12636,#12637));
#12629 = ORIENTED_EDGE('',*,*,#11932,.F.);
#12630 = ORIENTED_EDGE('',*,*,#12631,.T.);
#12631 = EDGE_CURVE('',#11933,#11615,#12632,.T.);
#12632 = LINE('',#12633,#12634);
#12633 = CARTESIAN_POINT('',(20.,110.,11.549999991293));
#12634 = VECTOR('',#12635,1.);
#12635 = DIRECTION('',(0.,-1.,2.2E-16));
#12636 = ORIENTED_EDGE('',*,*,#11614,.T.);
#12637 = ORIENTED_EDGE('',*,*,#12638,.F.);
#12638 = EDGE_CURVE('',#11935,#11617,#12639,.T.);
#12639 = LINE('',#12640,#12641);
#12640 = CARTESIAN_POINT('',(20.,110.,23.650000143491));
#12641 = VECTOR('',#12642,1.);
#12642 = DIRECTION('',(0.,-1.,2.2E-16));
#12643 = PLANE('',#12644);
#12644 = AXIS2_PLACEMENT_3D('',#12645,#12646,#12647);
#12645 = CARTESIAN_POINT('',(20.,110.,11.549999991293));
#12646 = DIRECTION('',(-1.,0.,2.9E-16));
#12647 = DIRECTION('',(2.9E-16,2.2E-16,1.));
#12648 = ADVANCED_FACE('',(#12649),#12660,.F.);
#12649 = FACE_BOUND('',#12650,.F.);
#12650 = EDGE_LOOP('',(#12651,#12652,#12658,#12659));
#12651 = ORIENTED_EDGE('',*,*,#11942,.F.);
#12652 = ORIENTED_EDGE('',*,*,#12653,.T.);
#12653 = EDGE_CURVE('',#11943,#11668,#12654,.T.);
#12654 = LINE('',#12655,#12656);
#12655 = CARTESIAN_POINT('',(25.1,110.,6.45));
#12656 = VECTOR('',#12657,1.);
#12657 = DIRECTION('',(0.,-1.,2.2E-16));
#12658 = ORIENTED_EDGE('',*,*,#11675,.T.);
#12659 = ORIENTED_EDGE('',*,*,#12631,.F.);
#12660 = CYLINDRICAL_SURFACE('',#12661,5.1);
#12661 = AXIS2_PLACEMENT_3D('',#12662,#12663,#12664);
#12662 = CARTESIAN_POINT('',(25.1,110.,11.55));
#12663 = DIRECTION('',(0.,1.,-2.2E-16));
#12664 = DIRECTION('',(-1.,0.,0.));
#12665 = ADVANCED_FACE('',(#12666),#12677,.F.);
#12666 = FACE_BOUND('',#12667,.F.);
#12667 = EDGE_LOOP('',(#12668,#12669,#12670,#12671));
#12668 = ORIENTED_EDGE('',*,*,#11993,.F.);
#12669 = ORIENTED_EDGE('',*,*,#12638,.T.);
#12670 = ORIENTED_EDGE('',*,*,#11624,.T.);
#12671 = ORIENTED_EDGE('',*,*,#12672,.F.);
#12672 = EDGE_CURVE('',#11986,#11625,#12673,.T.);
#12673 = LINE('',#12674,#12675);
#12674 = CARTESIAN_POINT('',(25.100000033625,110.,28.750000143491));
#12675 = VECTOR('',#12676,1.);
#12676 = DIRECTION('',(0.,-1.,2.2E-16));
#12677 = CYLINDRICAL_SURFACE('',#12678,5.1);
#12678 = AXIS2_PLACEMENT_3D('',#12679,#12680,#12681);
#12679 = CARTESIAN_POINT('',(25.1,110.,23.650000143491));
#12680 = DIRECTION('',(0.,1.,-2.2E-16));
#12681 = DIRECTION('',(-1.,0.,0.));
#12682 = ADVANCED_FACE('',(#12683),#12694,.F.);
#12683 = FACE_BOUND('',#12684,.F.);
#12684 = EDGE_LOOP('',(#12685,#12686,#12692,#12693));
#12685 = ORIENTED_EDGE('',*,*,#11951,.F.);
#12686 = ORIENTED_EDGE('',*,*,#12687,.T.);
#12687 = EDGE_CURVE('',#11952,#11659,#12688,.T.);
#12688 = LINE('',#12689,#12690);
#12689 = CARTESIAN_POINT('',(44.9,110.,6.45));
#12690 = VECTOR('',#12691,1.);
#12691 = DIRECTION('',(0.,-1.,2.2E-16));
#12692 = ORIENTED_EDGE('',*,*,#11667,.F.);
#12693 = ORIENTED_EDGE('',*,*,#12653,.F.);
#12694 = PLANE('',#12695);
#12695 = AXIS2_PLACEMENT_3D('',#12696,#12697,#12698);
#12696 = CARTESIAN_POINT('',(44.9,110.,6.45));
#12697 = DIRECTION('',(-0.,-2.2E-16,-1.));
#12698 = DIRECTION('',(-1.,0.,0.));
#12699 = ADVANCED_FACE('',(#12700),#12711,.F.);
#12700 = FACE_BOUND('',#12701,.F.);
#12701 = EDGE_LOOP('',(#12702,#12703,#12704,#12705));
#12702 = ORIENTED_EDGE('',*,*,#11985,.F.);
#12703 = ORIENTED_EDGE('',*,*,#12672,.T.);
#12704 = ORIENTED_EDGE('',*,*,#11633,.F.);
#12705 = ORIENTED_EDGE('',*,*,#12706,.F.);
#12706 = EDGE_CURVE('',#11977,#11634,#12707,.T.);
#12707 = LINE('',#12708,#12709);
#12708 = CARTESIAN_POINT('',(44.9,110.,28.750000143491));
#12709 = VECTOR('',#12710,1.);
#12710 = DIRECTION('',(0.,-1.,2.2E-16));
#12711 = PLANE('',#12712);
#12712 = AXIS2_PLACEMENT_3D('',#12713,#12714,#12715);
#12713 = CARTESIAN_POINT('',(25.100000033625,110.,28.750000143491));
#12714 = DIRECTION('',(0.,2.2E-16,1.));
#12715 = DIRECTION('',(1.,0.,0.));
#12716 = ADVANCED_FACE('',(#12717),#12728,.F.);
#12717 = FACE_BOUND('',#12718,.F.);
#12718 = EDGE_LOOP('',(#12719,#12720,#12726,#12727));
#12719 = ORIENTED_EDGE('',*,*,#11959,.F.);
#12720 = ORIENTED_EDGE('',*,*,#12721,.T.);
#12721 = EDGE_CURVE('',#11960,#11651,#12722,.T.);
#12722 = LINE('',#12723,#12724);
#12723 = CARTESIAN_POINT('',(50.,110.,11.55));
#12724 = VECTOR('',#12725,1.);
#12725 = DIRECTION('',(0.,-1.,2.2E-16));
#12726 = ORIENTED_EDGE('',*,*,#11658,.T.);
#12727 = ORIENTED_EDGE('',*,*,#12687,.F.);
#12728 = CYLINDRICAL_SURFACE('',#12729,5.1);
#12729 = AXIS2_PLACEMENT_3D('',#12730,#12731,#12732);
#12730 = CARTESIAN_POINT('',(44.9,110.,11.55));
#12731 = DIRECTION('',(0.,1.,-2.2E-16));
#12732 = DIRECTION('',(-1.,0.,0.));
#12733 = ADVANCED_FACE('',(#12734),#12745,.F.);
#12734 = FACE_BOUND('',#12735,.F.);
#12735 = EDGE_LOOP('',(#12736,#12737,#12738,#12739));
#12736 = ORIENTED_EDGE('',*,*,#11976,.F.);
#12737 = ORIENTED_EDGE('',*,*,#12706,.T.);
#12738 = ORIENTED_EDGE('',*,*,#11641,.T.);
#12739 = ORIENTED_EDGE('',*,*,#12740,.F.);
#12740 = EDGE_CURVE('',#11969,#11642,#12741,.T.);
#12741 = LINE('',#12742,#12743);
#12742 = CARTESIAN_POINT('',(50.,110.,23.65));
#12743 = VECTOR('',#12744,1.);
#12744 = DIRECTION('',(0.,-1.,2.2E-16));
#12745 = CYLINDRICAL_SURFACE('',#12746,5.1);
#12746 = AXIS2_PLACEMENT_3D('',#12747,#12748,#12749);
#12747 = CARTESIAN_POINT('',(44.9,110.,23.650000143491));
#12748 = DIRECTION('',(0.,1.,-2.2E-16));
#12749 = DIRECTION('',(-1.,0.,0.));
#12750 = ADVANCED_FACE('',(#12751),#12757,.F.);
#12751 = FACE_BOUND('',#12752,.F.);
#12752 = EDGE_LOOP('',(#12753,#12754,#12755,#12756));
#12753 = ORIENTED_EDGE('',*,*,#11968,.T.);
#12754 = ORIENTED_EDGE('',*,*,#12740,.T.);
#12755 = ORIENTED_EDGE('',*,*,#11650,.F.);
#12756 = ORIENTED_EDGE('',*,*,#12721,.F.);
#12757 = PLANE('',#12758);
#12758 = AXIS2_PLACEMENT_3D('',#12759,#12760,#12761);
#12759 = CARTESIAN_POINT('',(50.,110.,23.65));
#12760 = DIRECTION('',(1.,0.,0.));
#12761 = DIRECTION('',(0.,-2.2E-16,-1.));
#12762 = ADVANCED_FACE('',(#12763),#12782,.F.);
#12763 = FACE_BOUND('',#12764,.T.);
#12764 = EDGE_LOOP('',(#12765,#12773,#12780,#12781));
#12765 = ORIENTED_EDGE('',*,*,#12766,.F.);
#12766 = EDGE_CURVE('',#12767,#11685,#12769,.T.);
#12767 = VERTEX_POINT('',#12768);
#12768 = CARTESIAN_POINT('',(16.6,109.,17.6));
#12769 = LINE('',#12770,#12771);
#12770 = CARTESIAN_POINT('',(16.6,109.,17.6));
#12771 = VECTOR('',#12772,1.);
#12772 = DIRECTION('',(-6.E-17,-1.,2.2E-16));
#12773 = ORIENTED_EDGE('',*,*,#12774,.T.);
#12774 = EDGE_CURVE('',#12767,#12767,#12775,.T.);
#12775 = CIRCLE('',#12776,1.7);
#12776 = AXIS2_PLACEMENT_3D('',#12777,#12778,#12779);
#12777 = CARTESIAN_POINT('',(14.9,109.,17.6));
#12778 = DIRECTION('',(0.,1.,-2.2E-16));
#12779 = DIRECTION('',(1.,0.,0.));
#12780 = ORIENTED_EDGE('',*,*,#12766,.T.);
#12781 = ORIENTED_EDGE('',*,*,#11684,.T.);
#12782 = CYLINDRICAL_SURFACE('',#12783,1.7);
#12783 = AXIS2_PLACEMENT_3D('',#12784,#12785,#12786);
#12784 = CARTESIAN_POINT('',(14.9,109.,17.6));
#12785 = DIRECTION('',(0.,-1.,2.2E-16));
#12786 = DIRECTION('',(1.,0.,0.));
#12787 = ADVANCED_FACE('',(#12788),#12799,.T.);
#12788 = FACE_BOUND('',#12789,.T.);
#12789 = EDGE_LOOP('',(#12790,#12791,#12797,#12798));
#12790 = ORIENTED_EDGE('',*,*,#12068,.T.);
#12791 = ORIENTED_EDGE('',*,*,#12792,.T.);
#12792 = EDGE_CURVE('',#12061,#11863,#12793,.T.);
#12793 = LINE('',#12794,#12795);
#12794 = CARTESIAN_POINT('',(-1.45,24.,-3.3));
#12795 = VECTOR('',#12796,1.);
#12796 = DIRECTION('',(0.,1.,-2.5E-16));
#12797 = ORIENTED_EDGE('',*,*,#11870,.T.);
#12798 = ORIENTED_EDGE('',*,*,#11807,.F.);
#12799 = PLANE('',#12800);
#12800 = AXIS2_PLACEMENT_3D('',#12801,#12802,#12803);
#12801 = CARTESIAN_POINT('',(-1.45,24.,-3.3));
#12802 = DIRECTION('',(0.707106781187,1.8E-16,0.707106781187));
#12803 = DIRECTION('',(-0.707106781187,1.6E-16,0.707106781187));
#12804 = ADVANCED_FACE('',(#12805),#12816,.T.);
#12805 = FACE_BOUND('',#12806,.T.);
#12806 = EDGE_LOOP('',(#12807,#12808,#12809,#12810));
#12807 = ORIENTED_EDGE('',*,*,#12036,.T.);
#12808 = ORIENTED_EDGE('',*,*,#11896,.T.);
#12809 = ORIENTED_EDGE('',*,*,#11838,.T.);
#12810 = ORIENTED_EDGE('',*,*,#12811,.F.);
#12811 = EDGE_CURVE('',#12037,#11839,#12812,.T.);
#12812 = LINE('',#12813,#12814);
#12813 = CARTESIAN_POINT('',(-2.25,24.,-4.1));
#12814 = VECTOR('',#12815,1.);
#12815 = DIRECTION('',(0.,1.,-2.5E-16));
#12816 = PLANE('',#12817);
#12817 = AXIS2_PLACEMENT_3D('',#12818,#12819,#12820);
#12818 = CARTESIAN_POINT('',(-2.85,24.,-3.5));
#12819 = DIRECTION('',(-0.707106781187,-1.8E-16,-0.707106781187));
#12820 = DIRECTION('',(0.707106781187,-1.6E-16,-0.707106781187));
#12821 = ADVANCED_FACE('',(#12822),#12833,.T.);
#12822 = FACE_BOUND('',#12823,.T.);
#12823 = EDGE_LOOP('',(#12824,#12825,#12826,#12827));
#12824 = ORIENTED_EDGE('',*,*,#12044,.T.);
#12825 = ORIENTED_EDGE('',*,*,#12811,.T.);
#12826 = ORIENTED_EDGE('',*,*,#11846,.T.);
#12827 = ORIENTED_EDGE('',*,*,#12828,.F.);
#12828 = EDGE_CURVE('',#12045,#11847,#12829,.T.);
#12829 = LINE('',#12830,#12831);
#12830 = CARTESIAN_POINT('',(-2.05,24.,-4.1));
#12831 = VECTOR('',#12832,1.);
#12832 = DIRECTION('',(0.,1.,-2.5E-16));
#12833 = PLANE('',#12834);
#12834 = AXIS2_PLACEMENT_3D('',#12835,#12836,#12837);
#12835 = CARTESIAN_POINT('',(-2.25,24.,-4.1));
#12836 = DIRECTION('',(0.,-2.5E-16,-1.));
#12837 = DIRECTION('',(1.,0.,0.));
#12838 = ADVANCED_FACE('',(#12839),#12850,.T.);
#12839 = FACE_BOUND('',#12840,.T.);
#12840 = EDGE_LOOP('',(#12841,#12842,#12843,#12844));
#12841 = ORIENTED_EDGE('',*,*,#12052,.T.);
#12842 = ORIENTED_EDGE('',*,*,#12828,.T.);
#12843 = ORIENTED_EDGE('',*,*,#11854,.T.);
#12844 = ORIENTED_EDGE('',*,*,#12845,.F.);
#12845 = EDGE_CURVE('',#12053,#11855,#12846,.T.);
#12846 = LINE('',#12847,#12848);
#12847 = CARTESIAN_POINT('',(-1.45,24.,-3.5));
#12848 = VECTOR('',#12849,1.);
#12849 = DIRECTION('',(0.,1.,-2.5E-16));
#12850 = PLANE('',#12851);
#12851 = AXIS2_PLACEMENT_3D('',#12852,#12853,#12854);
#12852 = CARTESIAN_POINT('',(-2.05,24.,-4.1));
#12853 = DIRECTION('',(0.707106781187,-1.8E-16,-0.707106781187));
#12854 = DIRECTION('',(0.707106781187,1.6E-16,0.707106781187));
#12855 = ADVANCED_FACE('',(#12856),#12862,.T.);
#12856 = FACE_BOUND('',#12857,.T.);
#12857 = EDGE_LOOP('',(#12858,#12859,#12860,#12861));
#12858 = ORIENTED_EDGE('',*,*,#12060,.T.);
#12859 = ORIENTED_EDGE('',*,*,#12845,.T.);
#12860 = ORIENTED_EDGE('',*,*,#11862,.T.);
#12861 = ORIENTED_EDGE('',*,*,#12792,.F.);
#12862 = PLANE('',#12863);
#12863 = AXIS2_PLACEMENT_3D('',#12864,#12865,#12866);
#12864 = CARTESIAN_POINT('',(-1.45,24.,-3.5));
#12865 = DIRECTION('',(1.,0.,0.));
#12866 = DIRECTION('',(0.,2.2E-16,1.));
#12867 = ADVANCED_FACE('',(#12868),#12874,.T.);
#12868 = FACE_BOUND('',#12869,.F.);
#12869 = EDGE_LOOP('',(#12870,#12871,#12872,#12873));
#12870 = ORIENTED_EDGE('',*,*,#12100,.T.);
#12871 = ORIENTED_EDGE('',*,*,#12020,.T.);
#12872 = ORIENTED_EDGE('',*,*,#11912,.F.);
#12873 = ORIENTED_EDGE('',*,*,#12293,.F.);
#12874 = PLANE('',#12875);
#12875 = AXIS2_PLACEMENT_3D('',#12876,#12877,#12878);
#12876 = CARTESIAN_POINT('',(75.,109.,30.));
#12877 = DIRECTION('',(0.,0.707106781187,0.707106781187));
#12878 = DIRECTION('',(1.,0.,0.));
#12879 = ADVANCED_FACE('',(#12880),#12899,.F.);
#12880 = FACE_BOUND('',#12881,.T.);
#12881 = EDGE_LOOP('',(#12882,#12890,#12891,#12892));
#12882 = ORIENTED_EDGE('',*,*,#12883,.F.);
#12883 = EDGE_CURVE('',#11922,#12884,#12886,.T.);
#12884 = VERTEX_POINT('',#12885);
#12885 = CARTESIAN_POINT('',(18.25,109.,17.6));
#12886 = LINE('',#12887,#12888);
#12887 = CARTESIAN_POINT('',(18.25,110.,17.6));
#12888 = VECTOR('',#12889,1.);
#12889 = DIRECTION('',(0.,-1.,2.2E-16));
#12890 = ORIENTED_EDGE('',*,*,#11921,.T.);
#12891 = ORIENTED_EDGE('',*,*,#12883,.T.);
#12892 = ORIENTED_EDGE('',*,*,#12893,.F.);
#12893 = EDGE_CURVE('',#12884,#12884,#12894,.T.);
#12894 = CIRCLE('',#12895,3.35);
#12895 = AXIS2_PLACEMENT_3D('',#12896,#12897,#12898);
#12896 = CARTESIAN_POINT('',(14.9,109.,17.6));
#12897 = DIRECTION('',(0.,1.,-2.2E-16));
#12898 = DIRECTION('',(1.,0.,0.));
#12899 = CYLINDRICAL_SURFACE('',#12900,3.35);
#12900 = AXIS2_PLACEMENT_3D('',#12901,#12902,#12903);
#12901 = CARTESIAN_POINT('',(14.9,110.,17.6));
#12902 = DIRECTION('',(0.,-1.,2.2E-16));
#12903 = DIRECTION('',(1.,0.,0.));
#12904 = ADVANCED_FACE('',(#12905),#12924,.F.);
#12905 = FACE_BOUND('',#12906,.T.);
#12906 = EDGE_LOOP('',(#12907,#12915,#12916,#12917));
#12907 = ORIENTED_EDGE('',*,*,#12908,.F.);
#12908 = EDGE_CURVE('',#12003,#12909,#12911,.T.);
#12909 = VERTEX_POINT('',#12910);
#12910 = CARTESIAN_POINT('',(58.45,109.,17.6));
#12911 = LINE('',#12912,#12913);
#12912 = CARTESIAN_POINT('',(58.45,110.,17.6));
#12913 = VECTOR('',#12914,1.);
#12914 = DIRECTION('',(0.,-1.,2.2E-16));
#12915 = ORIENTED_EDGE('',*,*,#12002,.T.);
#12916 = ORIENTED_EDGE('',*,*,#12908,.T.);
#12917 = ORIENTED_EDGE('',*,*,#12918,.F.);
#12918 = EDGE_CURVE('',#12909,#12909,#12919,.T.);
#12919 = CIRCLE('',#12920,3.35);
#12920 = AXIS2_PLACEMENT_3D('',#12921,#12922,#12923);
#12921 = CARTESIAN_POINT('',(55.1,109.,17.6));
#12922 = DIRECTION('',(0.,1.,-2.2E-16));
#12923 = DIRECTION('',(1.,0.,0.));
#12924 = CYLINDRICAL_SURFACE('',#12925,3.35);
#12925 = AXIS2_PLACEMENT_3D('',#12926,#12927,#12928);
#12926 = CARTESIAN_POINT('',(55.1,110.,17.6));
#12927 = DIRECTION('',(0.,-1.,2.2E-16));
#12928 = DIRECTION('',(1.,0.,0.));
#12929 = ADVANCED_FACE('',(#12930),#12949,.F.);
#12930 = FACE_BOUND('',#12931,.T.);
#12931 = EDGE_LOOP('',(#12932,#12940,#12941,#12942));
#12932 = ORIENTED_EDGE('',*,*,#12933,.F.);
#12933 = EDGE_CURVE('',#12110,#12934,#12936,.T.);
#12934 = VERTEX_POINT('',#12935);
#12935 = CARTESIAN_POINT('',(18.,99.8,27.6));
#12936 = LINE('',#12937,#12938);
#12937 = CARTESIAN_POINT('',(18.,99.8,31.));
#12938 = VECTOR('',#12939,1.);
#12939 = DIRECTION('',(0.,0.,-1.));
#12940 = ORIENTED_EDGE('',*,*,#12109,.T.);
#12941 = ORIENTED_EDGE('',*,*,#12933,.T.);
#12942 = ORIENTED_EDGE('',*,*,#12943,.F.);
#12943 = EDGE_CURVE('',#12934,#12934,#12944,.T.);
#12944 = CIRCLE('',#12945,3.);
#12945 = AXIS2_PLACEMENT_3D('',#12946,#12947,#12948);
#12946 = CARTESIAN_POINT('',(15.,99.8,27.6));
#12947 = DIRECTION('',(0.,0.,1.));
#12948 = DIRECTION('',(1.,0.,0.));
#12949 = CYLINDRICAL_SURFACE('',#12950,3.);
#12950 = AXIS2_PLACEMENT_3D('',#12951,#12952,#12953);
#12951 = CARTESIAN_POINT('',(15.,99.8,31.));
#12952 = DIRECTION('',(-0.,-0.,-1.));
#12953 = DIRECTION('',(1.,0.,0.));
#12954 = ADVANCED_FACE('',(#12955),#12974,.F.);
#12955 = FACE_BOUND('',#12956,.T.);
#12956 = EDGE_LOOP('',(#12957,#12965,#12966,#12967));
#12957 = ORIENTED_EDGE('',*,*,#12958,.F.);
#12958 = EDGE_CURVE('',#12121,#12959,#12961,.T.);
#12959 = VERTEX_POINT('',#12960);
#12960 = CARTESIAN_POINT('',(58.,99.8,27.6));
#12961 = LINE('',#12962,#12963);
#12962 = CARTESIAN_POINT('',(58.,99.8,31.));
#12963 = VECTOR('',#12964,1.);
#12964 = DIRECTION('',(0.,0.,-1.));
#12965 = ORIENTED_EDGE('',*,*,#12120,.T.);
#12966 = ORIENTED_EDGE('',*,*,#12958,.T.);
#12967 = ORIENTED_EDGE('',*,*,#12968,.F.);
#12968 = EDGE_CURVE('',#12959,#12959,#12969,.T.);
#12969 = CIRCLE('',#12970,3.);
#12970 = AXIS2_PLACEMENT_3D('',#12971,#12972,#12973);
#12971 = CARTESIAN_POINT('',(55.,99.8,27.6));
#12972 = DIRECTION('',(0.,0.,1.));
#12973 = DIRECTION('',(1.,0.,0.));
#12974 = CYLINDRICAL_SURFACE('',#12975,3.);
#12975 = AXIS2_PLACEMENT_3D('',#12976,#12977,#12978);
#12976 = CARTESIAN_POINT('',(55.,99.8,31.));
#12977 = DIRECTION('',(-0.,-0.,-1.));
#12978 = DIRECTION('',(1.,0.,0.));
#12979 = ADVANCED_FACE('',(#12980),#12999,.T.);
#12980 = FACE_BOUND('',#12981,.F.);
#12981 = EDGE_LOOP('',(#12982,#12990,#12991,#12992));
#12982 = ORIENTED_EDGE('',*,*,#12983,.F.);
#12983 = EDGE_CURVE('',#12537,#12984,#12986,.T.);
#12984 = VERTEX_POINT('',#12985);
#12985 = CARTESIAN_POINT('',(60.,99.8,4.595));
#12986 = LINE('',#12987,#12988);
#12987 = CARTESIAN_POINT('',(60.,99.8,27.35));
#12988 = VECTOR('',#12989,1.);
#12989 = DIRECTION('',(0.,0.,-1.));
#12990 = ORIENTED_EDGE('',*,*,#12536,.F.);
#12991 = ORIENTED_EDGE('',*,*,#12983,.T.);
#12992 = ORIENTED_EDGE('',*,*,#12993,.F.);
#12993 = EDGE_CURVE('',#12984,#12984,#12994,.T.);
#12994 = CIRCLE('',#12995,5.);
#12995 = AXIS2_PLACEMENT_3D('',#12996,#12997,#12998);
#12996 = CARTESIAN_POINT('',(55.,99.8,4.595));
#12997 = DIRECTION('',(0.,0.,1.));
#12998 = DIRECTION('',(1.,0.,0.));
#12999 = CYLINDRICAL_SURFACE('',#13000,5.);
#13000 = AXIS2_PLACEMENT_3D('',#13001,#13002,#13003);
#13001 = CARTESIAN_POINT('',(55.,99.8,27.35));
#13002 = DIRECTION('',(0.,0.,1.));
#13003 = DIRECTION('',(1.,0.,0.));
#13004 = ADVANCED_FACE('',(#13005),#13024,.T.);
#13005 = FACE_BOUND('',#13006,.F.);
#13006 = EDGE_LOOP('',(#13007,#13015,#13016,#13017));
#13007 = ORIENTED_EDGE('',*,*,#13008,.F.);
#13008 = EDGE_CURVE('',#12548,#13009,#13011,.T.);
#13009 = VERTEX_POINT('',#13010);
#13010 = CARTESIAN_POINT('',(20.,99.8,4.595));
#13011 = LINE('',#13012,#13013);
#13012 = CARTESIAN_POINT('',(20.,99.8,27.35));
#13013 = VECTOR('',#13014,1.);
#13014 = DIRECTION('',(0.,0.,-1.));
#13015 = ORIENTED_EDGE('',*,*,#12547,.F.);
#13016 = ORIENTED_EDGE('',*,*,#13008,.T.);
#13017 = ORIENTED_EDGE('',*,*,#13018,.F.);
#13018 = EDGE_CURVE('',#13009,#13009,#13019,.T.);
#13019 = CIRCLE('',#13020,5.);
#13020 = AXIS2_PLACEMENT_3D('',#13021,#13022,#13023);
#13021 = CARTESIAN_POINT('',(15.,99.8,4.595));
#13022 = DIRECTION('',(0.,0.,1.));
#13023 = DIRECTION('',(1.,0.,0.));
#13024 = CYLINDRICAL_SURFACE('',#13025,5.);
#13025 = AXIS2_PLACEMENT_3D('',#13026,#13027,#13028);
#13026 = CARTESIAN_POINT('',(15.,99.8,27.35));
#13027 = DIRECTION('',(0.,0.,1.));
#13028 = DIRECTION('',(1.,0.,0.));
#13029 = ADVANCED_FACE('',(#13030,#13033),#13036,.T.);
#13030 = FACE_BOUND('',#13031,.T.);
#13031 = EDGE_LOOP('',(#13032));
#13032 = ORIENTED_EDGE('',*,*,#12918,.T.);
#13033 = FACE_BOUND('',#13034,.T.);
#13034 = EDGE_LOOP('',(#13035));
#13035 = ORIENTED_EDGE('',*,*,#12613,.F.);
#13036 = PLANE('',#13037);
#13037 = AXIS2_PLACEMENT_3D('',#13038,#13039,#13040);
#13038 = CARTESIAN_POINT('',(55.1,109.,17.6));
#13039 = DIRECTION('',(0.,1.,-2.2E-16));
#13040 = DIRECTION('',(1.,0.,0.));
#13041 = ADVANCED_FACE('',(#13042,#13045),#13048,.T.);
#13042 = FACE_BOUND('',#13043,.T.);
#13043 = EDGE_LOOP('',(#13044));
#13044 = ORIENTED_EDGE('',*,*,#12893,.T.);
#13045 = FACE_BOUND('',#13046,.T.);
#13046 = EDGE_LOOP('',(#13047));
#13047 = ORIENTED_EDGE('',*,*,#12774,.F.);
#13048 = PLANE('',#13049);
#13049 = AXIS2_PLACEMENT_3D('',#13050,#13051,#13052);
#13050 = CARTESIAN_POINT('',(14.9,109.,17.6));
#13051 = DIRECTION('',(0.,1.,-2.2E-16));
#13052 = DIRECTION('',(1.,0.,0.));
#13053 = ADVANCED_FACE('',(#13054,#13057),#13068,.T.);
#13054 = FACE_BOUND('',#13055,.T.);
#13055 = EDGE_LOOP('',(#13056));
#13056 = ORIENTED_EDGE('',*,*,#12943,.T.);
#13057 = FACE_BOUND('',#13058,.T.);
#13058 = EDGE_LOOP('',(#13059));
#13059 = ORIENTED_EDGE('',*,*,#13060,.F.);
#13060 = EDGE_CURVE('',#13061,#13061,#13063,.T.);
#13061 = VERTEX_POINT('',#13062);
#13062 = CARTESIAN_POINT('',(16.7,99.8,27.6));
#13063 = CIRCLE('',#13064,1.7);
#13064 = AXIS2_PLACEMENT_3D('',#13065,#13066,#13067);
#13065 = CARTESIAN_POINT('',(15.,99.8,27.6));
#13066 = DIRECTION('',(0.,0.,1.));
#13067 = DIRECTION('',(1.,0.,0.));
#13068 = PLANE('',#13069);
#13069 = AXIS2_PLACEMENT_3D('',#13070,#13071,#13072);
#13070 = CARTESIAN_POINT('',(15.,99.8,27.6));
#13071 = DIRECTION('',(0.,0.,1.));
#13072 = DIRECTION('',(1.,0.,0.));
#13073 = ADVANCED_FACE('',(#13074,#13077),#13088,.T.);
#13074 = FACE_BOUND('',#13075,.T.);
#13075 = EDGE_LOOP('',(#13076));
#13076 = ORIENTED_EDGE('',*,*,#12968,.T.);
#13077 = FACE_BOUND('',#13078,.T.);
#13078 = EDGE_LOOP('',(#13079));
#13079 = ORIENTED_EDGE('',*,*,#13080,.F.);
#13080 = EDGE_CURVE('',#13081,#13081,#13083,.T.);
#13081 = VERTEX_POINT('',#13082);
#13082 = CARTESIAN_POINT('',(56.7,99.8,27.6));
#13083 = CIRCLE('',#13084,1.7);
#13084 = AXIS2_PLACEMENT_3D('',#13085,#13086,#13087);
#13085 = CARTESIAN_POINT('',(55.,99.8,27.6));
#13086 = DIRECTION('',(0.,0.,1.));
#13087 = DIRECTION('',(1.,0.,0.));
#13088 = PLANE('',#13089);
#13089 = AXIS2_PLACEMENT_3D('',#13090,#13091,#13092);
#13090 = CARTESIAN_POINT('',(55.,99.8,27.6));
#13091 = DIRECTION('',(0.,0.,1.));
#13092 = DIRECTION('',(1.,0.,0.));
#13093 = ADVANCED_FACE('',(#13094,#13097),#13108,.T.);
#13094 = FACE_BOUND('',#13095,.T.);
#13095 = EDGE_LOOP('',(#13096));
#13096 = ORIENTED_EDGE('',*,*,#12993,.F.);
#13097 = FACE_BOUND('',#13098,.T.);
#13098 = EDGE_LOOP('',(#13099));
#13099 = ORIENTED_EDGE('',*,*,#13100,.F.);
#13100 = EDGE_CURVE('',#13101,#13101,#13103,.T.);
#13101 = VERTEX_POINT('',#13102);
#13102 = CARTESIAN_POINT('',(56.7,99.8,4.595));
#13103 = CIRCLE('',#13104,1.7);
#13104 = AXIS2_PLACEMENT_3D('',#13105,#13106,#13107);
#13105 = CARTESIAN_POINT('',(55.,99.8,4.595));
#13106 = DIRECTION('',(0.,0.,-1.));
#13107 = DIRECTION('',(1.,0.,0.));
#13108 = PLANE('',#13109);
#13109 = AXIS2_PLACEMENT_3D('',#13110,#13111,#13112);
#13110 = CARTESIAN_POINT('',(40.,-175.1182354756,4.595));
#13111 = DIRECTION('',(0.,0.,-1.));
#13112 = DIRECTION('',(0.,-1.,0.));
#13113 = ADVANCED_FACE('',(#13114,#13117),#13128,.T.);
#13114 = FACE_BOUND('',#13115,.T.);
#13115 = EDGE_LOOP('',(#13116));
#13116 = ORIENTED_EDGE('',*,*,#13018,.F.);
#13117 = FACE_BOUND('',#13118,.T.);
#13118 = EDGE_LOOP('',(#13119));
#13119 = ORIENTED_EDGE('',*,*,#13120,.F.);
#13120 = EDGE_CURVE('',#13121,#13121,#13123,.T.);
#13121 = VERTEX_POINT('',#13122);
#13122 = CARTESIAN_POINT('',(16.7,99.8,4.595));
#13123 = CIRCLE('',#13124,1.7);
#13124 = AXIS2_PLACEMENT_3D('',#13125,#13126,#13127);
#13125 = CARTESIAN_POINT('',(15.,99.8,4.595));
#13126 = DIRECTION('',(0.,0.,-1.));
#13127 = DIRECTION('',(1.,0.,0.));
#13128 = PLANE('',#13129);
#13129 = AXIS2_PLACEMENT_3D('',#13130,#13131,#13132);
#13130 = CARTESIAN_POINT('',(40.,-175.1182354756,4.595));
#13131 = DIRECTION('',(0.,0.,-1.));
#13132 = DIRECTION('',(0.,-1.,0.));
#13133 = ADVANCED_FACE('',(#13134),#13145,.F.);
#13134 = FACE_BOUND('',#13135,.T.);
#13135 = EDGE_LOOP('',(#13136,#13142,#13143,#13144));
#13136 = ORIENTED_EDGE('',*,*,#13137,.F.);
#13137 = EDGE_CURVE('',#13061,#13121,#13138,.T.);
#13138 = LINE('',#13139,#13140);
#13139 = CARTESIAN_POINT('',(16.7,99.8,27.6));
#13140 = VECTOR('',#13141,1.);
#13141 = DIRECTION('',(-6.E-17,0.,-1.));
#13142 = ORIENTED_EDGE('',*,*,#13060,.T.);
#13143 = ORIENTED_EDGE('',*,*,#13137,.T.);
#13144 = ORIENTED_EDGE('',*,*,#13120,.T.);
#13145 = CYLINDRICAL_SURFACE('',#13146,1.7);
#13146 = AXIS2_PLACEMENT_3D('',#13147,#13148,#13149);
#13147 = CARTESIAN_POINT('',(15.,99.8,27.6));
#13148 = DIRECTION('',(-0.,-0.,-1.));
#13149 = DIRECTION('',(1.,0.,0.));
#13150 = ADVANCED_FACE('',(#13151),#13162,.F.);
#13151 = FACE_BOUND('',#13152,.T.);
#13152 = EDGE_LOOP('',(#13153,#13159,#13160,#13161));
#13153 = ORIENTED_EDGE('',*,*,#13154,.F.);
#13154 = EDGE_CURVE('',#13081,#13101,#13155,.T.);
#13155 = LINE('',#13156,#13157);
#13156 = CARTESIAN_POINT('',(56.7,99.8,27.6));
#13157 = VECTOR('',#13158,1.);
#13158 = DIRECTION('',(-6.E-17,0.,-1.));
#13159 = ORIENTED_EDGE('',*,*,#13080,.T.);
#13160 = ORIENTED_EDGE('',*,*,#13154,.T.);
#13161 = ORIENTED_EDGE('',*,*,#13100,.T.);
#13162 = CYLINDRICAL_SURFACE('',#13163,1.7);
#13163 = AXIS2_PLACEMENT_3D('',#13164,#13165,#13166);
#13164 = CARTESIAN_POINT('',(55.,99.8,27.6));
#13165 = DIRECTION('',(-0.,-0.,-1.));
#13166 = DIRECTION('',(1.,0.,0.));
#13167 = ( GEOMETRIC_REPRESENTATION_CONTEXT(3) 
GLOBAL_UNCERTAINTY_ASSIGNED_CONTEXT((#13171)) 
GLOBAL_UNIT_ASSIGNED_CONTEXT((#13168,#13169,#13170)) 
REPRESENTATION_CONTEXT('Context #1',
  '3D Context with UNIT and UNCERTAINTY') );
#13168 = ( LENGTH_UNIT() NAMED_UNIT(*) SI_UNIT(.MILLI.,.METRE.) );
#13169 = ( NAMED_UNIT(*) PLANE_ANGLE_UNIT() SI_UNIT($,.RADIAN.) );
#13170 = ( NAMED_UNIT(*) SI_UNIT($,.STERADIAN.) SOLID_ANGLE_UNIT() );
#13171 = UNCERTAINTY_MEASURE_WITH_UNIT(LENGTH_MEASURE(2.E-05),#13168,
  'distance_accuracy_value','confusion accuracy');
#13172 = CONTEXT_DEPENDENT_SHAPE_REPRESENTATION(#13173,#13175);
#13173 = ( REPRESENTATION_RELATIONSHIP('','',#10704,#10) 
REPRESENTATION_RELATIONSHIP_WITH_TRANSFORMATION(#13174) 
SHAPE_REPRESENTATION_RELATIONSHIP() );
#13174 = ITEM_DEFINED_TRANSFORMATION('','',#11,#39);
#13175 = PRODUCT_DEFINITION_SHAPE('Placement','Placement of an item',
  #13176);
#13176 = NEXT_ASSEMBLY_USAGE_OCCURRENCE('7','Body007','',#5,#10699,$);
#13177 = PRODUCT_RELATED_PRODUCT_CATEGORY('part',$,(#10701));
#13178 = MECHANICAL_DESIGN_GEOMETRIC_PRESENTATION_REPRESENTATION('',(
    #13179),#10686);
#13179 = STYLED_ITEM('color',(#13180),#9355);
#13180 = PRESENTATION_STYLE_ASSIGNMENT((#13181,#13187));
#13181 = SURFACE_STYLE_USAGE(.BOTH.,#13182);
#13182 = SURFACE_SIDE_STYLE('',(#13183));
#13183 = SURFACE_STYLE_FILL_AREA(#13184);
#13184 = FILL_AREA_STYLE('',(#13185));
#13185 = FILL_AREA_STYLE_COLOUR('',#13186);
#13186 = COLOUR_RGB('',0.882352934796,0.670588257465,0.72156863771);
#13187 = CURVE_STYLE('',#13188,POSITIVE_LENGTH_MEASURE(0.1),#13189);
#13188 = DRAUGHTING_PRE_DEFINED_CURVE_FONT('continuous');
#13189 = COLOUR_RGB('',9.803921802644E-02,9.803921802644E-02,
  9.803921802644E-02);
#13190 = MECHANICAL_DESIGN_GEOMETRIC_PRESENTATION_REPRESENTATION('',(
    #13191),#9336);
#13191 = STYLED_ITEM('color',(#13192),#7669);
#13192 = PRESENTATION_STYLE_ASSIGNMENT((#13193,#13199));
#13193 = SURFACE_STYLE_USAGE(.BOTH.,#13194);
#13194 = SURFACE_SIDE_STYLE('',(#13195));
#13195 = SURFACE_STYLE_FILL_AREA(#13196);
#13196 = FILL_AREA_STYLE('',(#13197));
#13197 = FILL_AREA_STYLE_COLOUR('',#13198);
#13198 = COLOUR_RGB('',0.647058850868,0.482352940689,0.309803934418);
#13199 = CURVE_STYLE('',#13200,POSITIVE_LENGTH_MEASURE(0.1),#13189);
#13200 = DRAUGHTING_PRE_DEFINED_CURVE_FONT('continuous');
#13201 = MECHANICAL_DESIGN_GEOMETRIC_PRESENTATION_REPRESENTATION('',(
    #13202),#5091);
#13202 = STYLED_ITEM('color',(#13203),#57);
#13203 = PRESENTATION_STYLE_ASSIGNMENT((#13204,#13210));
#13204 = SURFACE_STYLE_USAGE(.BOTH.,#13205);
#13205 = SURFACE_SIDE_STYLE('',(#13206));
#13206 = SURFACE_STYLE_FILL_AREA(#13207);
#13207 = FILL_AREA_STYLE('',(#13208));
#13208 = FILL_AREA_STYLE_COLOUR('',#13209);
#13209 = COLOUR_RGB('',0.823529417451,0.862745115625,0.921568637116);
#13210 = CURVE_STYLE('',#13211,POSITIVE_LENGTH_MEASURE(0.1),#13189);
#13211 = DRAUGHTING_PRE_DEFINED_CURVE_FONT('continuous');
#13212 = MECHANICAL_DESIGN_GEOMETRIC_PRESENTATION_REPRESENTATION('',(
    #13213),#7650);
#13213 = STYLED_ITEM('color',(#13214),#6816);
#13214 = PRESENTATION_STYLE_ASSIGNMENT((#13215,#13221));
#13215 = SURFACE_STYLE_USAGE(.BOTH.,#13216);
#13216 = SURFACE_SIDE_STYLE('',(#13217));
#13217 = SURFACE_STYLE_FILL_AREA(#13218);
#13218 = FILL_AREA_STYLE('',(#13219));
#13219 = FILL_AREA_STYLE_COLOUR('',#13220);
#13220 = COLOUR_RGB('',0.72156863771,0.878431390252,0.176470590079);
#13221 = CURVE_STYLE('',#13222,POSITIVE_LENGTH_MEASURE(0.1),#13189);
#13222 = DRAUGHTING_PRE_DEFINED_CURVE_FONT('continuous');
#13223 = MECHANICAL_DESIGN_GEOMETRIC_PRESENTATION_REPRESENTATION('',(
    #13224),#5944);
#13224 = STYLED_ITEM('color',(#13225),#5110);
#13225 = PRESENTATION_STYLE_ASSIGNMENT((#13226,#13232));
#13226 = SURFACE_STYLE_USAGE(.BOTH.,#13227);
#13227 = SURFACE_SIDE_STYLE('',(#13228));
#13228 = SURFACE_STYLE_FILL_AREA(#13229);
#13229 = FILL_AREA_STYLE('',(#13230));
#13230 = FILL_AREA_STYLE_COLOUR('',#13231);
#13231 = COLOUR_RGB('',0.258823539696,0.219607846375,0.670588257465);
#13232 = CURVE_STYLE('',#13233,POSITIVE_LENGTH_MEASURE(0.1),#13189);
#13233 = DRAUGHTING_PRE_DEFINED_CURVE_FONT('continuous');
#13234 = MECHANICAL_DESIGN_GEOMETRIC_PRESENTATION_REPRESENTATION('',(
    #13235),#6797);
#13235 = STYLED_ITEM('color',(#13236),#5963);
#13236 = PRESENTATION_STYLE_ASSIGNMENT((#13237,#13243));
#13237 = SURFACE_STYLE_USAGE(.BOTH.,#13238);
#13238 = SURFACE_SIDE_STYLE('',(#13239));
#13239 = SURFACE_STYLE_FILL_AREA(#13240);
#13240 = FILL_AREA_STYLE('',(#13241));
#13241 = FILL_AREA_STYLE_COLOUR('',#13242);
#13242 = COLOUR_RGB('',0.321568635616,7.843137629354E-02,0.760784316928
  );
#13243 = CURVE_STYLE('',#13244,POSITIVE_LENGTH_MEASURE(0.1),#13189);
#13244 = DRAUGHTING_PRE_DEFINED_CURVE_FONT('continuous');
#13245 = MECHANICAL_DESIGN_GEOMETRIC_PRESENTATION_REPRESENTATION('',(
    #13246),#13167);
#13246 = STYLED_ITEM('color',(#13247),#10705);
#13247 = PRESENTATION_STYLE_ASSIGNMENT((#13248,#13254));
#13248 = SURFACE_STYLE_USAGE(.BOTH.,#13249);
#13249 = SURFACE_SIDE_STYLE('',(#13250));
#13250 = SURFACE_STYLE_FILL_AREA(#13251);
#13251 = FILL_AREA_STYLE('',(#13252));
#13252 = FILL_AREA_STYLE_COLOUR('',#13253);
#13253 = COLOUR_RGB('',0.580392170981,0.494117641438,0.584313743644);
#13254 = CURVE_STYLE('',#13255,POSITIVE_LENGTH_MEASURE(0.1),#13189);
#13255 = DRAUGHTING_PRE_DEFINED_CURVE_FONT('continuous');
ENDSEC;
END-ISO-10303-21;
